Workbook

Sheet Monetary aggregates
A1: Monetary aggregates*, bln rbls | B1: Dec, 1992 | C1: Jan, 1993 | D1: Feb, 1993 | E1: Mar, 1993 | F1: Apr, 1993 | G1: May, 1993 | H1: Jun, 1993 | I1: Jul, 1993 | J1: Aug, 1993 | K1: Sep, 1993 | L1: Oct, 1993 | M1: Nov, 1993 | N1: Dec, 1993 | O1: Jan, 1994 | P1: Feb, 1994 | Q1: Mar, 1994 | R1: Apr, 1994 | S1: May, 1994 | T1: Jun, 1994 | U1: Jul, 1994 | V1: Aug, 1994 | W1: Sep, 1994 | X1: Oct, 1994 | Y1: Nov, 1994 | Z1: Dec, 1994 | AA1: Jan, 1995 | AB1: Feb, 1995 | AC1: Mar, 1995 | AD1: Apr, 1995 | AE1: May, 1995 | AF1: Jun, 1995 | AG1: Jul, 1995 | AH1: Aug, 1995 | AI1: Sep, 1995 | AJ1: Oct, 1995 | AK1: Nov, 1995 | AL1: Dec, 1995 | AM1: Jan, 1996 | AN1: Feb, 1996 | AO1: Mar, 1996 | AP1: Apr, 1996 | AQ1: May, 1996 | AR1: Jun, 1996 | AS1: Jul, 1996 | AT1: Aug, 1996 | AU1: Sep, 1996 | AV1: Oct, 1996 | AW1: Nov, 1996 | AX1: Dec, 1996 | AY1: Jan, 1997 | AZ1: Feb, 1997 | BA1: Mar, 1997 | BB1: Apr, 1997 | BC1: May, 1997 | BD1: Jun, 1997 | BE1: Jul, 1997 | BF1: Aug, 1997 | BG1: Sep, 1997 | BH1: Oct, 1997 | BI1: Nov, 1997 | BJ1: Dec, 1997 | BK1: Jan, 1998 | BL1: Feb, 1998 | BM1: Mar, 1998 | BN1: Apr, 1998 | BO1: May, 1998 | BP1: Jun, 1998 | BQ1: Jul, 1998 | BR1: Aug, 1998 | BS1: Sep, 1998 | BT1: Oct, 1998 | BU1: Nov, 1998 | BV1: Dec, 1998 | BW1: Jan, 1999 | BX1: Feb, 1999 | BY1: Mar, 1999 | BZ1: Apr, 1999 | CA1: May, 1999 | CB1: Jun, 1999 | CC1: Jul, 1999 | CD1: Aug, 1999 | CE1: Sep, 1999 | CF1: Oct, 1999 | CG1: Nov, 1999 | CH1: Dec, 1999 | CI1: Jan, 2000 | CJ1: Feb, 2000 | CK1: Mar, 2000 | CL1: Apr, 2000 | CM1: May, 2000 | CN1: Jun, 2000 | CO1: Jul, 2000 | CP1: Aug, 2000 | CQ1: Sep, 2000 | CR1: Oct, 2000 | CS1: Nov, 2000 | CT1: Dec, 2000 | CU1: Jan, 2001 | CV1: Feb, 2001 | CW1: Mar, 2001 | CX1: Apr, 2001 | CY1: May, 2001 | CZ1: Jun, 2001 | DA1: Jul, 2001 | DB1: Aug, 2001 | DC1: Sep, 2001 | DD1: Oct, 2001 | DE1: Nov, 2001 | DF1: Dec, 2001 | DG1: Jan, 2002 | DH1: Feb, 2002 | DI1: Mar, 2002 | DJ1: Apr, 2002 | DK1: May, 2002 | DL1: Jun, 2002 | DM1: Jul, 2002 | DN1: Aug, 2002 | DO1: Sep, 2002 | DP1: Oct, 2002 | DQ1: Nov, 2002 | DR1: Dec, 2002 | DS1: Jan, 2003 | DT1: Feb, 2003 | DU1: Mar, 2003 | DV1: Apr, 2003 | DW1: May, 2003 | DX1: Jun, 2003 | DY1: Jul, 2003 | DZ1: Aug, 2003 | EA1: Sep, 2003 | EB1: Oct, 2003 | EC1: Nov, 2003 | ED1: Dec, 2003 | EE1: Jan, 2004 | EF1: Feb, 2004 | EG1: Mar, 2004 | EH1: Apr, 2004 | EI1: May, 2004 | EJ1: Jun, 2004 | EK1: Jul, 2004 | EL1: Aug, 2004 | EM1: Sep, 2004 | EN1: Oct, 2004 | EO1: Nov, 2004 | EP1: Dec, 2004 | EQ1: Jan, 2005 | ER1: Feb, 2005 | ES1: Mar, 2005 | ET1: Apr, 2005 | EU1: May, 2005 | EV1: Jun, 2005 | EW1: Jul, 2005 | EX1: Aug, 2005 | EY1: Sep, 2005 | EZ1: Oct, 2005 | FA1: Nov, 2005 | FB1: Dec, 2005 | FC1: Jan, 2006 | FD1: Feb, 2006 | FE1: Mar, 2006 | FF1: Apr, 2006 | FG1: May, 2006 | FH1: Jun, 2006 | FI1: Jul, 2006 | FJ1: Aug, 2006 | FK1: Sep, 2006 | FL1: Oct, 2006 | FM1: Nov, 2006 | FN1: Dec, 2006 | FO1: Jan, 2007 | FP1: Feb, 2007 | FQ1: Mar, 2007 | FR1: Apr, 2007 | FS1: May, 2007 | FT1: Jun, 2007 | FU1: Jul, 2007 | FV1: Aug, 2007 | FW1: Sep, 2007 | FX1: Oct, 2007 | FY1: Nov, 2007 | FZ1: Dec, 2007 | GA1: Jan, 2008 | GB1: Feb, 2008 | GC1: Mar, 2008 | GD1: Apr, 2008 | GE1: May, 2008 | GF1: Jun, 2008 | GG1: Jul, 2008 | GH1: Aug, 2008 | GI1: Sep, 2008 | GJ1: Oct, 2008 | GK1: Nov, 2008 | GL1: Dec, 2008 | GM1: Jan, 2009 | GN1: Feb, 2009 | GO1: Mar, 2009 | GP1: Apr, 2009 | GQ1: May, 2009 | GR1: Jun, 2009 | GS1: Jul, 2009 | GT1: Aug, 2009 | GU1: Sep, 2009 | GV1: Oct, 2009 | GW1: Nov, 2009 | GX1: Dec, 2009 | GY1: Jan, 2010 | GZ1: Feb, 2010 | HA1: Mar, 2010 | HB1: Apr, 2010 | HC1: May, 2010 | HD1: Jun, 2010 | HE1: Jul, 2010 | HF1: Aug, 2010 | HG1: Sep, 2010 | HH1: Oct, 2010 | HI1: Nov, 2010 | HJ1: Dec, 2010 | HK1: Jan, 2011 | HL1: Feb, 2011 | HM1: Mar, 2011 | HN1: Apr, 2011 | HO1: May, 2011 | HP1: Jun, 2011 | HQ1: Jul, 2011 | HR1: Aug, 2011 | HS1: Sep, 2011 | HT1: Oct, 2011 | HU1: Nov, 2011 | HV1: Dec, 2011 | HW1: Jan, 2012 | HX1: Feb, 2012 | HY1: Mar, 2012 | HZ1: Apr, 2012 | IA1: May, 2012 | IB1: Jun, 2012 | IC1: Jul, 2012 | ID1: Aug, 2012 | IE1: Sep, 2012 | IF1: Oct, 2012 | IG1: Nov, 2012 | IH1: Dec, 2012 | II1: Jan, 2013 | IJ1: Feb, 2013 | IK1: Mar, 2013 | IL1: Apr, 2013 | IM1: May, 2013 | IN1: Jun, 2013 | IO1: Jul, 2013 | IP1: Aug, 2013 | IQ1: Sep, 2013 | IR1: Oct, 2013 | IS1: Nov, 2013 | IT1: Dec, 2013 | IU1: Jan, 2014 | IV1: Feb, 2014 | IW1: Mar, 2014 | IX1: Apr, 2014 | IY1: May, 2014 | IZ1: Jun, 2014 | JA1: Jul, 2014 | JB1: Aug, 2014 | JC1: Sep, 2014 | JD1: Oct, 2014 | JE1: Nov, 2014 | JF1: Dec, 2014 | JG1: Jan, 2015 | JH1: Feb, 2015 | JI1: Mar, 2015 | JJ1: Apr, 2015 | JK1: May, 2015 | JL1: Jun, 2015 | JM1: Jul, 2015 | JN1: Aug, 2015 | JO1: Sep, 2015 | JP1: Oct, 2015 | JQ1: Nov, 2015 | JR1: Dec, 2015 | JS1: Jan, 2016 | JT1: Feb, 2016 | JU1: Mar, 2016 | JV1: Apr, 2016 | JW1: May, 2016 | JX1: Jun, 2016 | JY1: Jul, 2016 | JZ1: Aug, 2016 | KA1: Sep, 2016 | KB1: Oct, 2016 | KC1: Nov, 2016 | KD1: Dec, 2016 | KE1: Jan, 2017 | KF1: Feb, 2017 | KG1: Mar, 2017 | KH1: Apr, 2017 | KI1: May, 2017 | KJ1: Jun, 2017 | KK1: Jul, 2017 | KL1: Aug, 2017 | KM1: Sep, 2017 | KN1: Oct, 2017 | KO1: Nov, 2017 | KP1: Dec, 2017 | KQ1: Jan, 2018 | KR1: Feb, 2018 | KS1: Mar, 2018 | KT1: Apr, 2018 | KU1: May, 2018 | KV1: Jun, 2018 | KW1: Jul, 2018 | KX1: Aug, 2018 | KY1: Sep, 2018 | KZ1: Oct, 2018 | LA1: Nov, 2018 | LB1: Dec, 2018 | LC1: Jan, 2019 | LD1: Feb, 2019 | LE1: Mar, 2019 | LF1: Apr, 2019 | LG1: May, 2019 | LH1: Jun, 2019 | LI1: Jul, 2019 | LJ1: Aug, 2019 | LK1: Sep, 2019 | LL1: Oct, 2019 | LM1: Nov, 2019 | LN1: Dec, 2019 | LO1: Jan, 2020 | LP1: Feb, 2020 | LQ1: Mar, 2020 | LR1: Apr, 2020 | LS1: May, 2020 | LT1: Jun, 2020 | LU1: Jul, 2020 | LV1: Aug, 2020 | LW1: Sep, 2020 | LX1: Oct, 2020 | LY1: Nov, 2020 | LZ1: Dec, 2020 | MA1: Jan, 2021 | MB1: Feb, 2021 | MC1: Mar, 2021 | MD1: Apr, 2021 | ME1: May, 2021 | MF1: Jun, 2021 | MG1: Jul, 2021 | MH1: Aug, 2021 | MI1: Sep, 2021 | MJ1: Oct, 2021 | MK1: Nov, 2021 | ML1: Dec, 2021 | MM1: Jan, 2022 | MN1: Feb, 2022 | MO1: Mar, 2022 | MP1: Apr, 2022 | MQ1: May, 2022 | MR1: Jun, 2022 | MS1: Jul, 2022 | MT1: Aug, 2022 | MU1: Sep, 2022 | MV1: Oct, 2022 | MW1: Nov, 2022 | MX1: Dec, 2022 | MY1: Jan, 2023 | MZ1: Feb, 2023 | NA1: Mar, 2023 | NB1: Apr, 2023 | NC1: May, 2023 | ND1: Jun, 2023 | NE1: Jul, 2023 | NF1: Aug, 2023 | NG1: Sep, 2023 | NH1: Oct, 2023 | NI1: Nov, 2023 | NJ1: Dec, 2023 | NK1: Jan, 2024 | NL1: Feb, 2024 | NM1: Mar, 2024 | NN1: Apr, 2024 | NO1: May, 2024 | NP1: Jun, 2024 | NQ1: Jul, 2024 | NR1: Aug, 2024 | NS1: Sep, 2024 | NT1: Oct, 2024 | NU1: Nov, 2024 | NV1: Dec, 2024 | NW1: Jan, 2025 | NX1: Feb, 2025 | NY1: Mar, 2025 | NZ1: Apr, 2025 | OA1: May, 2025 | OB1: Jun, 2025 | OC1: Jul, 2025 | OD1: Aug, 2025 | OE1: Sep, 2025 | OF1: Oct, 2025 | OG1: Nov, 2025 | OH1: Dec, 2025 | OI1: Jan, 2026 | OJ1: Feb, 2026 | OK1: Mar, 2026 | OL1: Apr, 2026 | OM1: May, 2026 | ON1: Jun, 2026 | OO1: Jul, 2026
A2: Monetary aggregate М0 | B2: 1.7 | C2: 1.9 | D2: 2.3 | E2: 2.6 | F2: 3.3 | G2: 4 | H2: 5.1 | I2: 6.3 | J2: 7.3 | K2: 8.4 | L2: 9.8 | M2: 11 | N2: 13.3 | O2: 13 | P2: 14.6 | Q2: 15.9 | R2: 19.4 | S2: 20.7 | T2: 23.8 | U2: 27 | V2: 27.9 | W2: 30 | X2: 30.5 | Y2: 31.9 | Z2: 36.5 | AA2: 30.7 | AB2: 33.3 | AC2: 35 | AD2: 41.8 | AE2: 45.9 | AF2: 55 | AG2: 59.6 | AH2: 63.2 | AI2: 66.7 | AJ2: 67.3 | AK2: 71.4 | AL2: 80.8 | AM2: 75.4 | AN2: 80.4 | AO2: 86.7 | AP2: 93.1 | AQ2: 93.7 | AR2: 104.4 | AS2: 102.8 | AT2: 101.1 | AU2: 96.2 | AV2: 94.4 | AW2: 95.8 | AX2: 103.8 | AY2: 96.4 | AZ2: 102.1 | BA2: 105.2 | BB2: 115.2 | BC2: 120.4 | BD2: 136.9 | BE2: 140.4 | BF2: 141.6 | BG2: 134.9 | BH2: 135.8 | BI2: 128.8 | BJ2: 130.3 | BK2: 116.6 | BL2: 120.3 | BM2: 119 | BN2: 128.5 | BO2: 129.7 | BP2: 129.7 | BQ2: 129.2 | BR2: 133.2 | BS2: 154 | BT2: 166.3 | BU2: 167.1 | BV2: 187.7 | BW2: 177.9 | BX2: 180.6 | BY2: 174 | BZ2: 195.1 | CA2: 205.1 | CB2: 216.2 | CC2: 218 | CD2: 216 | CE2: 212.6 | CF2: 221.8 | CG2: 218.9 | CH2: 266.1 | CI2: 232.5 | CJ2: 241.6 | CK2: 251.1 | CL2: 278.7 | CM2: 288.9 | CN2: 321.4 | CO2: 333.7 | CP2: 341.2 | CQ2: 350.5 | CR2: 349.3 | CS2: 357.9 | CT2: 418.9 | CU2: 379.7 | CV2: 387.6 | CW2: 399 | CX2: 435 | CY2: 438 | CZ2: 474.3 | DA2: 490.3 | DB2: 506.8 | DC2: 530.6 | DD2: 531 | DE2: 526.8 | DF2: 583.8 | DG2: 532.9 | DH2: 543.1 | DI2: 552.7 | DJ2: 609.9 | DK2: 607.2 | DL2: 645.7 | DM2: 659.5 | DN2: 678.8 | DO2: 672.3 | DP2: 675.6 | DQ2: 690.4 | DR2: 763.2 | DS2: 708.9 | DT2: 730.8 | DU2: 749.5 | DV2: 822.3 | DW2: 855.5 | DX2: 917 | DY2: 940.9 | DZ2: 966.3 | EA2: 957.1 | EB2: 975.8 | EC2: 1002.1 | ED2: 1147 | EE2: 1130.6 | EF2: 1164.1 | EG2: 1165.5 | EH2: 1230.1 | EI2: 1220.5 | EJ2: 1276.1 | EK2: 1315 | EL2: 1290.6 | EM2: 1293.7 | EN2: 1310.3 | EO2: 1332.7 | EP2: 1534.8 | EQ2: 1425.2 | ER2: 1444.1 | ES2: 1481.7 | ET2: 1565.8 | EU2: 1582.3 | EV2: 1650.7 | EW2: 1701.8 | EX2: 1703.3 | EY2: 1740.7 | EZ2: 1752 | FA2: 1765.8 | FB2: 2009.2 | FC2: 1875.6 | FD2: 1890.1 | FE2: 1928.8 | FF2: 2027.8 | FG2: 2096.9 | FH2: 2233.4 | FI2: 2290.3 | FJ2: 2351.6 | FK2: 2400.8 | FL2: 2402.2 | FM2: 2450.7 | FN2: 2785.2 | FO2: 2630.1 | FP2: 2682 | FQ2: 2741.2 | FR2: 2859.4 | FS2: 2896.6 | FT2: 3027.5 | FU2: 3087 | FV2: 3170.6 | FW2: 3220.9 | FX2: 3259.1 | FY2: 3373.4 | FZ2: 3702.2 | GA2: 3465.7 | GB2: 3487.6 | GC2: 3475.5 | GD2: 3601.4 | GE2: 3656.2 | GF2: 3724.9 | GG2: 3807.2 | GH2: 3887.4 | GI2: 3904.2 | GJ2: 3962.2 | GK2: 3793.1 | GL2: 3794.8 | GM2: 3312.7 | GN2: 3301.6 | GO2: 3278.3 | GP2: 3410.1 | GQ2: 3461.9 | GR2: 3522.5 | GS2: 3550.1 | GT2: 3506.6 | GU2: 3485.6 | GV2: 3566.7 | GW2: 3600.1 | GX2: 4038.1 | GY2: 3873.3 | GZ2: 3950 | HA2: 3986.1 | HB2: 4181 | HC2: 4240.3 | HD2: 4367.7 | HE2: 4467.3 | HF2: 4477.8 | HG2: 4524.5 | HH2: 4590 | HI2: 4621.5 | HJ2: 5062.7 | HK2: 4830.7 | HL2: 4898 | HM2: 4918.2 | HN2: 5071.3 | HO2: 5079.8 | HP2: 5192.2 | HQ2: 5306.6 | HR2: 5343 | HS2: 5420.4 | HT2: 5420.1 | HU2: 5475.2 | HV2: 5938.6 | HW2: 5670.7 | HX2: 5713 | HY2: 5704.3 | HZ2: 5831.5 | IA2: 5856.4 | IB2: 6003.9 | IC2: 5976.3 | ID2: 5980 | IE2: 5969.2 | IF2: 5931.3 | IG2: 5975.4 | IH2: 6430.1 | II2: 6078.9 | IJ2: 6140.9 | IK2: 6181.4 | IL2: 6353.5 | IM2: 6348.8 | IN2: 6470.3 | IO2: 6480.1 | IP2: 6509.8 | IQ2: 6414.4 | IR2: 6419 | IS2: 6564.1 | IT2: 6985.6 | IU2: 6663.1 | IV2: 6699.9 | IW2: 6608.2 | IX2: 6776.8 | IY2: 6763.1 | IZ2: 6762.2 | JA2: 6871.2 | JB2: 6964.1 | JC2: 6959.3 | JD2: 6907.6 | JE2: 6920 | JF2: 7171.5 | JG2: 6700.3 | JH2: 6671.9 | JI2: 6540.9 | JJ2: 6619.6 | JK2: 6576.8 | JL2: 6659.5 | JM2: 6759.5 | JN2: 6785.7 | JO2: 6744.9 | JP2: 6786.9 | JQ2: 6786.6 | JR2: 7239.1 | JS2: 7055.1 | JT2: 7149.8 | JU2: 7142.9 | JV2: 7301.5 | JW2: 7296.8 | JX2: 7372.7 | JY2: 7462.4 | JZ2: 7438.5 | KA2: 7412.2 | KB2: 7339.1 | KC2: 7317.2 | KD2: 7714.8 | KE2: 7543.7 | KF2: 7587.4 | KG2: 7610.3 | KH2: 7775.3 | KI2: 7813.3 | KJ2: 7946.9 | KK2: 8034.2 | KL2: 8066.8 | KM2: 8088.7 | KN2: 8070.7 | KO2: 8073.1 | KP2: 8446 | KQ2: 8162.6 | KR2: 8300 | KS2: 8441.6 | KT2: 8711.3 | KU2: 8771 | KV2: 8945.5 | KW2: 9052.2 | KX2: 9149.1 | KY2: 9137.8 | KZ2: 9047.6 | LA2: 8980.1 | LB2: 9339 | LC2: 8988.8 | LD2: 9028.7 | LE2: 8980.5 | LF2: 9112.7 | LG2: 9109.7 | LH2: 9192.8 | LI2: 9253.1 | LJ2: 9367.6 | LK2: 9411.9 | LL2: 9354.6 | LM2: 9394 | LN2: 9658.4 | LO2: 9489 | LP2: 9670.8 | LQ2: 10241 | LR2: 10912 | LS2: 11209.3 | LT2: 11516.4 | LU2: 11817.8 | LV2: 11951.3 | LW2: 12072.8 | LX2: 12157.7 | LY2: 12134.6 | LZ2: 12523.9 | MA2: 12429.1 | MB2: 12538.1 | MC2: 12569.7 | MD2: 12859.9 | ME2: 12752.3 | MF2: 12786.5 | MG2: 12938.7 | MH2: 12969.4 | MI2: 13087.2 | MJ2: 13020.6 | MK2: 12954.2 | ML2: 13200.4 | MM2: 13026.9 | MN2: 13913.4 | MO2: 13834.3 | MP2: 13518.4 | MQ2: 13233.5 | MR2: 13293.1 | MS2: 13390.8 | MT2: 13481.8 | MU2: 14175 | MV2: 14669.8 | MW2: 14740.3 | MX2: 15435.7 | MY2: 15361.2 | MZ2: 15576.6 | NA2: 15819.6 | NB2: 16242 | NC2: 16485.5 | ND2: 16920.5 | NE2: 17246 | NF2: 17377.5 | NG2: 17349.6 | NH2: 17214.1 | NI2: 16873 | NJ2: 17134 | NK2: 16756.4 | NL2: 16708.8 | NM2: 16622.3 | NN2: 16738.2 | NO2: 16750.9 | NP2: 16705.8 | NQ2: 16782.1 | NR2: 16801.4 | NS2: 16797.4 | NT2: 16795.7 | NU2: 16730.6 | NV2: 17274 | NW2: 16807.3 | NX2: 16635.3 | NY2: 16396.8 | NZ2: 16539.3 | OA2: 16506.8 | OB2: 16701.5 | OC2: 16938.9 | OD2: 17154.3 | OE2: 17275.9 | OF2: 17406.2 | OG2: 17488.3 | OH2: 18234.2 | OI2: 17853.9 | OJ2: 18095.2 | OK2: 18390.6 | OL2: 19002.1 | OM2: 19390.8 | ON2: 19793.9 | OO2: 20366.4
A3: Transferable deposits in rubles | CT3: 450.5 | CU3: 426.1 | CV3: 433.8 | CW3: 453.5 | CX3: 478.3 | CY3: 495.9 | CZ3: 507.2 | DA3: 518.3 | DB3: 527.2 | DC3: 536.7 | DD3: 547.2 | DE3: 524.7 | DF3: 600.2 | DG3: 538.9 | DH3: 534 | DI3: 548.3 | DJ3: 530.7 | DK3: 592.1 | DL3: 603.5 | DM3: 604.5 | DN3: 596.2 | DO3: 621.8 | DP3: 635.4 | DQ3: 643.1 | DR3: 728.1 | DS3: 674.1 | DT3: 696.1 | DU3: 752.5 | DV3: 754.5 | DW3: 813.5 | DX3: 888.1 | DY3: 849.7 | DZ3: 860.3 | EA3: 897.4 | EB3: 858.7 | EC3: 879.5 | ED3: 1018.1 | EE3: 976.4 | EF3: 1010.5 | EG3: 1055.9 | EH3: 1002.2 | EI3: 1040.5 | EJ3: 1120.4 | EK3: 1038.8 | EL3: 1060.1 | EM3: 1101 | EN3: 1108.7 | EO3: 1181 | EP3: 1296.7 | EQ3: 1230.3 | ER3: 1296.9 | ES3: 1356.4 | ET3: 1318.3 | EU3: 1361.7 | EV3: 1468.6 | EW3: 1434.3 | EX3: 1509.6 | EY3: 1603.8 | EZ3: 1560 | FA3: 1620.6 | FB3: 1829.4 | FC3: 1755.9 | FD3: 1768.7 | FE3: 1898.1 | FF3: 1896 | FG3: 2075.2 | FH3: 2206.2 | FI3: 2177 | FJ3: 2258.5 | FK3: 2421.3 | FL3: 2329.5 | FM3: 2405 | FN3: 2779 | FO3: 2640.5 | FP3: 2658.8 | FQ3: 2993.2 | FR3: 3257.9 | FS3: 3792.1 | FT3: 3612.4 | FU3: 3547.9 | FV3: 3602.4 | FW3: 3831.2 | FX3: 3408.3 | FY3: 3501 | FZ3: 3868 | GA3: 3833.5 | GB3: 3764.1 | GC3: 3921 | GD3: 3624.3 | GE3: 3806.4 | GF3: 4136.8 | GG3: 3927.9 | GH3: 4037 | GI3: 4103.5 | GJ3: 3638.2 | GK3: 3772.7 | GL3: 3858.6 | GM3: 3325.5 | GN3: 3254.6 | GO3: 3304.9 | GP3: 3276.3 | GQ3: 3455.3 | GR3: 3679.6 | GS3: 3538.5 | GT3: 3678.2 | GU3: 3819.7 | GV3: 3742.1 | GW3: 3876.2 | GX3: 4287.6 | GY3: 4168.2 | GZ3: 4275.4 | HA3: 4352.1 | HB3: 4335.8 | HC3: 4527.3 | HD3: 4681.4 | HE3: 4602.8 | HF3: 4763.7 | HG3: 4922.6 | HH3: 4884.9 | HI3: 5106.3 | HJ3: 5797.1 | HK3: 5574.7 | HL3: 5650 | HM3: 5571.2 | HN3: 5435.6 | HO3: 5492.6 | HP3: 5769.2 | HQ3: 5656.1 | HR3: 5755.1 | HS3: 5938.8 | HT3: 5710.7 | HU3: 5878.9 | HV3: 6818.3 | HW3: 6525.5 | HX3: 6485.8 | HY3: 6505.7 | HZ3: 6325.7 | IA3: 6358.7 | IB3: 6563.2 | IC3: 6405.5 | ID3: 6195.7 | IE3: 6362.3 | IF3: 6247.1 | IG3: 6326.2 | IH3: 7264 | II3: 7028.6 | IJ3: 7049.2 | IK3: 7212.1 | IL3: 6919.9 | IM3: 7035.1 | IN3: 7513.3 | IO3: 7522.5 | IP3: 7334 | IQ3: 7426.8 | IR3: 7259.9 | IS3: 7506 | IT3: 8526.3 | IU3: 8031.8 | IV3: 8271.5 | IW3: 8134.9 | IX3: 7999.7 | IY3: 7937.1 | IZ3: 8177.3 | JA3: 7920.1 | JB3: 7820.2 | JC3: 7787.7 | JD3: 7352.5 | JE3: 7801 | JF3: 8170 | JG3: 8254.9 | JH3: 8249.1 | JI3: 8208.9 | JJ3: 8134 | JK3: 8246.3 | JL3: 8364.8 | JM3: 8204 | JN3: 8392.8 | JO3: 8236.3 | JP3: 8001.6 | JQ3: 8462.9 | JR3: 9276.4 | JS3: 8852.2 | JT3: 8943.8 | JU3: 9259.1 | JV3: 9009 | JW3: 9439.4 | JX3: 9477.4 | JY3: 9184.8 | JZ3: 9258.9 | KA3: 9111.5 | KB3: 9155.2 | KC3: 9266.7 | KD3: 9927.6 | KE3: 9782.1 | KF3: 9909.6 | KG3: 9695.9 | KH3: 9512.5 | KI3: 9872.6 | KJ3: 10093.5 | KK3: 10024.2 | KL3: 10010 | KM3: 9920.4 | KN3: 10067.4 | KO3: 10294.9 | KP3: 11062.8 | KQ3: 10702.4 | KR3: 10950.2 | KS3: 10905.2 | KT3: 11048.5 | KU3: 11307.3 | KV3: 11658.9 | KW3: 11618.5 | KX3: 11448.4 | KY3: 11437 | KZ3: 11438.7 | LA3: 11594 | LB3: 12285.1 | LC3: 11761.5 | LD3: 11917.5 | LE3: 11830.4 | LF3: 12062.7 | LG3: 11980.3 | LH3: 12524.8 | LI3: 12492.2 | LJ3: 12588.4 | LK3: 13018.3 | LL3: 12782.3 | LM3: 13135.4 | LN3: 14203.3 | LO3: 13868.8 | LP3: 14353.4 | LQ3: 14895.4 | LR3: 15079.4 | LS3: 15262.1 | LT3: 16300.9 | LU3: 16270.4 | LV3: 17076.1 | LW3: 17440.6 | LX3: 17464.6 | LY3: 18260.2 | LZ3: 19261.7 | MA3: 19091.2 | MB3: 19619.8 | MC3: 19628.5 | MD3: 20170.4 | ME3: 20524.4 | MF3: 20967.2 | MG3: 20580.5 | MH3: 20790.9 | MI3: 20851.1 | MJ3: 20781.1 | MK3: 21590.4 | ML3: 22808.3 | MM3: 22870.1 | MN3: 23335 | MO3: 21038.4 | MP3: 20751 | MQ3: 21486.9 | MR3: 23164.8 | MS3: 24254.9 | MT3: 25533.8 | MU3: 26426.6 | MV3: 26653.1 | MW3: 26744.3 | MX3: 28582.8 | MY3: 29603.3 | MZ3: 30044.4 | NA3: 29530.7 | NB3: 29516.9 | NC3: 31033.9 | ND3: 31527 | NE3: 32271.2 | NF3: 32333.3 | NG3: 31635 | NH3: 31415.9 | NI3: 31010.3 | NJ3: 32551.8 | NK3: 31838.8 | NL3: 32659.9 | NM3: 32715.6 | NN3: 33381.3 | NO3: 33236.2 | NP3: 33570.7 | NQ3: 34316.2 | NR3: 33795 | NS3: 34034.3 | NT3: 32796.2 | NU3: 31799.2 | NV3: 34441.5 | NW3: 34257.5 | NX3: 34951.4 | NY3: 34738.1 | NZ3: 34491.7 | OA3: 34875.1 | OB3: 35709.9 | OC3: 35597.2 | OD3: 35728 | OE3: 35743.9 | OF3: 36023.6 | OG3: 36439.6 | OH3: 37679.9 | OI3: 37034 | OJ3: 38550.8 | OK3: 38960 | OL3: 39823.6 | OM3: 40634.3 | ON3: 41519.1 | OO3: 41024.1
A4: Transferable deposits of other financial corporations | CT4: 12.8 | CU4: 15 | CV4: 12 | CW4: 15.4 | CX4: 11.7 | CY4: 15.7 | CZ4: 14.5 | DA4: 12.3 | DB4: 12.3 | DC4: 15.1 | DD4: 16.5 | DE4: 16 | DF4: 21.1 | DG4: 15.7 | DH4: 17.3 | DI4: 21.2 | DJ4: 16.1 | DK4: 22.4 | DL4: 21.2 | DM4: 20.7 | DN4: 17.7 | DO4: 25.6 | DP4: 24.2 | DQ4: 23.5 | DR4: 39.5 | DS4: 20.7 | DT4: 22 | DU4: 36.1 | DV4: 27.9 | DW4: 30 | DX4: 75.9 | DY4: 31.6 | DZ4: 32.1 | EA4: 52.2 | EB4: 35.1 | EC4: 33.4 | ED4: 74.9 | EE4: 54.9 | EF4: 58.5 | EG4: 82 | EH4: 59.3 | EI4: 47 | EJ4: 96.7 | EK4: 51 | EL4: 46.8 | EM4: 62.5 | EN4: 56 | EO4: 63.8 | EP4: 99.5 | EQ4: 74.5 | ER4: 78 | ES4: 86.2 | ET4: 66.1 | EU4: 59.5 | EV4: 99.6 | EW4: 70.2 | EX4: 80.7 | EY4: 119.7 | EZ4: 92 | FA4: 91.4 | FB4: 144 | FC4: 111 | FD4: 109.8 | FE4: 137.6 | FF4: 117.1 | FG4: 139.4 | FH4: 175.5 | FI4: 121.1 | FJ4: 135.3 | FK4: 174.4 | FL4: 124 | FM4: 122.4 | FN4: 187.7 | FO4: 164.4 | FP4: 164.3 | FQ4: 225.9 | FR4: 177.2 | FS4: 182.5 | FT4: 246.8 | FU4: 178.8 | FV4: 165.9 | FW4: 241.9 | FX4: 222 | FY4: 188.3 | FZ4: 250.8 | GA4: 232.9 | GB4: 205.4 | GC4: 274.4 | GD4: 208.2 | GE4: 229.2 | GF4: 288.2 | GG4: 207 | GH4: 209.3 | GI4: 310 | GJ4: 206.2 | GK4: 401.2 | GL4: 306.7 | GM4: 246.3 | GN4: 227.1 | GO4: 239.2 | GP4: 213.7 | GQ4: 229.1 | GR4: 288.9 | GS4: 288.4 | GT4: 324.1 | GU4: 332 | GV4: 305 | GW4: 228.6 | GX4: 234.5 | GY4: 234.2 | GZ4: 289.5 | HA4: 287.6 | HB4: 276.5 | HC4: 291.1 | HD4: 322 | HE4: 308.6 | HF4: 308.4 | HG4: 338.5 | HH4: 314.8 | HI4: 321.6 | HJ4: 317 | HK4: 344.4 | HL4: 331.3 | HM4: 404 | HN4: 322.5 | HO4: 334.3 | HP4: 383.4 | HQ4: 338.4 | HR4: 350.3 | HS4: 413.6 | HT4: 325.9 | HU4: 337.6 | HV4: 346.4 | HW4: 339.6 | HX4: 321.1 | HY4: 401.9 | HZ4: 304.4 | IA4: 253.2 | IB4: 365.6 | IC4: 284.8 | ID4: 232.5 | IE4: 345.2 | IF4: 232.8 | IG4: 235.9 | IH4: 323.6 | II4: 385.1 | IJ4: 380.6 | IK4: 522.3 | IL4: 332.6 | IM4: 320.5 | IN4: 484.7 | IO4: 494.1 | IP4: 462.9 | IQ4: 475.4 | IR4: 452.9 | IS4: 469.3 | IT4: 531.5 | IU4: 501.8 | IV4: 516.4 | IW4: 485 | IX4: 498.5 | IY4: 514.6 | IZ4: 492.4 | JA4: 476 | JB4: 441.2 | JC4: 405.6 | JD4: 372.3 | JE4: 424.2 | JF4: 441.2 | JG4: 431.4 | JH4: 316.4 | JI4: 429.4 | JJ4: 733.5 | JK4: 661.7 | JL4: 540.6 | JM4: 552.6 | JN4: 525.5 | JO4: 496.3 | JP4: 481.5 | JQ4: 524.9 | JR4: 532.8 | JS4: 558.2 | JT4: 616.6 | JU4: 906.7 | JV4: 706.9 | JW4: 785.3 | JX4: 621.8 | JY4: 700.4 | JZ4: 686.7 | KA4: 652.8 | KB4: 593.5 | KC4: 637.2 | KD4: 549 | KE4: 621.2 | KF4: 598.2 | KG4: 751.3 | KH4: 637.2 | KI4: 667.2 | KJ4: 644.5 | KK4: 635.4 | KL4: 626.5 | KM4: 577.7 | KN4: 633.5 | KO4: 628 | KP4: 654.5 | KQ4: 744.1 | KR4: 627.5 | KS4: 641.3 | KT4: 612.9 | KU4: 590.3 | KV4: 661.8 | KW4: 554.7 | KX4: 539 | KY4: 546.9 | KZ4: 561.9 | LA4: 552.6 | LB4: 480.1 | LC4: 531.9 | LD4: 486.3 | LE4: 525.2 | LF4: 488 | LG4: 484.7 | LH4: 476.3 | LI4: 509.2 | LJ4: 500.7 | LK4: 509.6 | LL4: 490.8 | LM4: 500.5 | LN4: 511.8 | LO4: 520.5 | LP4: 546.3 | LQ4: 535.7 | LR4: 471.2 | LS4: 492.9 | LT4: 503 | LU4: 518.5 | LV4: 586.6 | LW4: 574 | LX4: 557.3 | LY4: 616 | LZ4: 508.7 | MA4: 564.1 | MB4: 599.5 | MC4: 560.2 | MD4: 564.8 | ME4: 611.5 | MF4: 568.1 | MG4: 586 | MH4: 599 | MI4: 602.1 | MJ4: 681.2 | MK4: 701.6 | ML4: 651.1 | MM4: 716.9 | MN4: 852.3 | MO4: 776.9 | MP4: 700 | MQ4: 715 | MR4: 787.6 | MS4: 765.2 | MT4: 1031.3 | MU4: 765.8 | MV4: 813.9 | MW4: 923.1 | MX4: 922 | MY4: 1062.4 | MZ4: 971.8 | NA4: 891.6 | NB4: 905.5 | NC4: 1050 | ND4: 1151 | NE4: 1143.2 | NF4: 1206.4 | NG4: 1181.8 | NH4: 1228.5 | NI4: 1290 | NJ4: 1253.6 | NK4: 1384.4 | NL4: 1350.5 | NM4: 1320 | NN4: 1364.1 | NO4: 1444.2 | NP4: 1475.9 | NQ4: 1549.2 | NR4: 1485 | NS4: 1580.6 | NT4: 1558.1 | NU4: 1468.3 | NV4: 1422.2 | NW4: 1587.4 | NX4: 1538 | NY4: 1517.1 | NZ4: 1473.7 | OA4: 1430.2 | OB4: 1518.2 | OC4: 1436.6 | OD4: 1582.6 | OE4: 1464.4 | OF4: 1544.8 | OG4: 1514.1 | OH4: 1427.2 | OI4: 1605.3 | OJ4: 1572.6 | OK4: 1581.4 | OL4: 1537.2 | OM4: 1510.4 | ON4: 1805.2 | OO4: 1791.3
A5: Transferable deposits of non-financial corporations | CT5: 337.3 | CU5: 312.1 | CV5: 319.1 | CW5: 330 | CX5: 351.4 | CY5: 362.8 | CZ5: 367.1 | DA5: 375.5 | DB5: 381 | DC5: 382.5 | DD5: 394.1 | DE5: 385.7 | DF5: 464.1 | DG5: 418.2 | DH5: 411.1 | DI5: 423 | DJ5: 405.9 | DK5: 458.1 | DL5: 464.4 | DM5: 463.3 | DN5: 460 | DO5: 476.9 | DP5: 492.6 | DQ5: 497 | DR5: 554.6 | DS5: 525 | DT5: 540.1 | DU5: 577.9 | DV5: 578.4 | DW5: 628.7 | DX5: 646.1 | DY5: 645.3 | DZ5: 652.9 | EA5: 668.1 | EB5: 647.3 | EC5: 662.2 | ED5: 738.1 | EE5: 715.9 | EF5: 733.3 | EG5: 749.5 | EH5: 706.8 | EI5: 754.5 | EJ5: 778.6 | EK5: 753.1 | EL5: 786.3 | EM5: 819.9 | EN5: 838.2 | EO5: 900 | EP5: 944.7 | EQ5: 914.3 | ER5: 967 | ES5: 1007.4 | ET5: 971.8 | EU5: 1018.3 | EV5: 1067.5 | EW5: 1048.6 | EX5: 1114.4 | EY5: 1165.9 | EZ5: 1152 | FA5: 1206.3 | FB5: 1304 | FC5: 1282.4 | FD5: 1279.6 | FE5: 1366.4 | FF5: 1353 | FG5: 1497.7 | FH5: 1549.6 | FI5: 1568.3 | FJ5: 1626.5 | FK5: 1738 | FL5: 1702.6 | FM5: 1768.7 | FN5: 1962.8 | FO5: 1907.9 | FP5: 1891.8 | FQ5: 2156 | FR5: 2429.2 | FS5: 2948.5 | FT5: 2646.2 | FU5: 2634.6 | FV5: 2693.1 | FW5: 2828.8 | FX5: 2437.6 | FY5: 2528.9 | FZ5: 2693 | GA5: 2751.3 | GB5: 2688.7 | GC5: 2767.4 | GD5: 2485.9 | GE5: 2622.3 | GF5: 2836.3 | GG5: 2703.1 | GH5: 2789.5 | GI5: 2815.6 | GJ5: 2586.2 | GK5: 2543.9 | GL5: 2645.5 | GM5: 2299 | GN5: 2219.4 | GO5: 2279.8 | GP5: 2228.9 | GQ5: 2373.8 | GR5: 2475.7 | GS5: 2335.6 | GT5: 2463.3 | GU5: 2594.6 | GV5: 2528.7 | GW5: 2721.4 | GX5: 2919.3 | GY5: 2908 | GZ5: 2916.8 | HA5: 2997.8 | HB5: 2914.1 | HC5: 3060.5 | HD5: 3092.8 | HE5: 2992.3 | HF5: 3168 | HG5: 3291.8 | HH5: 3265 | HI5: 3458.4 | HJ5: 3837.6 | HK5: 3760.3 | HL5: 3798.5 | HM5: 3643.4 | HN5: 3471.7 | HO5: 3533.2 | HP5: 3613 | HQ5: 3513.1 | HR5: 3641.2 | HS5: 3742.5 | HT5: 3621 | HU5: 3767.2 | HV5: 4305.4 | HW5: 4276 | HX5: 4204 | HY5: 4154.8 | HZ5: 3970.9 | IA5: 4076 | IB5: 4006.5 | IC5: 3976.7 | ID5: 3811.3 | IE5: 3877.9 | IF5: 3953.9 | IG5: 3944.9 | IH5: 4357.8 | II5: 4440 | IJ5: 4390.4 | IK5: 4359.1 | IL5: 4083 | IM5: 4295.4 | IN5: 4436.3 | IO5: 4472 | IP5: 4337.8 | IQ5: 4451.8 | IR5: 4366.8 | IS5: 4528.9 | IT5: 4981.1 | IU5: 5019.7 | IV5: 5173.4 | IW5: 5133 | IX5: 4799.6 | IY5: 4789.1 | IZ5: 4949.6 | JA5: 4726.5 | JB5: 4619.9 | JC5: 4717.8 | JD5: 4316.5 | JE5: 4704 | JF5: 4966 | JG5: 5462.6 | JH5: 5481.6 | JI5: 5369.6 | JJ5: 4800.8 | JK5: 5017.8 | JL5: 5151.1 | JM5: 4915 | JN5: 5229.2 | JO5: 5104.3 | JP5: 4914.4 | JQ5: 5310.7 | JR5: 5472.9 | JS5: 5554.3 | JT5: 5500.9 | JU5: 5517.6 | JV5: 5278.8 | JW5: 5584.7 | JX5: 5597.5 | JY5: 5219.6 | JZ5: 5306.9 | KA5: 5192.4 | KB5: 5364.6 | KC5: 5444.9 | KD5: 5684.2 | KE5: 5767.5 | KF5: 5803.8 | KG5: 5450.5 | KH5: 5288.1 | KI5: 5597 | KJ5: 5547.2 | KK5: 5465.2 | KL5: 5500.2 | KM5: 5469.5 | KN5: 5601.8 | KO5: 5767.2 | KP5: 5842.4 | KQ5: 5897.1 | KR5: 5965.5 | KS5: 5884.6 | KT5: 5733.3 | KU5: 5956.9 | KV5: 5955.8 | KW5: 5963.6 | KX5: 5825.1 | KY5: 5851.8 | KZ5: 5732.6 | LA5: 6080.3 | LB5: 6104.4 | LC5: 6197.3 | LD5: 6227.2 | LE5: 6141.6 | LF5: 5997.8 | LG5: 5980.3 | LH5: 6274.2 | LI5: 6245.1 | LJ5: 6281.7 | LK5: 6632.1 | LL5: 6428.2 | LM5: 6598 | LN5: 6821.2 | LO5: 7004.4 | LP5: 7177.6 | LQ5: 7525.5 | LR5: 7173.4 | LS5: 7250.3 | LT5: 7713.8 | LU5: 7528.9 | LV5: 8034.1 | LW5: 8150.1 | LX5: 8099.2 | LY5: 8553.5 | LZ5: 8404.3 | MA5: 8860.8 | MB5: 9078 | MC5: 8982 | MD5: 8631.1 | ME5: 9198.1 | MF5: 9497.3 | MG5: 8923.6 | MH5: 9157.3 | MI5: 9187.4 | MJ5: 9052.2 | MK5: 9860 | ML5: 10275.2 | MM5: 11157.5 | MN5: 11766 | MO5: 11712.1 | MP5: 11210.5 | MQ5: 11929.4 | MR5: 12168.2 | MS5: 12994.7 | MT5: 13588.6 | MU5: 14228.7 | MV5: 14263.4 | MW5: 13867.7 | MX5: 13645.3 | MY5: 15630.1 | MZ5: 15510.1 | NA5: 14732.3 | NB5: 14332.1 | NC5: 15225.9 | ND5: 14761.4 | NE5: 15049.1 | NF5: 15410.6 | NG5: 15198.4 | NH5: 15232.4 | NI5: 15234.2 | NJ5: 15244.3 | NK5: 15375.7 | NL5: 15575.9 | NM5: 15458.5 | NN5: 15940.3 | NO5: 15011.9 | NP5: 14965 | NQ5: 15323.5 | NR5: 15074.7 | NS5: 15337.1 | NT5: 14868.5 | NU5: 14663.6 | NV5: 15488 | NW5: 16191.9 | NX5: 16623.2 | NY5: 16420.7 | NZ5: 15449.2 | OA5: 15900 | OB5: 16137.5 | OC5: 15827.2 | OD5: 15786.4 | OE5: 15870.7 | OF5: 16086.9 | OG5: 16735.8 | OH5: 15874.3 | OI5: 16662.6 | OJ5: 17387.5 | OK5: 17363.2 | OL5: 17285.3 | OM5: 18275.4 | ON5: 18535.2 | OO5: 17748.5
A6: Transferable deposits of households | CT6: 100.4 | CU6: 99 | CV6: 102.6 | CW6: 108.1 | CX6: 115.1 | CY6: 117.4 | CZ6: 125.6 | DA6: 130.5 | DB6: 133.9 | DC6: 139 | DD6: 136.6 | DE6: 122.9 | DF6: 115 | DG6: 105 | DH6: 105.6 | DI6: 104.1 | DJ6: 108.7 | DK6: 111.5 | DL6: 117.9 | DM6: 120.6 | DN6: 118.4 | DO6: 119.3 | DP6: 118.6 | DQ6: 122.6 | DR6: 134.1 | DS6: 128.4 | DT6: 134.1 | DU6: 138.6 | DV6: 148.1 | DW6: 154.8 | DX6: 166.1 | DY6: 172.8 | DZ6: 175.3 | EA6: 177.1 | EB6: 176.3 | EC6: 183.9 | ED6: 205.1 | EE6: 205.6 | EF6: 218.7 | EG6: 224.3 | EH6: 236.1 | EI6: 239 | EJ6: 245.1 | EK6: 234.7 | EL6: 227 | EM6: 218.6 | EN6: 214.6 | EO6: 217.3 | EP6: 252.6 | EQ6: 241.4 | ER6: 251.8 | ES6: 262.8 | ET6: 280.4 | EU6: 283.8 | EV6: 301.6 | EW6: 315.5 | EX6: 314.5 | EY6: 318.2 | EZ6: 316.1 | FA6: 323 | FB6: 381.4 | FC6: 362.4 | FD6: 379.3 | FE6: 394.1 | FF6: 425.8 | FG6: 438.1 | FH6: 481.1 | FI6: 487.7 | FJ6: 496.7 | FK6: 508.9 | FL6: 502.9 | FM6: 513.9 | FN6: 628.5 | FO6: 568.2 | FP6: 602.7 | FQ6: 611.3 | FR6: 651.5 | FS6: 661.1 | FT6: 719.4 | FU6: 734.5 | FV6: 743.4 | FW6: 760.5 | FX6: 748.7 | FY6: 783.7 | FZ6: 924.2 | GA6: 849.3 | GB6: 870 | GC6: 879.2 | GD6: 930.1 | GE6: 954.8 | GF6: 1012.4 | GG6: 1017.8 | GH6: 1038.1 | GI6: 978 | GJ6: 845.7 | GK6: 827.6 | GL6: 906.4 | GM6: 780.2 | GN6: 808.1 | GO6: 785.9 | GP6: 833.6 | GQ6: 852.4 | GR6: 914.9 | GS6: 914.5 | GT6: 890.8 | GU6: 893.2 | GV6: 908.5 | GW6: 926.2 | GX6: 1133.8 | GY6: 1026 | GZ6: 1069.1 | HA6: 1066.7 | HB6: 1145.2 | HC6: 1175.6 | HD6: 1266.6 | HE6: 1301.8 | HF6: 1287.3 | HG6: 1292.3 | HH6: 1305.2 | HI6: 1326.3 | HJ6: 1642.4 | HK6: 1470 | HL6: 1520.2 | HM6: 1523.7 | HN6: 1641.5 | HO6: 1625.1 | HP6: 1772.8 | HQ6: 1804.6 | HR6: 1763.5 | HS6: 1782.7 | HT6: 1763.8 | HU6: 1774.1 | HV6: 2166.5 | HW6: 1909.9 | HX6: 1960.7 | HY6: 1949 | HZ6: 2050.3 | IA6: 2029.5 | IB6: 2191.1 | IC6: 2144 | ID6: 2151.9 | IE6: 2139.3 | IF6: 2060.4 | IG6: 2145.4 | IH6: 2582.6 | II6: 2203.4 | IJ6: 2278.2 | IK6: 2330.6 | IL6: 2504.3 | IM6: 2419.2 | IN6: 2592.4 | IO6: 2556.4 | IP6: 2533.3 | IQ6: 2499.6 | IR6: 2440.2 | IS6: 2507.8 | IT6: 3013.8 | IU6: 2510.3 | IV6: 2581.8 | IW6: 2516.9 | IX6: 2701.6 | IY6: 2633.4 | IZ6: 2735.2 | JA6: 2717.6 | JB6: 2759.1 | JC6: 2664.3 | JD6: 2663.7 | JE6: 2672.8 | JF6: 2762.8 | JG6: 2360.9 | JH6: 2451.1 | JI6: 2410 | JJ6: 2599.7 | JK6: 2566.9 | JL6: 2673.1 | JM6: 2736.4 | JN6: 2638.1 | JO6: 2635.7 | JP6: 2605.7 | JQ6: 2627.3 | JR6: 3270.7 | JS6: 2739.7 | JT6: 2826.3 | JU6: 2834.9 | JV6: 3023.3 | JW6: 3069.3 | JX6: 3258.2 | JY6: 3264.8 | JZ6: 3265.3 | KA6: 3266.3 | KB6: 3197.1 | KC6: 3184.6 | KD6: 3694.4 | KE6: 3393.4 | KF6: 3507.6 | KG6: 3494.1 | KH6: 3587.2 | KI6: 3608.4 | KJ6: 3901.9 | KK6: 3923.6 | KL6: 3883.3 | KM6: 3873.1 | KN6: 3832.1 | KO6: 3899.7 | KP6: 4565.9 | KQ6: 4061.1 | KR6: 4357.2 | KS6: 4379.3 | KT6: 4702.2 | KU6: 4760.1 | KV6: 5041.3 | KW6: 5100.2 | KX6: 5084.2 | KY6: 5038.3 | KZ6: 5144.1 | LA6: 4961.1 | LB6: 5700.5 | LC6: 5032.3 | LD6: 5204 | LE6: 5163.6 | LF6: 5576.9 | LG6: 5515.3 | LH6: 5774.4 | LI6: 5737.9 | LJ6: 5805.9 | LK6: 5876.7 | LL6: 5863.4 | LM6: 6036.9 | LN6: 6870.2 | LO6: 6343.8 | LP6: 6629.4 | LQ6: 6834.2 | LR6: 7434.7 | LS6: 7518.8 | LT6: 8084.1 | LU6: 8223 | LV6: 8455.4 | LW6: 8716.5 | LX6: 8808.1 | LY6: 9090.7 | LZ6: 10348.7 | MA6: 9666.2 | MB6: 9942.3 | MC6: 10086.3 | MD6: 10974.5 | ME6: 10714.8 | MF6: 10901.8 | MG6: 11070.9 | MH6: 11034.6 | MI6: 11061.6 | MJ6: 11047.7 | MK6: 11028.7 | ML6: 11882 | MM6: 10995.8 | MN6: 10716.7 | MO6: 8549.5 | MP6: 8840.5 | MQ6: 8842.5 | MR6: 10208.9 | MS6: 10495 | MT6: 10913.9 | MU6: 11432.1 | MV6: 11575.9 | MW6: 11953.5 | MX6: 14015.5 | MY6: 12910.9 | MZ6: 13562.5 | NA6: 13906.7 | NB6: 14279.3 | NC6: 14758 | ND6: 15614.7 | NE6: 16078.8 | NF6: 15716.3 | NG6: 15254.8 | NH6: 14955 | NI6: 14486.1 | NJ6: 16053.9 | NK6: 15078.7 | NL6: 15733.5 | NM6: 15937.1 | NN6: 16076.8 | NO6: 16780.1 | NP6: 17129.8 | NQ6: 17443.5 | NR6: 17235.3 | NS6: 17116.6 | NT6: 16369.5 | NU6: 15667.2 | NV6: 17531.2 | NW6: 16478.2 | NX6: 16790.2 | NY6: 16800.3 | NZ6: 17568.8 | OA6: 17544.9 | OB6: 18054.3 | OC6: 18333.3 | OD6: 18359 | OE6: 18408.8 | OF6: 18391.9 | OG6: 18189.7 | OH6: 20378.4 | OI6: 18766.1 | OJ6: 19590.7 | OK6: 20015.4 | OL6: 21001.1 | OM6: 20848.5 | ON6: 21178.6 | OO6: 21484.3
A7: - interest-bearing deposits | MK7: 5935.6 | ML7: 6089.7 | MM7: 5883.2 | MN7: 5485.6 | MO7: 4263.3 | MP7: 4363.1 | MQ7: 4472.2 | MR7: 5206.7 | MS7: 5460.7 | MT7: 5706.4 | MU7: 5868.3 | MV7: 6046 | MW7: 6464.6 | MX7: 7541.8 | MY7: 7279.1 | MZ7: 7580 | NA7: 7739 | NB7: 8049.6 | NC7: 8443.7 | ND7: 8834 | NE7: 9125.4 | NF7: 8852.3 | NG7: 8546.6 | NH7: 8511.2 | NI7: 8084.7 | NJ7: 8383 | NK7: 9316.3 | NL7: 9637.4 | NM7: 9683.2 | NN7: 10009.6 | NO7: 10334.4 | NP7: 10524.8 | NQ7: 10870.5 | NR7: 10593.7 | NS7: 10456.7 | NT7: 9809.5 | NU7: 9102.5 | NV7: 10291.4 | NW7: 10014.5 | NX7: 10093.6 | NY7: 10253.1 | NZ7: 10932.8 | OA7: 10933.7 | OB7: 11309.4 | OC7: 11540.8 | OD7: 11495.1 | OE7: 11628.8 | OF7: 11719.3 | OG7: 11501.1 | OH7: 12602.4 | OI7: 12090.8 | OJ7: 12655.2 | OK7: 13070.3 | OL7: 13901.9 | OM7: 13525.9 | ON7: 13809.7 | OO7: 14109.4
A8: -non-interest-bearing deposits | MK8: 5093.1 | ML8: 5792.3 | MM8: 5112.7 | MN8: 5231 | MO8: 4286.2 | MP8: 4477.4 | MQ8: 4370.3 | MR8: 5002.2 | MS8: 5034.3 | MT8: 5207.5 | MU8: 5563.8 | MV8: 5529.9 | MW8: 5488.9 | MX8: 6473.7 | MY8: 5631.8 | MZ8: 5982.5 | NA8: 6167.7 | NB8: 6229.7 | NC8: 6314.2 | ND8: 6780.7 | NE8: 6953.4 | NF8: 6864 | NG8: 6708.2 | NH8: 6443.8 | NI8: 6401.4 | NJ8: 7670.9 | NK8: 5762.3 | NL8: 6096.1 | NM8: 6253.8 | NN8: 6067.2 | NO8: 6445.7 | NP8: 6605 | NQ8: 6573 | NR8: 6641.6 | NS8: 6660 | NT8: 6560 | NU8: 6564.7 | NV8: 7239.8 | NW8: 6463.7 | NX8: 6696.6 | NY8: 6547.2 | NZ8: 6636 | OA8: 6611.2 | OB8: 6744.9 | OC8: 6792.5 | OD8: 6863.9 | OE8: 6780 | OF8: 6672.6 | OG8: 6688.6 | OH8: 7776 | OI8: 6675.3 | OJ8: 6935.5 | OK8: 6945.1 | OL8: 7099.2 | OM8: 7322.6 | ON8: 7369 | OO8: 7374.9
A9: Monetary aggregate М1 | CT9: 869.4 | CU9: 805.8 | CV9: 821.3 | CW9: 852.5 | CX9: 913.3 | CY9: 933.9 | CZ9: 981.5 | DA9: 1008.6 | DB9: 1034 | DC9: 1067.3 | DD9: 1078.2 | DE9: 1051.5 | DF9: 1184 | DG9: 1071.8 | DH9: 1077.1 | DI9: 1101 | DJ9: 1140.5 | DK9: 1199.3 | DL9: 1249.2 | DM9: 1264 | DN9: 1275 | DO9: 1294.1 | DP9: 1311 | DQ9: 1333.5 | DR9: 1491.4 | DS9: 1383 | DT9: 1426.9 | DU9: 1502 | DV9: 1576.8 | DW9: 1669 | DX9: 1805.1 | DY9: 1790.6 | DZ9: 1826.5 | EA9: 1854.5 | EB9: 1834.6 | EC9: 1881.6 | ED9: 2165.1 | EE9: 2107 | EF9: 2174.6 | EG9: 2221.4 | EH9: 2232.3 | EI9: 2261 | EJ9: 2396.5 | EK9: 2353.8 | EL9: 2350.7 | EM9: 2394.7 | EN9: 2419 | EO9: 2513.7 | EP9: 2831.5 | EQ9: 2655.5 | ER9: 2741 | ES9: 2838.1 | ET9: 2884.1 | EU9: 2943.9 | EV9: 3119.4 | EW9: 3136.1 | EX9: 3212.9 | EY9: 3344.5 | EZ9: 3312.1 | FA9: 3386.4 | FB9: 3838.6 | FC9: 3631.5 | FD9: 3658.7 | FE9: 3827 | FF9: 3923.7 | FG9: 4172.2 | FH9: 4439.6 | FI9: 4467.3 | FJ9: 4610.1 | FK9: 4822.1 | FL9: 4731.7 | FM9: 4855.6 | FN9: 5564.2 | FO9: 5270.6 | FP9: 5340.7 | FQ9: 5734.3 | FR9: 6117.3 | FS9: 6688.8 | FT9: 6639.9 | FU9: 6634.9 | FV9: 6773 | FW9: 7052 | FX9: 6667.4 | FY9: 6874.3 | FZ9: 7570.2 | GA9: 7299.2 | GB9: 7251.7 | GC9: 7396.5 | GD9: 7225.7 | GE9: 7462.6 | GF9: 7861.7 | GG9: 7735.1 | GH9: 7924.4 | GI9: 8007.7 | GJ9: 7600.4 | GK9: 7565.8 | GL9: 7653.4 | GM9: 6638.2 | GN9: 6556.2 | GO9: 6583.2 | GP9: 6686.4 | GQ9: 6917.2 | GR9: 7202.1 | GS9: 7088.6 | GT9: 7184.8 | GU9: 7305.3 | GV9: 7308.8 | GW9: 7476.3 | GX9: 8325.7 | GY9: 8041.5 | GZ9: 8225.4 | HA9: 8338.2 | HB9: 8516.8 | HC9: 8767.6 | HD9: 9049.1 | HE9: 9070.1 | HF9: 9241.5 | HG9: 9447.1 | HH9: 9474.9 | HI9: 9727.8 | HJ9: 10859.8 | HK9: 10405.4 | HL9: 10548 | HM9: 10489.4 | HN9: 10506.9 | HO9: 10572.4 | HP9: 10961.4 | HQ9: 10962.7 | HR9: 11098.1 | HS9: 11359.2 | HT9: 11130.8 | HU9: 11354.1 | HV9: 12756.9 | HW9: 12196.2 | HX9: 12198.8 | HY9: 12210 | HZ9: 12157.2 | IA9: 12215.1 | IB9: 12567.1 | IC9: 12381.8 | ID9: 12175.7 | IE9: 12331.5 | IF9: 12178.4 | IG9: 12301.6 | IH9: 13694.1 | II9: 13107.5 | IJ9: 13190.1 | IK9: 13393.5 | IL9: 13273.4 | IM9: 13383.9 | IN9: 13983.6 | IO9: 14002.6 | IP9: 13843.8 | IQ9: 13841.2 | IR9: 13678.9 | IS9: 14070.1 | IT9: 15511.9 | IU9: 14694.9 | IV9: 14971.4 | IW9: 14743.1 | IX9: 14776.5 | IY9: 14700.2 | IZ9: 14939.5 | JA9: 14791.3 | JB9: 14784.3 | JC9: 14747 | JD9: 14260.1 | JE9: 14721 | JF9: 15341.4 | JG9: 14955.2 | JH9: 14921 | JI9: 14749.8 | JJ9: 14753.7 | JK9: 14823 | JL9: 15024.3 | JM9: 14963.6 | JN9: 15178.5 | JO9: 14981.2 | JP9: 14788.5 | JQ9: 15249.5 | JR9: 16515.6 | JS9: 15907.3 | JT9: 16093.6 | JU9: 16402 | JV9: 16310.4 | JW9: 16736.1 | JX9: 16850.1 | JY9: 16647.2 | JZ9: 16697.4 | KA9: 16523.7 | KB9: 16494.3 | KC9: 16583.9 | KD9: 17642.4 | KE9: 17325.8 | KF9: 17497 | KG9: 17306.2 | KH9: 17287.8 | KI9: 17685.9 | KJ9: 18040.5 | KK9: 18058.4 | KL9: 18076.8 | KM9: 18009.1 | KN9: 18138.2 | KO9: 18368 | KP9: 19508.9 | KQ9: 18865 | KR9: 19250.2 | KS9: 19346.8 | KT9: 19759.8 | KU9: 20078.2 | KV9: 20604.4 | KW9: 20670.8 | KX9: 20597.4 | KY9: 20574.8 | KZ9: 20486.2 | LA9: 20574.1 | LB9: 21624.1 | LC9: 20750.3 | LD9: 20946.2 | LE9: 20810.8 | LF9: 21175.4 | LG9: 21090 | LH9: 21717.7 | LI9: 21745.3 | LJ9: 21956 | LK9: 22430.2 | LL9: 22136.9 | LM9: 22529.4 | LN9: 23861.7 | LO9: 23357.8 | LP9: 24024.2 | LQ9: 25136.4 | LR9: 25991.4 | LS9: 26471.4 | LT9: 27817.3 | LU9: 28088.2 | LV9: 29027.4 | LW9: 29513.5 | LX9: 29622.3 | LY9: 30394.8 | LZ9: 31785.6 | MA9: 31520.3 | MB9: 32157.9 | MC9: 32198.2 | MD9: 33030.3 | ME9: 33276.7 | MF9: 33753.7 | MG9: 33519.2 | MH9: 33760.3 | MI9: 33938.3 | MJ9: 33801.7 | MK9: 34544.6 | ML9: 36008.7 | MM9: 35897 | MN9: 37248.3 | MO9: 34872.8 | MP9: 34269.4 | MQ9: 34720.4 | MR9: 36457.9 | MS9: 37645.8 | MT9: 39015.6 | MU9: 40601.7 | MV9: 41323 | MW9: 41484.6 | MX9: 44018.5 | MY9: 44964.6 | MZ9: 45621 | NA9: 45350.3 | NB9: 45758.8 | NC9: 47519.4 | ND9: 48447.6 | NE9: 49517.1 | NF9: 49710.8 | NG9: 48984.6 | NH9: 48630 | NI9: 47883.4 | NJ9: 49685.7 | NK9: 48595.1 | NL9: 49368.8 | NM9: 49338 | NN9: 50119.4 | NO9: 49987.1 | NP9: 50276.5 | NQ9: 51098.3 | NR9: 50596.4 | NS9: 50831.7 | NT9: 49591.9 | NU9: 48529.8 | NV9: 51715.5 | NW9: 51064.8 | NX9: 51586.7 | NY9: 51134.9 | NZ9: 51031.1 | OA9: 51381.9 | OB9: 52411.4 | OC9: 52536.1 | OD9: 52882.4 | OE9: 53019.8 | OF9: 53429.8 | OG9: 53927.9 | OH9: 55914.1 | OI9: 54887.9 | OJ9: 56646 | OK9: 57350.6 | OL9: 58825.6 | OM9: 60025.2 | ON9: 61312.9 | OO9: 61390.5
A10: Other deposits in rubles | CT10: 281.2 | CU10: 284.2 | CV10: 297.2 | CW10: 307.2 | CX10: 307.2 | CY10: 308.8 | CZ10: 319.8 | DA10: 328.8 | DB10: 340.5 | DC10: 354.2 | DD10: 371.6 | DE10: 396.7 | DF10: 425.4 | DG10: 439.4 | DH10: 455.7 | DI10: 473.1 | DJ10: 490.2 | DK10: 500.9 | DL10: 514.9 | DM10: 526.2 | DN10: 549.3 | DO10: 563.2 | DP10: 589 | DQ10: 610.4 | DR10: 639.2 | DS10: 650.3 | DT10: 687.1 | DU10: 716.4 | DV10: 749.3 | DW10: 778.2 | DX10: 814.2 | DY10: 847.7 | DZ10: 868.8 | EA10: 889.5 | EB10: 919 | EC10: 953.6 | ED10: 1040.1 | EE10: 1096.3 | EF10: 1148.9 | EG10: 1188.4 | EH10: 1241.9 | EI10: 1253.9 | EJ10: 1274.4 | EK10: 1272.9 | EL10: 1299.1 | EM10: 1322.8 | EN10: 1368.7 | EO10: 1414.8 | EP10: 1522.4 | EQ10: 1524.4 | ER10: 1559.7 | ES10: 1624.7 | ET10: 1693.4 | EU10: 1733.7 | EV10: 1796 | EW10: 1838.2 | EX10: 1905.3 | EY10: 1930.4 | EZ10: 1984.4 | FA10: 2030.7 | FB10: 2193.5 | FC10: 2190.6 | FD10: 2241 | FE10: 2321.1 | FF10: 2409.7 | FG10: 2491.3 | FH10: 2617.6 | FI10: 2732.3 | FJ10: 2807.3 | FK10: 2905 | FL10: 3011.7 | FM10: 3118.8 | FN10: 3406.6 | FO10: 3404.2 | FP10: 3532.6 | FQ10: 3647.4 | FR10: 3847 | FS10: 3984.2 | FT10: 4187.5 | FU10: 4253.5 | FV10: 4355.5 | FW10: 4409.8 | FX10: 4714.8 | FY10: 4881.6 | FZ10: 5298.7 | GA10: 5210.5 | GB10: 5411.2 | GC10: 5577.3 | GD10: 5718.7 | GE10: 5850.2 | GF10: 5979.5 | GG10: 6107.5 | GH10: 6272.2 | GI10: 6037.9 | GJ10: 5572.7 | GK10: 5273.5 | GL10: 5322.4 | GM10: 4792.7 | GN10: 4908.9 | GO10: 4998.4 | GP10: 5152.2 | GQ10: 5414.4 | GR10: 5448.3 | GS10: 5529.5 | GT10: 5612.4 | GU10: 5796.7 | GV10: 6068.1 | GW10: 6237 | GX10: 6941.9 | GY10: 6862.6 | GZ10: 7011 | HA10: 7301.2 | HB10: 7581.8 | HC10: 7703 | HD10: 7851.8 | HE10: 7993.2 | HF10: 8196.1 | HG10: 8243 | HH10: 8373.4 | HI10: 8537.2 | HJ10: 9152 | HK10: 8902.3 | HL10: 8988.7 | HM10: 9299.3 | HN10: 9513.9 | HO10: 9588.5 | HP10: 9760.5 | HQ10: 9865.4 | HR10: 9963.8 | HS10: 10121.3 | HT10: 10235.8 | HU10: 10565.9 | HV10: 11447.9 | HW10: 11152.9 | HX10: 11343.7 | HY10: 11537.7 | HZ10: 11766.6 | IA10: 11821.2 | IB10: 11894 | IC10: 11924.5 | ID10: 12108.5 | IE10: 12106.2 | IF10: 12266.5 | IG10: 12439.4 | IH10: 13470.6 | II10: 13241.2 | IJ10: 13578.2 | IK10: 13805.2 | IL10: 14103.7 | IM10: 14209.6 | IN10: 14228.6 | IO10: 14441.3 | IP10: 14656.2 | IQ10: 14511.3 | IR10: 14597.5 | IS10: 14803.2 | IT10: 15643.7 | IU10: 15166.2 | IV10: 15197.5 | IW10: 14776.3 | IX10: 15102.6 | IY10: 15190.6 | IZ10: 15132.3 | JA10: 15387 | JB10: 15554.4 | JC10: 15550.6 | JD10: 15571.1 | JE10: 15420.9 | JF10: 16274.3 | JG10: 16078.3 | JH10: 16303.8 | JI10: 16278.6 | JJ10: 16943.2 | JK10: 16997.3 | JL10: 16912 | JM10: 17082.4 | JN10: 17078.8 | JO10: 17071.3 | JP10: 17372.5 | JQ10: 17493.9 | JR10: 18664.1 | JS10: 18027.7 | JT10: 18216.1 | JU10: 18286.7 | JV10: 18793.1 | JW10: 18906.8 | JX10: 19006.7 | JY10: 19384 | JZ10: 19448.2 | KA10: 19625 | KB10: 19556.7 | KC10: 19849 | KD10: 20775.2 | KE10: 20691.3 | KF10: 20965.6 | KG10: 21249.3 | KH10: 21376.3 | KI10: 21537.2 | KJ10: 21582.6 | KK10: 21217.9 | KL10: 21342.9 | KM10: 21563.2 | KN10: 21529.5 | KO10: 21746.4 | KP10: 22933.3 | KQ10: 22733.1 | KR10: 22796.1 | KS10: 23029.3 | KT10: 23362.8 | KU10: 23179.7 | KV10: 23522.4 | KW10: 23240.7 | KX10: 23772.8 | KY10: 23679.1 | KZ10: 23733.4 | LA10: 24318.6 | LB10: 25485.2 | LC10: 24972.9 | LD10: 25268.5 | LE10: 25330.5 | LF10: 25262.1 | LG10: 25646.9 | LH10: 25631.7 | LI10: 25607.2 | LJ10: 25630.7 | LK10: 25836.8 | LL10: 25947.1 | LM10: 26667.5 | LN10: 27798.6 | LO10: 27265.5 | LP10: 27290.2 | LQ10: 27190.7 | LR10: 26960.4 | LS10: 26596 | LT10: 26575.3 | LU10: 26598.6 | LV10: 26266.4 | LW10: 26511.5 | LX10: 26248.8 | LY10: 25727.8 | LZ10: 26866.5 | MA10: 26077.6 | MB10: 26020.4 | MC10: 26064.4 | MD10: 26175.5 | ME10: 25917.4 | MF10: 25830.2 | MG10: 25860.6 | MH10: 26056.7 | MI10: 26667.8 | MJ10: 27012.1 | MK10: 27768 | ML10: 30244.2 | MM10: 29413.3 | MN10: 29411.4 | MO10: 33330.8 | MP10: 34205.9 | MQ10: 34273 | MR10: 33165.4 | MS10: 33179.6 | MT10: 34317.7 | MU10: 34495.2 | MV10: 34313.5 | MW10: 35387.6 | MX10: 38369.5 | MY10: 37257.1 | MZ10: 38334.9 | NA10: 39462.8 | NB10: 38877.2 | NC10: 38678 | ND10: 38829.2 | NE10: 38776.9 | NF10: 40400.1 | NG10: 41612.7 | NH10: 42504.7 | NI10: 44663.5 | NJ10: 48699.6 | NK10: 49221.5 | NL10: 50053.3 | NM10: 50257.8 | NN10: 52988 | NO10: 52531.9 | NP10: 53280.7 | NQ10: 53253 | NR10: 55646.3 | NS10: 56803.1 | NT10: 59355.9 | NU10: 62495.4 | NV10: 65540.9 | NW10: 65513 | NX10: 66110.9 | NY10: 65364.1 | NZ10: 66506.1 | OA10: 66829.5 | OB10: 66677.3 | OC10: 67501.1 | OD10: 68684.5 | OE10: 68240.8 | OF10: 69635.8 | OG10: 70787.8 | OH10: 73714.6 | OI10: 72965.9 | OJ10: 74425.7 | OK10: 72873.6 | OL10: 73163.6 | OM10: 73608.1 | ON10: 73535.3 | OO10: 74292.9
A11: Other deposits of other financial corporations | CT11: 5.8 | CU11: 7 | CV11: 7.9 | CW11: 7.8 | CX11: 8.4 | CY11: 8.3 | CZ11: 9.3 | DA11: 7.5 | DB11: 7.9 | DC11: 8.4 | DD11: 10 | DE11: 9.8 | DF11: 10 | DG11: 11 | DH11: 10.6 | DI11: 11.4 | DJ11: 11 | DK11: 11.3 | DL11: 11.7 | DM11: 12 | DN11: 12.4 | DO11: 13.2 | DP11: 13.2 | DQ11: 13.7 | DR11: 14.6 | DS11: 14.3 | DT11: 14.8 | DU11: 13.4 | DV11: 13.4 | DW11: 13.3 | DX11: 13.6 | DY11: 17 | DZ11: 18.3 | EA11: 18 | EB11: 19.8 | EC11: 21.5 | ED11: 20.2 | EE11: 23.7 | EF11: 25.4 | EG11: 26.7 | EH11: 30 | EI11: 29.4 | EJ11: 28.9 | EK11: 34.6 | EL11: 37.4 | EM11: 35.5 | EN11: 39.5 | EO11: 39.5 | EP11: 60 | EQ11: 58.6 | ER11: 46.4 | ES11: 46.9 | ET11: 53.8 | EU11: 54.6 | EV11: 50.9 | EW11: 60.1 | EX11: 57.1 | EY11: 57.4 | EZ11: 58.5 | FA11: 57.5 | FB11: 86 | FC11: 69.7 | FD11: 71.5 | FE11: 75.8 | FF11: 77.8 | FG11: 81.1 | FH11: 84.7 | FI11: 93.5 | FJ11: 96.6 | FK11: 96.8 | FL11: 100.4 | FM11: 103.4 | FN11: 111.3 | FO11: 97.1 | FP11: 109.3 | FQ11: 114.2 | FR11: 129.9 | FS11: 133.4 | FT11: 140.2 | FU11: 134 | FV11: 143.1 | FW11: 152.3 | FX11: 162.2 | FY11: 172.4 | FZ11: 206.9 | GA11: 213.5 | GB11: 223.1 | GC11: 221 | GD11: 272.1 | GE11: 294.3 | GF11: 311.4 | GG11: 322.2 | GH11: 326.6 | GI11: 304.6 | GJ11: 303.5 | GK11: 308.7 | GL11: 429.2 | GM11: 402.1 | GN11: 430 | GO11: 426.6 | GP11: 382.1 | GQ11: 421.4 | GR11: 392.7 | GS11: 371.6 | GT11: 408.8 | GU11: 432.7 | GV11: 461.6 | GW11: 467.2 | GX11: 503.6 | GY11: 476.4 | GZ11: 427.8 | HA11: 430.9 | HB11: 488.9 | HC11: 465 | HD11: 471.4 | HE11: 487.8 | HF11: 499.8 | HG11: 511.3 | HH11: 509 | HI11: 500.1 | HJ11: 520.3 | HK11: 500.2 | HL11: 499.6 | HM11: 485.1 | HN11: 525.6 | HO11: 525.7 | HP11: 531.6 | HQ11: 567.8 | HR11: 577.4 | HS11: 608.7 | HT11: 645.1 | HU11: 696.6 | HV11: 745.9 | HW11: 737.4 | HX11: 800.2 | HY11: 835.6 | HZ11: 886.2 | IA11: 876 | IB11: 877.5 | IC11: 929.5 | ID11: 992.2 | IE11: 988.9 | IF11: 1000.5 | IG11: 1021.3 | IH11: 1097.2 | II11: 975.5 | IJ11: 987.9 | IK11: 1099.2 | IL11: 1133.7 | IM11: 1114.6 | IN11: 1170.1 | IO11: 1177.1 | IP11: 1216.9 | IQ11: 1205.2 | IR11: 1211.8 | IS11: 1210.7 | IT11: 1213.4 | IU11: 1189.9 | IV11: 1191.3 | IW11: 1172.2 | IX11: 1196.2 | IY11: 1195.1 | IZ11: 1187.4 | JA11: 1271.8 | JB11: 1255.3 | JC11: 1251.6 | JD11: 1271 | JE11: 1275.1 | JF11: 1294.7 | JG11: 1331.5 | JH11: 1337.5 | JI11: 1317.1 | JJ11: 1556.8 | JK11: 1586.7 | JL11: 1584.4 | JM11: 1482.5 | JN11: 1459.7 | JO11: 1445.1 | JP11: 1413 | JQ11: 1349.3 | JR11: 1385.2 | JS11: 1349.4 | JT11: 1324.7 | JU11: 1370.5 | JV11: 1475.7 | JW11: 1424.9 | JX11: 1417.6 | JY11: 1376.1 | JZ11: 1412.4 | KA11: 1423.9 | KB11: 1473.8 | KC11: 1353.3 | KD11: 1379.8 | KE11: 1363.4 | KF11: 1391.5 | KG11: 1376.9 | KH11: 1414.1 | KI11: 1345.9 | KJ11: 1274.1 | KK11: 1207.7 | KL11: 1229.9 | KM11: 1215.1 | KN11: 1198.7 | KO11: 1188.7 | KP11: 1319.2 | KQ11: 1321.3 | KR11: 1334.9 | KS11: 1290.6 | KT11: 1337.3 | KU11: 1326.3 | KV11: 1273 | KW11: 1212.1 | KX11: 1206.8 | KY11: 1243.6 | KZ11: 1301.8 | LA11: 1407.8 | LB11: 1309.4 | LC11: 1450.1 | LD11: 1507.8 | LE11: 1444.1 | LF11: 1430.6 | LG11: 1503.2 | LH11: 1451 | LI11: 1460.1 | LJ11: 1509.8 | LK11: 1475.6 | LL11: 1515.5 | LM11: 1595.3 | LN11: 1557.1 | LO11: 1613.3 | LP11: 1622 | LQ11: 1633.7 | LR11: 1723.2 | LS11: 1629.9 | LT11: 1539.4 | LU11: 1719.6 | LV11: 1679.8 | LW11: 1706.4 | LX11: 1747.8 | LY11: 1729.7 | LZ11: 1766.5 | MA11: 1763.8 | MB11: 1778.9 | MC11: 1833.7 | MD11: 1892.2 | ME11: 1842.7 | MF11: 1896.3 | MG11: 1816.4 | MH11: 1873.7 | MI11: 2011.4 | MJ11: 1960.2 | MK11: 2015.9 | ML11: 2295.9 | MM11: 2169 | MN11: 2169.2 | MO11: 2258.9 | MP11: 2258.9 | MQ11: 2250.9 | MR11: 2219.1 | MS11: 2286.3 | MT11: 2327.4 | MU11: 2589.4 | MV11: 2590.3 | MW11: 2650.2 | MX11: 2859.6 | MY11: 3114.6 | MZ11: 3430.1 | NA11: 4022.7 | NB11: 3313.9 | NC11: 3097.7 | ND11: 3268.2 | NE11: 3275.6 | NF11: 3378.5 | NG11: 3268 | NH11: 3366.7 | NI11: 3610.3 | NJ11: 3783.2 | NK11: 4151 | NL11: 4342.7 | NM11: 4304.5 | NN11: 4200.2 | NO11: 4558.7 | NP11: 4531.8 | NQ11: 4443.9 | NR11: 4899 | NS11: 5048.2 | NT11: 5284.9 | NU11: 5928.9 | NV11: 5856.7 | NW11: 5929.6 | NX11: 5878.6 | NY11: 5683.2 | NZ11: 5495.5 | OA11: 5554.5 | OB11: 5649.3 | OC11: 5685.6 | OD11: 5758.7 | OE11: 5825.6 | OF11: 5693.2 | OG11: 5774 | OH11: 6014.5 | OI11: 6125.7 | OJ11: 6227.1 | OK11: 6308.3 | OL11: 6201.5 | OM11: 6322.6 | ON11: 6191 | OO11: 6254.7
A12: Other deposits of non-financial corporations | CT12: 65.3 | CU12: 59.2 | CV12: 65.5 | CW12: 70.3 | CX12: 63.3 | CY12: 59.6 | CZ12: 65.6 | DA12: 70.5 | DB12: 73.6 | DC12: 75.8 | DD12: 73.9 | DE12: 75.2 | DF12: 76.1 | DG12: 67.7 | DH12: 66.9 | DI12: 69.3 | DJ12: 70.8 | DK12: 72.7 | DL12: 74.8 | DM12: 71.8 | DN12: 80.5 | DO12: 80.1 | DP12: 83.5 | DQ12: 87.1 | DR12: 99.1 | DS12: 88.6 | DT12: 94.7 | DU12: 100.7 | DV12: 108.3 | DW12: 110.5 | DX12: 115.6 | DY12: 119.5 | DZ12: 116.5 | EA12: 123.7 | EB12: 122.7 | EC12: 118.7 | ED12: 137.6 | EE12: 124.5 | EF12: 132.5 | EG12: 137.2 | EH12: 159.7 | EI12: 158.9 | EJ12: 164.9 | EK12: 164.7 | EL12: 173.6 | EM12: 174.2 | EN12: 186.3 | EO12: 192.5 | EP12: 216.1 | EQ12: 195.8 | ER12: 204.2 | ES12: 222.1 | ET12: 239.9 | EU12: 249.5 | EV12: 281.6 | EW12: 279.8 | EX12: 312.9 | EY12: 296.1 | EZ12: 315.3 | FA12: 318 | FB12: 358.7 | FC12: 345.2 | FD12: 338.9 | FE12: 356.7 | FF12: 388.2 | FG12: 400.3 | FH12: 457.6 | FI12: 499.6 | FJ12: 500.6 | FK12: 534.3 | FL12: 563.7 | FM12: 585 | FN12: 693.2 | FO12: 640.9 | FP12: 671.1 | FQ12: 697.2 | FR12: 788.4 | FS12: 850.6 | FT12: 967.3 | FU12: 954.4 | FV12: 962.4 | FW12: 931 | FX12: 1164.2 | FY12: 1227.5 | FZ12: 1450.6 | GA12: 1325.3 | GB12: 1462.1 | GC12: 1559.1 | GD12: 1556 | GE12: 1589.8 | GF12: 1620.1 | GG12: 1667.6 | GH12: 1735.2 | GI12: 1569.5 | GJ12: 1429.8 | GK12: 1292.8 | GL12: 1388.4 | GM12: 1059.5 | GN12: 1113.7 | GO12: 1131.2 | GP12: 1226.3 | GQ12: 1338.5 | GR12: 1310.7 | GS12: 1354.2 | GT12: 1354.3 | GU12: 1436.6 | GV12: 1540.7 | GW12: 1561.2 | GX12: 1964.7 | GY12: 1781.3 | GZ12: 1788.6 | HA12: 1886 | HB12: 1911.3 | HC12: 1911.8 | HD12: 1913.2 | HE12: 1892.5 | HF12: 1956.1 | HG12: 1882 | HH12: 1885.7 | HI12: 1893.7 | HJ12: 2220.8 | HK12: 1897.2 | HL12: 1857.7 | HM12: 2078.6 | HN12: 2157.3 | HO12: 2159.5 | HP12: 2243.5 | HQ12: 2211 | HR12: 2236.7 | HS12: 2334.9 | HT12: 2374.8 | HU12: 2521.8 | HV12: 3017.8 | HW12: 2639.6 | HX12: 2652.2 | HY12: 2691.9 | HZ12: 2726.2 | IA12: 2704.5 | IB12: 2684.2 | IC12: 2615.1 | ID12: 2642.4 | IE12: 2588.3 | IF12: 2609.7 | IG12: 2620.5 | IH12: 3234.1 | II12: 2952.1 | IJ12: 3081.8 | IK12: 3014.1 | IL12: 3065 | IM12: 3101.9 | IN12: 2945.4 | IO12: 3045.1 | IP12: 3114 | IQ12: 2940.1 | IR12: 2877.9 | IS12: 3010 | IT12: 3592.6 | IU12: 3216.8 | IV12: 3250.4 | IW12: 3067.9 | IX12: 3271.5 | IY12: 3272.7 | IZ12: 3130.8 | JA12: 3195.7 | JB12: 3284.9 | JC12: 3241.9 | JD12: 3313.2 | JE12: 3237.5 | JF12: 4310.1 | JG12: 3879.7 | JH12: 3833.5 | JI12: 3613.1 | JJ12: 3828 | JK12: 3731.4 | JL12: 3519.5 | JM12: 3661.5 | JN12: 3551.6 | JO12: 3476.8 | JP12: 3686.5 | JQ12: 3725.5 | JR12: 4505 | JS12: 3776.7 | JT12: 3832.5 | JU12: 3738.4 | JV12: 3963.4 | JW12: 3989.7 | JX12: 4020.4 | JY12: 4331.1 | JZ12: 4223.6 | KA12: 4367.2 | KB12: 4078.6 | KC12: 4252.9 | KD12: 4762 | KE12: 4526.6 | KF12: 4621 | KG12: 4837.1 | KH12: 4876.1 | KI12: 5000 | KJ12: 5018.7 | KK12: 4740.4 | KL12: 4752.5 | KM12: 4903.1 | KN12: 4777.8 | KO12: 4844.4 | KP12: 5536.9 | KQ12: 5220.6 | KR12: 5181.8 | KS12: 5260.9 | KT12: 5448 | KU12: 5325.1 | KV12: 5639.2 | KW12: 5376.6 | KX12: 5903.9 | KY12: 5831.6 | KZ12: 5724.8 | LA12: 6035.9 | LB12: 6990.1 | LC12: 6264.1 | LD12: 6325.1 | LE12: 6324 | LF12: 6095.7 | LG12: 6373.6 | LH12: 6370.3 | LI12: 6310.4 | LJ12: 6127 | LK12: 6348.6 | LL12: 6343.8 | LM12: 6927.1 | LN12: 7843.7 | LO12: 7262.2 | LP12: 7213 | LQ12: 7343.9 | LR12: 7289.7 | LS12: 7192.7 | LT12: 7281.4 | LU12: 7142.4 | LV12: 7083.3 | LW12: 7509.5 | LX12: 7543.9 | LY12: 7401.1 | LZ12: 8414.4 | MA12: 7827.6 | MB12: 7914.8 | MC12: 8069.4 | MD12: 8174.2 | ME12: 8177.2 | MF12: 8153.7 | MG12: 8304.3 | MH12: 8294.9 | MI12: 8601.9 | MJ12: 8847.9 | MK12: 9374.9 | ML12: 10779.4 | MM12: 9884.9 | MN12: 10181.5 | MO12: 11252.9 | MP12: 11120.5 | MQ12: 10941.7 | MR12: 10748.3 | MS12: 10606.4 | MT12: 11779.5 | MU12: 12334.7 | MV12: 12207 | MW12: 13157.4 | MX12: 15233.2 | MY12: 13729.9 | MZ12: 14302.5 | NA12: 14638.5 | NB12: 14369.1 | NC12: 14231.3 | ND12: 14129.1 | NE12: 13955.8 | NF12: 14542.7 | NG12: 14834.6 | NH12: 14658.3 | NI12: 15198.1 | NJ12: 17530.7 | NK12: 17027.6 | NL12: 17095.6 | NM12: 16558.7 | NN12: 18452.4 | NO12: 17008.3 | NP12: 17091.5 | NQ12: 16851.6 | NR12: 17709 | NS12: 17818.4 | NT12: 18536.3 | NU12: 19420.4 | NV12: 20300.2 | NW12: 19595.9 | NX12: 19427 | NY12: 18228.3 | NZ12: 18764.3 | OA12: 18772.6 | OB12: 18253.9 | OC12: 18616.9 | OD12: 19581.3 | OE12: 19086.9 | OF12: 19886.5 | OG12: 20790 | OH12: 21949 | OI12: 20608.7 | OJ12: 21493.5 | OK12: 20053.4 | OL12: 20449.2 | OM12: 21050.3 | ON12: 21047.4 | OO12: 21869
A13: Other deposits of households | CT13: 210.2 | CU13: 218 | CV13: 223.9 | CW13: 229 | CX13: 235.6 | CY13: 240.9 | CZ13: 244.9 | DA13: 250.8 | DB13: 259 | DC13: 269.9 | DD13: 287.7 | DE13: 311.6 | DF13: 339.3 | DG13: 360.7 | DH13: 378.2 | DI13: 392.4 | DJ13: 408.4 | DK13: 416.8 | DL13: 428.3 | DM13: 442.5 | DN13: 456.4 | DO13: 470 | DP13: 492.3 | DQ13: 509.7 | DR13: 525.5 | DS13: 547.3 | DT13: 577.6 | DU13: 602.3 | DV13: 627.6 | DW13: 654.4 | DX13: 685 | DY13: 711.3 | DZ13: 734.1 | EA13: 747.9 | EB13: 776.6 | EC13: 813.4 | ED13: 882.3 | EE13: 948.2 | EF13: 991 | EG13: 1024.4 | EH13: 1052.2 | EI13: 1065.6 | EJ13: 1080.6 | EK13: 1073.6 | EL13: 1088.1 | EM13: 1113.2 | EN13: 1142.9 | EO13: 1182.8 | EP13: 1246.3 | EQ13: 1270.1 | ER13: 1309 | ES13: 1355.6 | ET13: 1399.8 | EU13: 1429.6 | EV13: 1463.5 | EW13: 1498.3 | EX13: 1535.3 | EY13: 1576.9 | EZ13: 1610.6 | FA13: 1655.2 | FB13: 1748.8 | FC13: 1775.7 | FD13: 1830.6 | FE13: 1888.6 | FF13: 1943.7 | FG13: 2009.8 | FH13: 2075.3 | FI13: 2139.3 | FJ13: 2210 | FK13: 2274 | FL13: 2347.6 | FM13: 2430.4 | FN13: 2602 | FO13: 2666.3 | FP13: 2752.3 | FQ13: 2835.9 | FR13: 2928.6 | FS13: 3000.3 | FT13: 3079.9 | FU13: 3165.1 | FV13: 3250 | FW13: 3326.6 | FX13: 3388.4 | FY13: 3481.8 | FZ13: 3641.2 | GA13: 3671.7 | GB13: 3726 | GC13: 3797.2 | GD13: 3890.6 | GE13: 3966.1 | GF13: 4048 | GG13: 4117.7 | GH13: 4210.4 | GI13: 4163.8 | GJ13: 3839.4 | GK13: 3672 | GL13: 3504.8 | GM13: 3331.1 | GN13: 3365.2 | GO13: 3440.7 | GP13: 3543.8 | GQ13: 3654.6 | GR13: 3744.9 | GS13: 3803.6 | GT13: 3849.3 | GU13: 3927.4 | GV13: 4065.8 | GW13: 4208.5 | GX13: 4473.6 | GY13: 4604.9 | GZ13: 4794.6 | HA13: 4984.4 | HB13: 5181.6 | HC13: 5326.2 | HD13: 5467.3 | HE13: 5612.9 | HF13: 5740.2 | HG13: 5849.7 | HH13: 5978.6 | HI13: 6143.5 | HJ13: 6410.9 | HK13: 6504.9 | HL13: 6631.4 | HM13: 6735.7 | HN13: 6830.9 | HO13: 6903.2 | HP13: 6985.5 | HQ13: 7086.7 | HR13: 7149.7 | HS13: 7177.7 | HT13: 7216 | HU13: 7347.5 | HV13: 7684.2 | HW13: 7775.9 | HX13: 7891.3 | HY13: 8010.2 | HZ13: 8154.2 | IA13: 8240.7 | IB13: 8332.3 | IC13: 8379.9 | ID13: 8473.9 | IE13: 8529 | IF13: 8656.3 | IG13: 8797.6 | IH13: 9139.3 | II13: 9313.6 | IJ13: 9508.5 | IK13: 9691.9 | IL13: 9905 | IM13: 9993.1 | IN13: 10113.1 | IO13: 10219.1 | IP13: 10325.3 | IQ13: 10366 | IR13: 10507.8 | IS13: 10582.5 | IT13: 10837.7 | IU13: 10759.5 | IV13: 10755.8 | IW13: 10536.2 | IX13: 10634.9 | IY13: 10722.8 | IZ13: 10814.1 | JA13: 10919.5 | JB13: 11014.2 | JC13: 11057.1 | JD13: 10986.9 | JE13: 10908.3 | JF13: 10669.5 | JG13: 10867.2 | JH13: 11132.8 | JI13: 11348.4 | JJ13: 11558.4 | JK13: 11679.3 | JL13: 11808 | JM13: 11938.4 | JN13: 12067.5 | JO13: 12149.5 | JP13: 12273 | JQ13: 12419.1 | JR13: 12773.9 | JS13: 12901.6 | JT13: 13058.9 | JU13: 13177.8 | JV13: 13354.1 | JW13: 13492.2 | JX13: 13568.7 | JY13: 13676.8 | JZ13: 13812.3 | KA13: 13833.9 | KB13: 14004.4 | KC13: 14242.8 | KD13: 14633.4 | KE13: 14801.3 | KF13: 14953.1 | KG13: 15035.4 | KH13: 15086.1 | KI13: 15191.4 | KJ13: 15289.8 | KK13: 15269.7 | KL13: 15360.4 | KM13: 15445 | KN13: 15553 | KO13: 15713.3 | KP13: 16077.3 | KQ13: 16191.2 | KR13: 16279.4 | KS13: 16477.8 | KT13: 16577.5 | KU13: 16528.4 | KV13: 16610.2 | KW13: 16652 | KX13: 16662.1 | KY13: 16603.9 | KZ13: 16706.8 | LA13: 16874.9 | LB13: 17185.6 | LC13: 17258.6 | LD13: 17435.5 | LE13: 17562.5 | LF13: 17735.8 | LG13: 17770.1 | LH13: 17810.3 | LI13: 17836.8 | LJ13: 17993.8 | LK13: 18012.5 | LL13: 18087.8 | LM13: 18145.1 | LN13: 18397.8 | LO13: 18390 | LP13: 18455.2 | LQ13: 18213.1 | LR13: 17947.5 | LS13: 17773.5 | LT13: 17754.5 | LU13: 17736.6 | LV13: 17503.2 | LW13: 17295.6 | LX13: 16957.1 | LY13: 16597 | LZ13: 16685.6 | MA13: 16486.1 | MB13: 16326.7 | MC13: 16161.3 | MD13: 16109.2 | ME13: 15897.5 | MF13: 15780.2 | MG13: 15739.9 | MH13: 15888.1 | MI13: 16054.5 | MJ13: 16204 | MK13: 16377.1 | ML13: 17168.9 | MM13: 17359.4 | MN13: 17060.7 | MO13: 19818.9 | MP13: 20826.4 | MQ13: 21080.5 | MR13: 20198 | MS13: 20286.8 | MT13: 20210.8 | MU13: 19571 | MV13: 19516.2 | MW13: 19580.1 | MX13: 20276.7 | MY13: 20412.6 | MZ13: 20602.3 | NA13: 20801.7 | NB13: 21194.1 | NC13: 21349 | ND13: 21432 | NE13: 21545.6 | NF13: 22478.9 | NG13: 23510.2 | NH13: 24479.7 | NI13: 25855.1 | NJ13: 27385.8 | NK13: 28042.9 | NL13: 28615 | NM13: 29394.6 | NN13: 30335.4 | NO13: 30965 | NP13: 31657.4 | NQ13: 31957.5 | NR13: 33038.2 | NS13: 33936.5 | NT13: 35534.7 | NU13: 37146.1 | NV13: 39384 | NW13: 39987.5 | NX13: 40805.3 | NY13: 41452.6 | NZ13: 42246.2 | OA13: 42502.4 | OB13: 42774 | OC13: 43198.6 | OD13: 43344.5 | OE13: 43328.4 | OF13: 44056.1 | OG13: 44223.8 | OH13: 45751.1 | OI13: 46231.5 | OJ13: 46705.2 | OK13: 46511.9 | OL13: 46512.9 | OM13: 46235.2 | ON13: 46296.9 | OO13: 46169.2
A14: Monetary aggregate М2 | B14: 6.5 | C14: 7.7 | D14: 8.4 | E14: 9.6 | F14: 11.8 | G14: 14.5 | H14: 13.8 | I14: 19.6 | J14: 22.3 | K14: 22.9 | L14: 25.8 | M14: 28 | N14: 33.2 | O14: 35.5 | P14: 37 | Q14: 40.3 | R14: 47.3 | S14: 53.7 | T14: 60.7 | U14: 65.7 | V14: 72.6 | W14: 78.6 | X14: 82.5 | Y14: 86.6 | Z14: 97.8 | AA14: 93.5 | AB14: 101.7 | AC14: 107.2 | AD14: 123.2 | AE14: 138.2 | AF14: 156.6 | AG14: 165 | AH14: 173.8 | AI14: 179.7 | AJ14: 184.1 | AK14: 195.1 | AL14: 220.8 | AM14: 216.7 | AN14: 229.2 | AO14: 241.7 | AP14: 251 | AQ14: 254.2 | AR14: 266.9 | AS14: 271.8 | AT14: 275.3 | AU14: 276.1 | AV14: 278.8 | AW14: 282.4 | AX14: 288.3 | AY14: 289.9 | AZ14: 299.5 | BA14: 305.8 | BB14: 317.8 | BC14: 328.4 | BD14: 352 | BE14: 363 | BF14: 364.6 | BG14: 363 | BH14: 368.8 | BI14: 357.4 | BJ14: 374.1 | BK14: 364.9 | BL14: 366.9 | BM14: 364.7 | BN14: 372.6 | BO14: 375.7 | BP14: 374.5 | BQ14: 365.6 | BR14: 350.5 | BS14: 374.1 | BT14: 386.9 | BU14: 407.4 | BV14: 453.7 | BW14: 450.6 | BX14: 471.3 | BY14: 482.2 | BZ14: 518.8 | CA14: 553.7 | CB14: 581.5 | CC14: 596 | CD14: 605.7 | CE14: 611.9 | CF14: 639.4 | CG14: 663.5 | CH14: 714.6 | CI14: 709.6 | CJ14: 742 | CK14: 768.4 | CL14: 802.5 | CM14: 850.1 | CN14: 905.8 | CO14: 950.5 | CP14: 977.6 | CQ14: 1008.8 | CR14: 1016.4 | CS14: 1054.6 | CT14: 1150.6 | CU14: 1090 | CV14: 1118.5 | CW14: 1159.6 | CX14: 1220.5 | CY14: 1242.6 | CZ14: 1301.3 | DA14: 1337.4 | DB14: 1374.5 | DC14: 1421.5 | DD14: 1449.8 | DE14: 1448.2 | DF14: 1609.4 | DG14: 1511.2 | DH14: 1532.8 | DI14: 1574.1 | DJ14: 1630.7 | DK14: 1700.2 | DL14: 1764.1 | DM14: 1790.2 | DN14: 1824.3 | DO14: 1857.4 | DP14: 1900 | DQ14: 1943.9 | DR14: 2130.6 | DS14: 2033.3 | DT14: 2114.1 | DU14: 2218.4 | DV14: 2326.1 | DW14: 2447.3 | DX14: 2619.3 | DY14: 2638.3 | DZ14: 2695.4 | EA14: 2744.1 | EB14: 2753.6 | EC14: 2835.2 | ED14: 3205.2 | EE14: 3203.3 | EF14: 3323.5 | EG14: 3409.7 | EH14: 3474.2 | EI14: 3514.9 | EJ14: 3670.9 | EK14: 3626.7 | EL14: 3649.8 | EM14: 3717.5 | EN14: 3787.7 | EO14: 3928.5 | EP14: 4353.9 | EQ14: 4179.9 | ER14: 4300.6 | ES14: 4462.7 | ET14: 4577.5 | EU14: 4677.7 | EV14: 4915.4 | EW14: 4974.3 | EX14: 5118.2 | EY14: 5274.9 | EZ14: 5296.5 | FA14: 5417.1 | FB14: 6032.1 | FC14: 5822.1 | FD14: 5899.7 | FE14: 6148.1 | FF14: 6333.4 | FG14: 6663.4 | FH14: 7057.2 | FI14: 7199.6 | FJ14: 7417.4 | FK14: 7727.1 | FL14: 7743.4 | FM14: 7974.4 | FN14: 8970.7 | FO14: 8674.9 | FP14: 8873.4 | FQ14: 9381.7 | FR14: 9964.3 | FS14: 10673 | FT14: 10827.4 | FU14: 10888.4 | FV14: 11128.5 | FW14: 11461.8 | FX14: 11382.2 | FY14: 11756 | FZ14: 12869 | GA14: 12509.7 | GB14: 12662.9 | GC14: 12973.8 | GD14: 12944.4 | GE14: 13312.8 | GF14: 13841.2 | GG14: 13842.6 | GH14: 14196.6 | GI14: 14045.7 | GJ14: 13173.1 | GK14: 12839.2 | GL14: 12975.9 | GM14: 11430.9 | GN14: 11465.2 | GO14: 11581.6 | GP14: 11838.7 | GQ14: 12331.6 | GR14: 12650.5 | GS14: 12618.1 | GT14: 12797.3 | GU14: 13101.9 | GV14: 13376.9 | GW14: 13713.3 | GX14: 15267.6 | GY14: 14904.1 | GZ14: 15236.4 | HA14: 15639.4 | HB14: 16098.6 | HC14: 16470.6 | HD14: 16900.9 | HE14: 17063.3 | HF14: 17437.7 | HG14: 17690.2 | HH14: 17848.3 | HI14: 18264.9 | HJ14: 20011.9 | HK14: 19307.7 | HL14: 19536.7 | HM14: 19788.7 | HN14: 20020.8 | HO14: 20160.9 | HP14: 20721.9 | HQ14: 20828.1 | HR14: 21061.9 | HS14: 21480.4 | HT14: 21366.7 | HU14: 21920 | HV14: 24204.8 | HW14: 23349.1 | HX14: 23542.5 | HY14: 23747.8 | HZ14: 23923.8 | IA14: 24036.3 | IB14: 24461 | IC14: 24306.3 | ID14: 24284.2 | IE14: 24437.8 | IF14: 24444.8 | IG14: 24741 | IH14: 27164.6 | II14: 26348.7 | IJ14: 26768.4 | IK14: 27198.6 | IL14: 27377.1 | IM14: 27593.4 | IN14: 28212.3 | IO14: 28443.9 | IP14: 28499.9 | IQ14: 28352.6 | IR14: 28276.4 | IS14: 28873.3 | IT14: 31155.6 | IU14: 29861.2 | IV14: 30169 | IW14: 29519.3 | IX14: 29879.2 | IY14: 29890.8 | IZ14: 30071.8 | JA14: 30178.3 | JB14: 30338.7 | JC14: 30297.6 | JD14: 29831.2 | JE14: 30141.9 | JF14: 31615.7 | JG14: 31033.5 | JH14: 31224.9 | JI14: 31028.4 | JJ14: 31696.9 | JK14: 31820.4 | JL14: 31936.3 | JM14: 32046 | JN14: 32257.3 | JO14: 32052.5 | JP14: 32161 | JQ14: 32743.4 | JR14: 35179.7 | JS14: 33935 | JT14: 34309.6 | JU14: 34688.8 | JV14: 35103.6 | JW14: 35642.9 | JX14: 35856.9 | JY14: 36031.2 | JZ14: 36145.6 | KA14: 36148.8 | KB14: 36051.1 | KC14: 36433 | KD14: 38417.7 | KE14: 38017.1 | KF14: 38462.6 | KG14: 38555.5 | KH14: 38664.1 | KI14: 39223.2 | KJ14: 39623.1 | KK14: 39276.3 | KL14: 39419.7 | KM14: 39572.4 | KN14: 39667.7 | KO14: 40114.5 | KP14: 42442.2 | KQ14: 41598.1 | KR14: 42046.2 | KS14: 42376.2 | KT14: 43122.6 | KU14: 43258 | KV14: 44126.7 | KW14: 43911.5 | KX14: 44370.3 | KY14: 44254 | KZ14: 44219.6 | LA14: 44892.8 | LB14: 47109.3 | LC14: 45723.2 | LD14: 46214.7 | LE14: 46141.4 | LF14: 46437.5 | LG14: 46736.9 | LH14: 47349.4 | LI14: 47352.5 | LJ14: 47586.7 | LK14: 48267 | LL14: 48084 | LM14: 49196.9 | LN14: 51660.3 | LO14: 50623.2 | LP14: 51314.5 | LQ14: 52327.1 | LR14: 52951.7 | LS14: 53067.4 | LT14: 54392.6 | LU14: 54686.8 | LV14: 55293.7 | LW14: 56024.9 | LX14: 55871.1 | LY14: 56122.6 | LZ14: 58652.1 | MA14: 57597.9 | MB14: 58178.2 | MC14: 58262.6 | MD14: 59205.8 | ME14: 59194.1 | MF14: 59583.9 | MG14: 59379.7 | MH14: 59816.9 | MI14: 60606.2 | MJ14: 60813.7 | MK14: 62312.5 | ML14: 66252.9 | MM14: 65310.3 | MN14: 66659.7 | MO14: 68203.5 | MP14: 68475.3 | MQ14: 68993.4 | MR14: 69623.2 | MS14: 70825.4 | MT14: 73333.3 | MU14: 75096.8 | MV14: 75636.5 | MW14: 76872.2 | MX14: 82388 | MY14: 82221.7 | MZ14: 83955.9 | NA14: 84813.1 | NB14: 84636 | NC14: 86197.3 | ND14: 87276.8 | NE14: 88294 | NF14: 90110.9 | NG14: 90597.3 | NH14: 91134.7 | NI14: 92546.9 | NJ14: 98385.4 | NK14: 97816.7 | NL14: 99422 | NM14: 99595.8 | NN14: 103107.4 | NO14: 102519.1 | NP14: 103557.2 | NQ14: 104351.3 | NR14: 106242.7 | NS14: 107634.8 | NT14: 108947.9 | NU14: 111025.2 | NV14: 117256.4 | NW14: 116577.8 | NX14: 117697.6 | NY14: 116499 | NZ14: 117537.1 | OA14: 118211.4 | OB14: 119088.7 | OC14: 120037.2 | OD14: 121566.9 | OE14: 121260.6 | OF14: 123065.6 | OG14: 124715.8 | OH14: 129628.7 | OI14: 127853.8 | OJ14: 131071.8 | OK14: 130224.2 | OL14: 131989.3 | OM14: 133633.3 | ON14: 134848.2 | OO14: 135683.4
A15: Other deposits in foreign currency | CT15: 423.3 | CU15: 458.8 | CV15: 512.5 | CW15: 490.5 | CX15: 484.2 | CY15: 504.4 | CZ15: 511.6 | DA15: 522.3 | DB15: 514.4 | DC15: 520.4 | DD15: 543.3 | DE15: 557.1 | DF15: 528.3 | DG15: 564.9 | DH15: 591.5 | DI15: 586.1 | DJ15: 601.9 | DK15: 607 | DL15: 610.7 | DM15: 631.8 | DN15: 639.2 | DO15: 653 | DP15: 658.9 | DQ15: 679 | DR15: 728.2 | DS15: 754.7 | DT15: 811.5 | DU15: 784 | DV15: 743 | DW15: 728.6 | DX15: 729.1 | DY15: 769.7 | DZ15: 765.2 | EA15: 842.1 | EB15: 803.9 | EC15: 797.5 | ED15: 749 | EE15: 730 | EF15: 755.9 | EG15: 768.6 | EH15: 846.5 | EI15: 843.5 | EJ15: 862.6 | EK15: 915.4 | EL15: 912.5 | EM15: 912.5 | EN15: 933.2 | EO15: 926.3 | EP15: 934.9 | EQ15: 993.8 | ER15: 1032.8 | ES15: 1024.4 | ET15: 1006.8 | EU15: 1054.7 | EV15: 1091.2 | EW15: 1100.8 | EX15: 1156 | EY15: 1167.9 | EZ15: 1169.4 | FA15: 1172 | FB15: 1181.2 | FC15: 1196.6 | FD15: 1239.6 | FE15: 1226.6 | FF15: 1174.5 | FG15: 1192.5 | FH15: 1220 | FI15: 1183.4 | FJ15: 1128.1 | FK15: 1151.3 | FL15: 1208.8 | FM15: 1227.5 | FN15: 1156 | FO15: 1211.9 | FP15: 1282.2 | FQ15: 1491.2 | FR15: 1196.8 | FS15: 1202.3 | FT15: 1184.3 | FU15: 1172 | FV15: 1211.7 | FW15: 1213.5 | FX15: 1287.7 | FY15: 1351.3 | FZ15: 1367.1 | GA15: 1459.4 | GB15: 1593.4 | GC15: 1548 | GD15: 1515.8 | GE15: 1688.3 | GF15: 1704.1 | GG15: 1564.2 | GH15: 1681.5 | GI15: 1714.6 | GJ15: 1979.5 | GK15: 2220.5 | GL15: 3300.8 | GM15: 4432.4 | GN15: 4410.9 | GO15: 4228.8 | GP15: 4033.5 | GQ15: 3754.3 | GR15: 3929.4 | GS15: 4112.7 | GT15: 4122 | GU15: 3902.6 | GV15: 3751.9 | GW15: 3950 | GX15: 3828.2 | GY15: 3913.1 | GZ15: 3857.6 | HA15: 3670.3 | HB15: 3610.5 | HC15: 3634.2 | HD15: 3656.2 | HE15: 3706.7 | HF15: 3554.5 | HG15: 3628.4 | HH15: 3668.6 | HI15: 3852.8 | HJ15: 3779.3 | HK15: 3845.5 | HL15: 3970.7 | HM15: 3822.1 | HN15: 3688.7 | HO15: 3838.5 | HP15: 3709.7 | HQ15: 3730.4 | HR15: 3858.7 | HS15: 4182.9 | HT15: 4923.4 | HU15: 4345.5 | HV15: 4256.1 | HW15: 4362.9 | HX15: 4280.5 | HY15: 4357.5 | HZ15: 4329.8 | IA15: 4665 | IB15: 4649.4 | IC15: 4688.5 | ID15: 4822 | IE15: 4840.8 | IF15: 5055.3 | IG15: 4952.7 | IH15: 4808.5 | II15: 4893.7 | IJ15: 5010.9 | IK15: 5149.3 | IL15: 5312 | IM15: 5318.5 | IN15: 5613.8 | IO15: 5628.1 | IP15: 5769.2 | IQ15: 5826.8 | IR15: 5840.3 | IS15: 5919.3 | IT15: 5857.3 | IU15: 6832.2 | IV15: 7106.6 | IW15: 7194.2 | IX15: 7055.7 | IY15: 7051.8 | IZ15: 6757.3 | JA15: 6886.2 | JB15: 6983 | JC15: 7452.7 | JD15: 8579.3 | JE15: 9526.9 | JF15: 10826.6 | JG15: 13634.5 | JH15: 12149.5 | JI15: 11642.9 | JJ15: 10473.7 | JK15: 10463.2 | JL15: 11232.1 | JM15: 11797.3 | JN15: 13512 | JO15: 14261.2 | JP15: 13919.3 | JQ15: 14170 | JR15: 15614 | JS15: 16267.7 | JT15: 16234.7 | JU15: 14742.7 | JV15: 13944.5 | JW15: 14097.7 | JX15: 13503.9 | JY15: 13571.4 | JZ15: 13009.2 | KA15: 12824.8 | KB15: 12575.4 | KC15: 12919.1 | KD15: 11989.2 | KE15: 12714 | KF15: 12178.7 | KG15: 11624.3 | KH15: 11719.4 | KI15: 11727.8 | KJ15: 12041.9 | KK15: 12217.1 | KL15: 12002.9 | KM15: 11837.3 | KN15: 11724.7 | KO15: 12039.4 | KP15: 11835.1 | KQ15: 12177.2 | KR15: 11599.3 | KS15: 11937.4 | KT15: 12695.9 | KU15: 12987.4 | KV15: 12717 | KW15: 12603.6 | KX15: 13337.6 | KY15: 13120.7 | KZ15: 13103.4 | LA15: 13364.9 | LB15: 14139.8 | LC15: 13927.5 | LD15: 14148.5 | LE15: 13921.4 | LF15: 13980.7 | LG15: 14166.3 | LH15: 13521.8 | LI15: 13523 | LJ15: 14234.4 | LK15: 13637.7 | LL15: 13548.4 | LM15: 13492.3 | LN15: 12837.9 | LO15: 13257.7 | LP15: 14134.3 | LQ15: 15966 | LR15: 15178 | LS15: 14760.7 | LT15: 14293.1 | LU15: 15086.1 | LV15: 15508.3 | LW15: 16413.9 | LX15: 16302.5 | LY15: 16387.5 | LZ15: 16619.2 | MA15: 17326.3 | MB15: 17216.1 | MC15: 17134.5 | MD15: 17051.7 | ME15: 17132.1 | MF15: 16462.8 | MG15: 16693.2 | MH15: 17515.4 | MI15: 17672 | MJ15: 17096.7 | MK15: 17992.6 | ML15: 17502.9 | MM15: 18678.8 | MN15: 18969.8 | MO15: 17286.4 | MP15: 15214.4 | MQ15: 13928.1 | MR15: 11173.5 | MS15: 12998.6 | MT15: 12354.7 | MU15: 11036.2 | MV15: 11014.2 | MW15: 10919.6 | MX15: 12322.7 | MY15: 12269.3 | MZ15: 13094.2 | NA15: 12957.2 | NB15: 13210 | NC15: 13036.8 | ND15: 13637.4 | NE15: 14388.4 | NF15: 15331 | NG15: 15547.7 | NH15: 14866.1 | NI15: 14276.7 | NJ15: 14093.5 | NK15: 13956.3 | NL15: 14418.4 | NM15: 14505.8 | NN15: 14485.5 | NO15: 14436.1 | NP15: 13247.9 | NQ15: 13576.1 | NR15: 13730.9 | NS15: 14123.1 | NT15: 14455.5 | NU15: 15482.9 | NV15: 13878 | NW15: 13856.7 | NX15: 12519.9 | NY15: 12086.2 | NZ15: 11920.3 | OA15: 11637 | OB15: 11564.2 | OC15: 12205.4 | OD15: 12261.3 | OE15: 13805.7 | OF15: 13841.4 | OG15: 13629.1 | OH15: 13560.9 | OI15: 13431.5 | OJ15: 13580 | OK15: 13714 | OL15: 12649.7 | OM15: 12048.5 | ON15: 12591.5 | OO15: 12868.2
A16: Deposits of other financial corporations in foreign currency | CT16: 5.3 | CU16: 5.5 | CV16: 5 | CW16: 6.9 | CX16: 7.2 | CY16: 7.7 | CZ16: 7.3 | DA16: 8.2 | DB16: 7.6 | DC16: 8.4 | DD16: 8.7 | DE16: 9.7 | DF16: 16.1 | DG16: 15.9 | DH16: 17.6 | DI16: 18.6 | DJ16: 18.3 | DK16: 16.1 | DL16: 12.3 | DM16: 12.1 | DN16: 12.5 | DO16: 13.5 | DP16: 17 | DQ16: 17.4 | DR16: 39.5 | DS16: 40.4 | DT16: 38.7 | DU16: 36 | DV16: 42.1 | DW16: 15.9 | DX16: 17.8 | DY16: 13 | DZ16: 12.5 | EA16: 14.3 | EB16: 11 | EC16: 11.8 | ED16: 10.6 | EE16: 16 | EF16: 11.6 | EG16: 9.9 | EH16: 8.4 | EI16: 11.6 | EJ16: 13.2 | EK16: 11.4 | EL16: 13.3 | EM16: 15 | EN16: 19.6 | EO16: 18.6 | EP16: 20.4 | EQ16: 19.6 | ER16: 35.9 | ES16: 28.4 | ET16: 23.3 | EU16: 27 | EV16: 28.8 | EW16: 32 | EX16: 29.8 | EY16: 26.9 | EZ16: 24 | FA16: 20.4 | FB16: 21.6 | FC16: 25.2 | FD16: 22.7 | FE16: 19.5 | FF16: 22.7 | FG16: 18.3 | FH16: 20.5 | FI16: 23.4 | FJ16: 24.4 | FK16: 30 | FL16: 24.3 | FM16: 23.5 | FN16: 16 | FO16: 17.9 | FP16: 24.3 | FQ16: 20.5 | FR16: 22.7 | FS16: 26.5 | FT16: 21.3 | FU16: 19.7 | FV16: 17.7 | FW16: 20.3 | FX16: 18.3 | FY16: 20.3 | FZ16: 18.5 | GA16: 19.2 | GB16: 11.9 | GC16: 18.5 | GD16: 15.3 | GE16: 12.8 | GF16: 17.5 | GG16: 13.2 | GH16: 12.6 | GI16: 13.9 | GJ16: 28.4 | GK16: 44.4 | GL16: 77.8 | GM16: 158.8 | GN16: 122.8 | GO16: 115.2 | GP16: 121.6 | GQ16: 95.3 | GR16: 96.5 | GS16: 104.9 | GT16: 103.2 | GU16: 90.3 | GV16: 83 | GW16: 91.4 | GX16: 77.9 | GY16: 73.5 | GZ16: 66.8 | HA16: 61.8 | HB16: 55.4 | HC16: 51 | HD16: 54.3 | HE16: 51.8 | HF16: 49.3 | HG16: 60.3 | HH16: 53.9 | HI16: 49.2 | HJ16: 48.5 | HK16: 41.8 | HL16: 42.4 | HM16: 45.3 | HN16: 43.3 | HO16: 49.7 | HP16: 48 | HQ16: 46.5 | HR16: 43 | HS16: 45.3 | HT16: 42.6 | HU16: 49.5 | HV16: 54.4 | HW16: 56.2 | HX16: 59.6 | HY16: 71.4 | HZ16: 64.9 | IA16: 64.5 | IB16: 68.6 | IC16: 83.3 | ID16: 89.9 | IE16: 84.1 | IF16: 93.5 | IG16: 81.9 | IH16: 86.1 | II16: 67 | IJ16: 60.5 | IK16: 65 | IL16: 71.3 | IM16: 76.9 | IN16: 77.6 | IO16: 81.2 | IP16: 78.7 | IQ16: 78 | IR16: 85.4 | IS16: 98.3 | IT16: 77.2 | IU16: 87.8 | IV16: 83.6 | IW16: 95.2 | IX16: 89.2 | IY16: 96.4 | IZ16: 93.7 | JA16: 92.9 | JB16: 93.2 | JC16: 94.2 | JD16: 111.8 | JE16: 109.4 | JF16: 125.6 | JG16: 169.5 | JH16: 153.7 | JI16: 137.3 | JJ16: 153.2 | JK16: 157.7 | JL16: 174.3 | JM16: 202.9 | JN16: 212.7 | JO16: 212.9 | JP16: 223.2 | JQ16: 228.8 | JR16: 256.7 | JS16: 267 | JT16: 255.1 | JU16: 281.8 | JV16: 256.3 | JW16: 278.7 | JX16: 240.2 | JY16: 243.3 | JZ16: 231.3 | KA16: 231 | KB16: 247.7 | KC16: 224.9 | KD16: 217.3 | KE16: 225 | KF16: 214.9 | KG16: 221.2 | KH16: 256.3 | KI16: 217.7 | KJ16: 226.9 | KK16: 230.7 | KL16: 231.9 | KM16: 299.5 | KN16: 229 | KO16: 224 | KP16: 217.7 | KQ16: 222.9 | KR16: 216.4 | KS16: 235.9 | KT16: 208.7 | KU16: 201.7 | KV16: 196.6 | KW16: 200.8 | KX16: 202.6 | KY16: 214.9 | KZ16: 220.6 | LA16: 229.9 | LB16: 237 | LC16: 249.2 | LD16: 241 | LE16: 246.4 | LF16: 256.2 | LG16: 260 | LH16: 260.2 | LI16: 262.5 | LJ16: 268.1 | LK16: 256 | LL16: 260.1 | LM16: 247.9 | LN16: 235.9 | LO16: 244.5 | LP16: 259.1 | LQ16: 325.6 | LR16: 358.5 | LS16: 335.1 | LT16: 384.8 | LU16: 415.7 | LV16: 383.8 | LW16: 366.5 | LX16: 418.5 | LY16: 362.8 | LZ16: 414.2 | MA16: 398.3 | MB16: 449.1 | MC16: 450.2 | MD16: 427.6 | ME16: 424.7 | MF16: 448.1 | MG16: 459.1 | MH16: 463.6 | MI16: 498.2 | MJ16: 428.5 | MK16: 501.9 | ML16: 482.2 | MM16: 455.3 | MN16: 555.1 | MO16: 393.7 | MP16: 461.5 | MQ16: 406.9 | MR16: 257.5 | MS16: 320.7 | MT16: 312.3 | MU16: 273.2 | MV16: 268 | MW16: 314.3 | MX16: 318.4 | MY16: 325.2 | MZ16: 328.2 | NA16: 408.9 | NB16: 422.9 | NC16: 469.1 | ND16: 341.4 | NE16: 367.7 | NF16: 395.5 | NG16: 483.7 | NH16: 403.8 | NI16: 366.5 | NJ16: 450.9 | NK16: 394.2 | NL16: 431.7 | NM16: 455.1 | NN16: 460.9 | NO16: 432.8 | NP16: 474.8 | NQ16: 410.3 | NR16: 407.3 | NS16: 426.9 | NT16: 463.3 | NU16: 464.6 | NV16: 408.5 | NW16: 410 | NX16: 303.7 | NY16: 292.6 | NZ16: 279.1 | OA16: 270.9 | OB16: 257 | OC16: 260.2 | OD16: 243.1 | OE16: 272.5 | OF16: 250.3 | OG16: 254.2 | OH16: 250.9 | OI16: 234.1 | OJ16: 328.5 | OK16: 276 | OL16: 263.3 | OM16: 276 | ON16: 249.6 | OO16: 326.2
A17: Deposits of non-financial corporations in foreign currency | CT17: 269.7 | CU17: 299.7 | CV17: 345.5 | CW17: 315.6 | CX17: 302.4 | CY17: 315.4 | CZ17: 315.4 | DA17: 315.8 | DB17: 301.9 | DC17: 305.8 | DD17: 321.6 | DE17: 324.5 | DF17: 269.4 | DG17: 290.2 | DH17: 304.7 | DI17: 285 | DJ17: 286.5 | DK17: 284.7 | DL17: 278.1 | DM17: 286.9 | DN17: 283.4 | DO17: 286.1 | DP17: 277.7 | DQ17: 286.5 | DR17: 294.3 | DS17: 289.7 | DT17: 351.4 | DU17: 325.7 | DV17: 270.9 | DW17: 282.9 | DX17: 283.9 | DY17: 320.5 | DZ17: 304.3 | EA17: 357.2 | EB17: 326 | EC17: 323.5 | ED17: 279.3 | EE17: 276.9 | EF17: 306.5 | EG17: 316.1 | EH17: 373.1 | EI17: 355.7 | EJ17: 370.3 | EK17: 421.5 | EL17: 402.9 | EM17: 394.4 | EN17: 408.6 | EO17: 404.9 | EP17: 400.2 | EQ17: 453 | ER17: 473.8 | ES17: 461 | ET17: 434.2 | EU17: 470.1 | EV17: 488 | EW17: 478.8 | EX17: 526.3 | EY17: 535.7 | EZ17: 534.8 | FA17: 515.7 | FB17: 495.5 | FC17: 516.3 | FD17: 561.7 | FE17: 552.2 | FF17: 509.7 | FG17: 554.9 | FH17: 585.3 | FI17: 551.8 | FJ17: 504.2 | FK17: 520.7 | FL17: 579.1 | FM17: 601.3 | FN17: 525.6 | FO17: 580.9 | FP17: 647 | FQ17: 856 | FR17: 567.8 | FS17: 569.8 | FT17: 554.4 | FU17: 542 | FV17: 577.7 | FW17: 589.5 | FX17: 660.6 | FY17: 715.4 | FZ17: 699.9 | GA17: 780.9 | GB17: 903.1 | GC17: 841 | GD17: 798.9 | GE17: 893.7 | GF17: 921.1 | GG17: 782.2 | GH17: 879.9 | GI17: 890.6 | GJ17: 1047.3 | GK17: 1098.3 | GL17: 1674.8 | GM17: 2229.5 | GN17: 2207.9 | GO17: 2104 | GP17: 1959.6 | GQ17: 1805.7 | GR17: 1956.2 | GS17: 2069.6 | GT17: 2037.8 | GU17: 1877.2 | GV17: 1791.9 | GW17: 1939.5 | GX17: 1815.7 | GY17: 1911.4 | GZ17: 1924.9 | HA17: 1803.4 | HB17: 1788.9 | HC17: 1843.3 | HD17: 1831.8 | HE17: 1882.7 | HF17: 1727.5 | HG17: 1744.9 | HH17: 1735.3 | HI17: 1930.9 | HJ17: 1875.7 | HK17: 1957.4 | HL17: 2074.9 | HM17: 1934.6 | HN17: 1818.4 | HO17: 1957.9 | HP17: 1821.1 | HQ17: 1873.5 | HR17: 1916.8 | HS17: 2089.7 | HT17: 2895.8 | HU17: 2263 | HV17: 2095.7 | HW17: 2262.7 | HX17: 2190.8 | HY17: 2181.5 | HZ17: 2152.8 | IA17: 2323.5 | IB17: 2255 | IC17: 2295.1 | ID17: 2333.8 | IE17: 2396.8 | IF17: 2538.2 | IG17: 2461.6 | IH17: 2311.9 | II17: 2410.1 | IJ17: 2495.9 | IK17: 2537.5 | IL17: 2633 | IM17: 2618.4 | IN17: 2816.5 | IO17: 2750.8 | IP17: 2831.7 | IQ17: 2895.7 | IR17: 2881.6 | IS17: 2892.8 | IT17: 2933 | IU17: 3597.7 | IV17: 3743.5 | IW17: 3835.1 | IX17: 3727.4 | IY17: 3808.4 | IZ17: 3575 | JA17: 3580.9 | JB17: 3646.7 | JC17: 4044.7 | JD17: 4727.3 | JE17: 5246.8 | JF17: 5993.2 | JG17: 7820 | JH17: 6954.5 | JI17: 6633.3 | JJ17: 5813.6 | JK17: 5620.8 | JL17: 6108.9 | JM17: 6326.4 | JN17: 7335.3 | JO17: 8071.8 | JP17: 7848.9 | JQ17: 7970.1 | JR17: 8753.3 | JS17: 9356.9 | JT17: 9448.6 | JU17: 8521.5 | JV17: 7970.7 | JW17: 7986.6 | JX17: 7534.5 | JY17: 7313.5 | JZ17: 6925.6 | KA17: 6828.7 | KB17: 6569.3 | KC17: 6817.3 | KD17: 6253.8 | KE17: 7001.8 | KF17: 6671.1 | KG17: 6282.8 | KH17: 6205.4 | KI17: 6343.4 | KJ17: 6410.9 | KK17: 6591.2 | KL17: 6460.5 | KM17: 6325.1 | KN17: 6340.2 | KO17: 6638.4 | KP17: 6490.2 | KQ17: 6886.7 | KR17: 6399.3 | KS17: 6642.4 | KT17: 7198.3 | KU17: 7527.1 | KV17: 7241.9 | KW17: 7077 | KX17: 7432.9 | KY17: 7448.9 | KZ17: 7438.9 | LA17: 7558.3 | LB17: 8009.3 | LC17: 7905.5 | LD17: 8054.7 | LE17: 7823.4 | LF17: 7836.4 | LG17: 7960.1 | LH17: 7403.3 | LI17: 7337.7 | LJ17: 7804.5 | LK17: 7362.4 | LL17: 7337.5 | LM17: 7319.9 | LN17: 6794.1 | LO17: 7127.8 | LP17: 7738.3 | LQ17: 8894.6 | LR17: 8498.5 | LS17: 8306.6 | LT17: 7819.4 | LU17: 8277.9 | LV17: 8649.9 | LW17: 9235.3 | LX17: 9131.6 | LY17: 9464.4 | LZ17: 9591.5 | MA17: 10133.7 | MB17: 10134.8 | MC17: 10017.7 | MD17: 10018.9 | ME17: 10147.4 | MF17: 9484.8 | MG17: 9648 | MH17: 10414.5 | MI17: 10508.2 | MJ17: 10132.3 | MK17: 10727 | ML17: 10304.9 | MM17: 11355.6 | MN17: 11757.1 | MO17: 10976.2 | MP17: 9759.7 | MQ17: 8934.9 | MR17: 7208.4 | MS17: 8411.8 | MT17: 8022.8 | MU17: 7342.8 | MV17: 7300.6 | MW17: 7226.2 | MX17: 8197.4 | MY17: 8209 | MZ17: 8840.2 | NA17: 8783.7 | NB17: 9035.1 | NC17: 8887.4 | ND17: 9423.3 | NE17: 10051.4 | NF17: 10876.8 | NG17: 11015.1 | NH17: 10643.5 | NI17: 10258.7 | NJ17: 9644.4 | NK17: 9618.7 | NL17: 9977.8 | NM17: 10019.9 | NN17: 10054.5 | NO17: 10099.2 | NP17: 9119.1 | NQ17: 9509.5 | NR17: 9543.4 | NS17: 9875 | NT17: 10089.1 | NU17: 10876.7 | NV17: 9618.1 | NW17: 9713.1 | NX17: 8861.7 | NY17: 8566.2 | NZ17: 8449.8 | OA17: 8275.4 | OB17: 8206.2 | OC17: 8703 | OD17: 8821.1 | OE17: 10202.4 | OF17: 10122.3 | OG17: 9938.2 | OH17: 9859.4 | OI17: 9770 | OJ17: 9916.1 | OK17: 10195.2 | OL17: 9366.5 | OM17: 8923.2 | ON17: 9317.8 | OO17: 9483.3
A18: Deposists of households in foreign currency | CT18: 148.2 | CU18: 153.6 | CV18: 162 | CW18: 168 | CX18: 174.6 | CY18: 181.3 | CZ18: 188.9 | DA18: 198.3 | DB18: 204.9 | DC18: 206.2 | DD18: 213 | DE18: 222.8 | DF18: 242.8 | DG18: 258.8 | DH18: 269.2 | DI18: 282.4 | DJ18: 297.2 | DK18: 306.3 | DL18: 320.3 | DM18: 332.7 | DN18: 343.3 | DO18: 353.4 | DP18: 364.3 | DQ18: 375.1 | DR18: 394.4 | DS18: 424.6 | DT18: 421.4 | DU18: 422.3 | DV18: 430 | DW18: 429.7 | DX18: 427.3 | DY18: 436.2 | DZ18: 448.4 | EA18: 470.6 | EB18: 466.8 | EC18: 462.3 | ED18: 459.1 | EE18: 437.2 | EF18: 437.8 | EG18: 442.5 | EH18: 465.1 | EI18: 476.2 | EJ18: 479.2 | EK18: 482.5 | EL18: 496.3 | EM18: 503.1 | EN18: 505 | EO18: 502.9 | EP18: 514.2 | EQ18: 521.2 | ER18: 523 | ES18: 534.9 | ET18: 549.3 | EU18: 557.6 | EV18: 574.4 | EW18: 590.1 | EX18: 599.9 | EY18: 605.2 | EZ18: 610.7 | FA18: 635.9 | FB18: 664.1 | FC18: 655.2 | FD18: 655.2 | FE18: 654.9 | FF18: 642.1 | FG18: 619.2 | FH18: 614.2 | FI18: 608.2 | FJ18: 599.4 | FK18: 600.5 | FL18: 605.3 | FM18: 602.8 | FN18: 614.4 | FO18: 613.1 | FP18: 610.9 | FQ18: 614.7 | FR18: 606.2 | FS18: 606 | FT18: 608.6 | FU18: 610.3 | FV18: 616.2 | FW18: 603.8 | FX18: 608.7 | FY18: 615.6 | FZ18: 648.7 | GA18: 659.4 | GB18: 678.4 | GC18: 688.5 | GD18: 701.6 | GE18: 781.8 | GF18: 765.4 | GG18: 768.8 | GH18: 789.1 | GI18: 810.2 | GJ18: 903.9 | GK18: 1077.8 | GL18: 1548.3 | GM18: 2044 | GN18: 2080.1 | GO18: 2009.6 | GP18: 1952.3 | GQ18: 1853.3 | GR18: 1876.7 | GS18: 1938.2 | GT18: 1981 | GU18: 1935.1 | GV18: 1877 | GW18: 1919 | GX18: 1934.7 | GY18: 1928.2 | GZ18: 1865.9 | HA18: 1805.2 | HB18: 1766.2 | HC18: 1739.9 | HD18: 1770.2 | HE18: 1772.2 | HF18: 1777.7 | HG18: 1823.2 | HH18: 1879.4 | HI18: 1872.6 | HJ18: 1855.1 | HK18: 1846.3 | HL18: 1853.4 | HM18: 1842.2 | HN18: 1827.1 | HO18: 1830.9 | HP18: 1840.6 | HQ18: 1810.4 | HR18: 1898.9 | HS18: 2047.9 | HT18: 1985 | HU18: 2033 | HV18: 2106 | HW18: 2044 | HX18: 2030.2 | HY18: 2104.6 | HZ18: 2112.1 | IA18: 2277 | IB18: 2325 | IC18: 2310.1 | ID18: 2398.3 | IE18: 2359.8 | IF18: 2423.6 | IG18: 2409.2 | IH18: 2410.5 | II18: 2416.5 | IJ18: 2454.5 | IK18: 2546.7 | IL18: 2607.8 | IM18: 2623.2 | IN18: 2719.7 | IO18: 2796.1 | IP18: 2858.8 | IQ18: 2853.1 | IR18: 2873.3 | IS18: 2928.3 | IT18: 2847 | IU18: 3146.7 | IV18: 3279.6 | IW18: 3263.9 | IX18: 3239.2 | IY18: 3146.9 | IZ18: 3088.6 | JA18: 3212.4 | JB18: 3243.1 | JC18: 3313.8 | JD18: 3740.3 | JE18: 4170.7 | JF18: 4707.9 | JG18: 5645 | JH18: 5041.3 | JI18: 4872.3 | JJ18: 4506.9 | JK18: 4684.7 | JL18: 4948.9 | JM18: 5268 | JN18: 5964.1 | JO18: 5976.4 | JP18: 5847.1 | JQ18: 5971 | JR18: 6604 | JS18: 6643.9 | JT18: 6531 | JU18: 5939.3 | JV18: 5717.4 | JW18: 5832.4 | JX18: 5729.1 | JY18: 6014.5 | JZ18: 5852.3 | KA18: 5765.1 | KB18: 5758.4 | KC18: 5876.9 | KD18: 5518.1 | KE18: 5487.1 | KF18: 5292.8 | KG18: 5120.3 | KH18: 5257.6 | KI18: 5166.7 | KJ18: 5404 | KK18: 5395.2 | KL18: 5310.6 | KM18: 5212.7 | KN18: 5155.5 | KO18: 5177 | KP18: 5127.2 | KQ18: 5067.6 | KR18: 4983.6 | KS18: 5059.1 | KT18: 5288.8 | KU18: 5258.6 | KV18: 5278.5 | KW18: 5325.8 | KX18: 5702 | KY18: 5456.9 | KZ18: 5444 | LA18: 5576.7 | LB18: 5893.4 | LC18: 5772.8 | LD18: 5852.8 | LE18: 5851.7 | LF18: 5888.2 | LG18: 5946.3 | LH18: 5858.3 | LI18: 5922.8 | LJ18: 6161.8 | LK18: 6019.2 | LL18: 5950.7 | LM18: 5924.5 | LN18: 5807.9 | LO18: 5885.5 | LP18: 6136.9 | LQ18: 6745.8 | LR18: 6321 | LS18: 6119 | LT18: 6088.9 | LU18: 6392.4 | LV18: 6474.6 | LW18: 6812 | LX18: 6752.4 | LY18: 6560.3 | LZ18: 6613.5 | MA18: 6794.3 | MB18: 6632.2 | MC18: 6666.7 | MD18: 6605.2 | ME18: 6560 | MF18: 6529.9 | MG18: 6586.1 | MH18: 6637.3 | MI18: 6665.7 | MJ18: 6535.9 | MK18: 6763.7 | ML18: 6715.8 | MM18: 6867.8 | MN18: 6657.6 | MO18: 5916.5 | MP18: 4993.2 | MQ18: 4586.4 | MR18: 3707.6 | MS18: 4266.1 | MT18: 4019.7 | MU18: 3420.2 | MV18: 3445.6 | MW18: 3379.1 | MX18: 3806.9 | MY18: 3735.1 | MZ18: 3925.7 | NA18: 3764.6 | NB18: 3751.9 | NC18: 3680.3 | ND18: 3872.7 | NE18: 3969.3 | NF18: 4058.7 | NG18: 4048.8 | NH18: 3818.9 | NI18: 3651.4 | NJ18: 3998.2 | NK18: 3943.4 | NL18: 4008.9 | NM18: 4030.8 | NN18: 3970.1 | NO18: 3904 | NP18: 3654 | NQ18: 3656.3 | NR18: 3780.3 | NS18: 3821.2 | NT18: 3903.1 | NU18: 4141.6 | NV18: 3851.4 | NW18: 3733.6 | NX18: 3354.5 | NY18: 3227.4 | NZ18: 3191.4 | OA18: 3090.7 | OB18: 3101 | OC18: 3242.2 | OD18: 3197.1 | OE18: 3330.8 | OF18: 3468.9 | OG18: 3436.6 | OH18: 3450.7 | OI18: 3427.4 | OJ18: 3335.4 | OK18: 3242.8 | OL18: 3019.9 | OM18: 2849.3 | ON18: 3024 | OO18: 3058.8
A19: Certificates of deposit and savings certificates | FZ19: 52.6 | GA19: 50.3 | GB19: 49.2 | GC19: 50.5 | GD19: 51.7 | GE19: 51.2 | GF19: 51.7 | GG19: 41.8 | GH19: 42.2 | GI19: 42.1 | GJ19: 36.8 | GK19: 33.9 | GL19: 30.9 | GM19: 27.8 | GN19: 26.2 | GO19: 31.8 | GP19: 29.5 | GQ19: 28.5 | GR19: 27.6 | GS19: 30 | GT19: 28.5 | GU19: 27.1 | GV19: 22.2 | GW19: 22.1 | GX19: 35.7 | GY19: 32.3 | GZ19: 30.6 | HA19: 31.1 | HB19: 31.7 | HC19: 32.7 | HD19: 33.2 | HE19: 33.3 | HF19: 32.7 | HG19: 30.1 | HH19: 29 | HI19: 28.5 | HJ19: 29.5 | HK19: 28.2 | HL19: 27.8 | HM19: 27.7 | HN19: 27.7 | HO19: 27.5 | HP19: 27.6 | HQ19: 28.4 | HR19: 27.6 | HS19: 26.3 | HT19: 25.4 | HU19: 25.2 | HV19: 25 | HW19: 24 | HX19: 24.6 | HY19: 31.4 | HZ19: 44.9 | IA19: 68.8 | IB19: 88.3 | IC19: 106.1 | ID19: 124.9 | IE19: 157.3 | IF19: 181.4 | IG19: 208.2 | IH19: 232.6 | II19: 248.2 | IJ19: 264.2 | IK19: 279 | IL19: 292 | IM19: 303.5 | IN19: 313.3 | IO19: 322.6 | IP19: 332.6 | IQ19: 338.8 | IR19: 346.4 | IS19: 346.7 | IT19: 355.9 | IU19: 361.1 | IV19: 359.5 | IW19: 353.4 | IX19: 351.2 | IY19: 349.9 | IZ19: 350.7 | JA19: 361.8 | JB19: 367.2 | JC19: 373.1 | JD19: 386.2 | JE19: 415.1 | JF19: 467.2 | JG19: 487 | JH19: 506.5 | JI19: 531.9 | JJ19: 546.6 | JK19: 557.3 | JL19: 551.1 | JM19: 543.2 | JN19: 542.5 | JO19: 544.7 | JP19: 568.9 | JQ19: 584 | JR19: 576.3 | JS19: 570.6 | JT19: 595.5 | JU19: 618.6 | JV19: 624.4 | JW19: 602.5 | JX19: 602.5 | JY19: 589.2 | JZ19: 576.8 | KA19: 570.1 | KB19: 540.4 | KC19: 502.2 | KD19: 488 | KE19: 485.2 | KF19: 483.5 | KG19: 488.7 | KH19: 476.7 | KI19: 466.3 | KJ19: 462.5 | KK19: 446.6 | KL19: 441 | KM19: 445.4 | KN19: 444.8 | KO19: 433.1 | KP19: 389.7 | KQ19: 397.8 | KR19: 404.2 | KS19: 412.8 | KT19: 404.6 | KU19: 403.1 | KV19: 364.4 | KW19: 311 | KX19: 273 | KY19: 237.9 | KZ19: 200 | LA19: 175.4 | LB19: 152.5 | LC19: 132.9 | LD19: 110.4 | LE19: 84.2 | LF19: 67 | LG19: 60.1 | LH19: 56.3 | LI19: 52.7 | LJ19: 50.9 | LK19: 50.6 | LL19: 48.8 | LM19: 45.1 | LN19: 37.3 | LO19: 37.5 | LP19: 35.2 | LQ19: 29.7 | LR19: 28.5 | LS19: 27.6 | LT19: 24.1 | LU19: 21.4 | LV19: 20.5 | LW19: 19.9 | LX19: 18.9 | LY19: 18.2 | LZ19: 13.5 | MA19: 13.2 | MB19: 12.5 | MC19: 9.8 | MD19: 7.6 | ME19: 7 | MF19: 6.5 | MG19: 6.4 | MH19: 6.9 | MI19: 6.8 | MJ19: 6.1 | MK19: 6 | ML19: 5.8 | MM19: 5.7 | MN19: 5.7 | MO19: 5.3 | MP19: 5.1 | MQ19: 5.1 | MR19: 5 | MS19: 4.9 | MT19: 5 | MU19: 4.8 | MV19: 4.8 | MW19: 4.7 | MX19: 4.7 | MY19: 4.7 | MZ19: 4.5 | NA19: 4.5 | NB19: 4.4 | NC19: 4.5 | ND19: 4.4 | NE19: 4.3 | NF19: 4.3 | NG19: 4.3 | NH19: 4.2 | NI19: 4.2 | NJ19: 4.2 | NK19: 4.1 | NL19: 4.1 | NM19: 4.1 | NN19: 4.1 | NO19: 4.1 | NP19: 4 | NQ19: 4 | NR19: 4 | NS19: 4 | NT19: 3.9 | NU19: 3.9 | NV19: 3.9 | NW19: 3.8 | NX19: 3.8 | NY19: 3.8 | NZ19: 3.8 | OA19: 3.8 | OB19: 3.8 | OC19: 3.8 | OD19: 3.7 | OE19: 3.7 | OF19: 3.7 | OG19: 3.7 | OH19: 3.6 | OI19: 3.6 | OJ19: 3.6 | OK19: 3.6 | OL19: 3.5 | OM19: 3.5 | ON19: 3.5 | OO19: 3.5
A20: Monetary aggregate M2X (broad money) | CT20: 1573.8 | CU20: 1548.8 | CV20: 1631 | CW20: 1650.1 | CX20: 1704.7 | CY20: 1747 | CZ20: 1812.9 | DA20: 1859.7 | DB20: 1888.9 | DC20: 1942 | DD20: 1993.1 | DE20: 2005.2 | DF20: 2137.8 | DG20: 2076.1 | DH20: 2124.3 | DI20: 2160.2 | DJ20: 2232.6 | DK20: 2307.2 | DL20: 2374.8 | DM20: 2422 | DN20: 2463.5 | DO20: 2510.4 | DP20: 2558.9 | DQ20: 2622.9 | DR20: 2858.8 | DS20: 2788 | DT20: 2925.6 | DU20: 3002.4 | DV20: 3069.1 | DW20: 3175.9 | DX20: 3348.4 | DY20: 3408 | DZ20: 3460.6 | EA20: 3586.1 | EB20: 3557.4 | EC20: 3632.8 | ED20: 3954.3 | EE20: 3933.4 | EF20: 4079.4 | EG20: 4178.3 | EH20: 4320.7 | EI20: 4358.4 | EJ20: 4533.5 | EK20: 4542.1 | EL20: 4562.3 | EM20: 4630 | EN20: 4720.9 | EO20: 4854.8 | EP20: 5288.7 | EQ20: 5173.7 | ER20: 5333.4 | ES20: 5487.1 | ET20: 5584.3 | EU20: 5732.3 | EV20: 6006.6 | EW20: 6075.1 | EX20: 6274.2 | EY20: 6442.8 | EZ20: 6465.9 | FA20: 6589.1 | FB20: 7213.4 | FC20: 7018.8 | FD20: 7139.3 | FE20: 7374.7 | FF20: 7507.9 | FG20: 7855.9 | FH20: 8277.2 | FI20: 8383 | FJ20: 8545.5 | FK20: 8878.4 | FL20: 8952.1 | FM20: 9201.9 | FN20: 10126.7 | FO20: 9886.8 | FP20: 10155.6 | FQ20: 10872.8 | FR20: 11161 | FS20: 11875.2 | FT20: 12011.7 | FU20: 12060.4 | FV20: 12340.2 | FW20: 12675.3 | FX20: 12669.9 | FY20: 13107.3 | FZ20: 14288.7 | GA20: 14019.4 | GB20: 14305.6 | GC20: 14572.3 | GD20: 14511.8 | GE20: 15052.3 | GF20: 15597 | GG20: 15448.7 | GH20: 15920.4 | GI20: 15802.4 | GJ20: 15189.5 | GK20: 15093.5 | GL20: 16307.6 | GM20: 15891 | GN20: 15902.2 | GO20: 15842.2 | GP20: 15901.6 | GQ20: 16114.4 | GR20: 16607.5 | GS20: 16760.8 | GT20: 16947.7 | GU20: 17031.6 | GV20: 17151.1 | GW20: 17685.4 | GX20: 19131.5 | GY20: 18849.5 | GZ20: 19124.6 | HA20: 19340.9 | HB20: 19740.8 | HC20: 20137.5 | HD20: 20590.4 | HE20: 20803.3 | HF20: 21024.8 | HG20: 21348.7 | HH20: 21546 | HI20: 22146.2 | HJ20: 23820.7 | HK20: 23181.4 | HL20: 23535.2 | HM20: 23638.5 | HN20: 23737.2 | HO20: 24027 | HP20: 24459.2 | HQ20: 24586.9 | HR20: 24948.2 | HS20: 25689.7 | HT20: 26315.6 | HU20: 26290.4 | HV20: 28485.9 | HW20: 27736.1 | HX20: 27847.6 | HY20: 28136.7 | HZ20: 28298.4 | IA20: 28770.1 | IB20: 29198.7 | IC20: 29101 | ID20: 29231.1 | IE20: 29435.8 | IF20: 29681.6 | IG20: 29901.9 | IH20: 32205.7 | II20: 31490.6 | IJ20: 32043.4 | IK20: 32626.9 | IL20: 32981.1 | IM20: 33215.5 | IN20: 34139.4 | IO20: 34394.7 | IP20: 34601.8 | IQ20: 34518.2 | IR20: 34463.2 | IS20: 35139.3 | IT20: 37368.7 | IU20: 37054.5 | IV20: 37635.1 | IW20: 37066.9 | IX20: 37286.2 | IY20: 37292.6 | IZ20: 37179.8 | JA20: 37426.3 | JB20: 37688.9 | JC20: 38123.3 | JD20: 38796.7 | JE20: 40083.9 | JF20: 42909.6 | JG20: 45155.1 | JH20: 43880.9 | JI20: 43203.1 | JJ20: 42717.1 | JK20: 42840.9 | JL20: 43719.5 | JM20: 44386.4 | JN20: 46311.9 | JO20: 46858.4 | JP20: 46649.2 | JQ20: 47497.4 | JR20: 51370.1 | JS20: 50773.4 | JT20: 51139.9 | JU20: 50050 | JV20: 49672.5 | JW20: 50343.1 | JX20: 49963.3 | JY20: 50191.8 | JZ20: 49731.6 | KA20: 49543.7 | KB20: 49166.9 | KC20: 49854.3 | KD20: 50894.9 | KE20: 51216.3 | KF20: 51124.8 | KG20: 50668.5 | KH20: 50860.2 | KI20: 51417.3 | KJ20: 52127.5 | KK20: 51940 | KL20: 51863.6 | KM20: 51855.1 | KN20: 51837.2 | KO20: 52586.9 | KP20: 54667.1 | KQ20: 54173.2 | KR20: 54049.8 | KS20: 54726.3 | KT20: 56223 | KU20: 56648.5 | KV20: 57208.1 | KW20: 56826.1 | KX20: 57980.9 | KY20: 57612.6 | KZ20: 57523 | LA20: 58433.1 | LB20: 61401.6 | LC20: 59783.6 | LD20: 60473.6 | LE20: 60147 | LF20: 60485.3 | LG20: 60963.3 | LH20: 60927.5 | LI20: 60928.2 | LJ20: 61872 | LK20: 61955.2 | LL20: 61681.2 | LM20: 62734.3 | LN20: 64535.5 | LO20: 63918.4 | LP20: 65484 | LQ20: 68322.8 | LR20: 68158.2 | LS20: 67855.7 | LT20: 68709.8 | LU20: 69794.3 | LV20: 70822.6 | LW20: 72458.7 | LX20: 72192.4 | LY20: 72528.3 | LZ20: 75284.8 | MA20: 74937.4 | MB20: 75406.8 | MC20: 75406.9 | MD20: 76265.1 | ME20: 76333.2 | MF20: 76053.2 | MG20: 76079.3 | MH20: 77339.2 | MI20: 78285 | MJ20: 77916.5 | MK20: 80311.1 | ML20: 83761.5 | MM20: 83994.8 | MN20: 85635.2 | MO20: 85495.3 | MP20: 83694.8 | MQ20: 82926.6 | MR20: 80801.7 | MS20: 83828.9 | MT20: 85693 | MU20: 86137.8 | MV20: 86655.5 | MW20: 87796.5 | MX20: 94715.4 | MY20: 94495.6 | MZ20: 97054.6 | NA20: 97774.8 | NB20: 97850.4 | NC20: 99238.6 | ND20: 100918.6 | NE20: 102686.8 | NF20: 105446.2 | NG20: 106149.3 | NH20: 106005.1 | NI20: 106827.8 | NJ20: 112483.1 | NK20: 111777.1 | NL20: 113844.5 | NM20: 114105.6 | NN20: 117596.9 | NO20: 116959.2 | NP20: 116809.2 | NQ20: 117931.4 | NR20: 119977.5 | NS20: 121761.9 | NT20: 123407.3 | NU20: 126512 | NV20: 131138.3 | NW20: 130438.3 | NX20: 130221.3 | NY20: 128589 | NZ20: 129461.2 | OA20: 129852.1 | OB20: 130656.7 | OC20: 132246.3 | OD20: 133832 | OE20: 135070 | OF20: 136910.7 | OG20: 138348.5 | OH20: 143193.2 | OI20: 141288.8 | OJ20: 144655.4 | OK20: 143941.8 | OL20: 144642.5 | OM20: 145685.3 | ON20: 147443.2 | OO20: 148555.2
A22: *Data can be updated due to changes in reporting data, the emergence of new sources of information, methodological changes

Sheet Sheet1
A1: {=TRANSPOSE('Monetary aggregates'!A1:OO1)} -> Monetary aggregates*, bln rbls | B1: {=TRANSPOSE('Monetary aggregates'!A14:OO14)} -> Monetary aggregate М2 | D1: Date | E1: M2_RUSSIA
A2: Dec, 1992 | B2: 6.5 | C2: 33957 | D2: =TEXT(C2,"yyyy-mm-01") -> 1992-12-01 | E2: =B2 -> 6.5
A3: Jan, 1993 | B3: 7.7 | C3: 33988 | D3: =TEXT(C3,"yyyy-mm-01") -> 1993-01-01 | E3: =B3 -> 7.7
A4: Feb, 1993 | B4: 8.4 | C4: 34019 | D4: =TEXT(C4,"yyyy-mm-01") -> 1993-02-01 | E4: =B4 -> 8.4
A5: Mar, 1993 | B5: 9.6 | C5: 34047 | D5: =TEXT(C5,"yyyy-mm-01") -> 1993-03-01 | E5: =B5 -> 9.6
A6: Apr, 1993 | B6: 11.8 | C6: 34078 | D6: =TEXT(C6,"yyyy-mm-01") -> 1993-04-01 | E6: =B6 -> 11.8
A7: May, 1993 | B7: 14.5 | C7: 34108 | D7: =TEXT(C7,"yyyy-mm-01") -> 1993-05-01 | E7: =B7 -> 14.5
A8: Jun, 1993 | B8: 13.8 | C8: 34139 | D8: =TEXT(C8,"yyyy-mm-01") -> 1993-06-01 | E8: =B8 -> 13.8
A9: Jul, 1993 | B9: 19.6 | C9: 34169 | D9: =TEXT(C9,"yyyy-mm-01") -> 1993-07-01 | E9: =B9 -> 19.6
A10: Aug, 1993 | B10: 22.3 | C10: 34200 | D10: =TEXT(C10,"yyyy-mm-01") -> 1993-08-01 | E10: =B10 -> 22.3
A11: Sep, 1993 | B11: 22.9 | C11: 34231 | D11: =TEXT(C11,"yyyy-mm-01") -> 1993-09-01 | E11: =B11 -> 22.9
A12: Oct, 1993 | B12: 25.8 | C12: 34261 | D12: =TEXT(C12,"yyyy-mm-01") -> 1993-10-01 | E12: =B12 -> 25.8
A13: Nov, 1993 | B13: 28 | C13: 34292 | D13: =TEXT(C13,"yyyy-mm-01") -> 1993-11-01 | E13: =B13 -> 28
... A405: Jul, 2026 | B405: 135683.4 | C405: 46223 | D405: =TEXT(C405,"yyyy-mm-01") -> 2026-07-01 | E405: =B405 -> 135683.4

Sheet Monetary aggregates_Sectors
A1: Broad money, money-holding sectors*, bln rbls | B1: Q4, 2014 | C1: Q1, 2015 | D1: Q2, 2015 | E1: Q3, 2015 | F1: Q4, 2015 | G1: Q1, 2016 | H1: Q2, 2016 | I1: Q3, 2016 | J1: Q4, 2016 | K1: Q1, 2017 | L1: Q2, 2017 | M1: Q3, 2017 | N1: Q4, 2017 | O1: Q1, 2018 | P1: Q2, 2018 | Q1: Q3, 2018 | R1: Q4, 2018 | S1: Q1, 2019 | T1: Q2, 2019 | U1: Q3, 2019 | V1: Q4, 2019 | W1: Q1, 2020 | X1: Q2, 2020 | Y1: Q3, 2020 | Z1: Q4, 2020 | AA1: Q1, 2021 | AB1: Q2, 2021 | AC1: Q3, 2021 | AD1: Q4, 2021 | AE1: Q1, 2022 | AF1: Q2, 2022 | AG1: Q3, 2022 | AH1: Q4, 2022 | AI1: Q1, 2023 | AJ1: Q2, 2023 | AK1: Q3, 2023 | AL1: Q4, 2023 | AM1: Q1, 2024 | AN1: Q2, 2024 | AO1: Q3, 2024 | AP1: Q4, 2024 | AQ1: Q1, 2025 | AR1: Q2, 2025 | AS1: Q3, 2025 | AT1: Q4, 2025 | AU1: Q1, 2026** | AV1: Q2, 2026**
A2: Monetary aggregate M2X (broad money) | B2: 42909.6 | C2: 43203.1 | D2: 43719.5 | E2: 46858.4 | F2: 51370.1 | G2: 50050 | H2: 49963.3 | I2: 49543.7 | J2: 50894.9 | K2: 50668.5 | L2: 52127.5 | M2: 51855.1 | N2: 54667.1 | O2: 54726.3 | P2: 57208.1 | Q2: 57612.6 | R2: 61401.6 | S2: 60147 | T2: 60927.5 | U2: 61955.2 | V2: 64535.5 | W2: 68322.8 | X2: 68709.8 | Y2: 72458.7 | Z2: 75284.8 | AA2: 75406.9 | AB2: 76053.2 | AC2: 78285 | AD2: 83761.5 | AE2: 85495.3 | AF2: 80801.7 | AG2: 86137.8 | AH2: 94715.4 | AI2: 97774.8 | AJ2: 100918.6 | AK2: 106149.3 | AL2: 112483.1 | AM2: 114105.6 | AN2: 116809.2 | AO2: 121761.9 | AP2: 131138.3 | AQ2: 128589 | AR2: 130656.7 | AS2: 135070 | AT2: 143193.2 | AU2: 143941.8 | AV2: 147443.2
A3: M2X - households | B3: 25049.2 | C3: 25068.3 | D3: 26039.2 | E3: 27474.6 | F3: 29849.3 | G3: 29080.4 | H3: 29933.3 | I3: 30291.8 | J3: 31475.8 | K3: 31176.5 | L3: 32438.6 | M3: 32535.8 | N3: 34075 | O3: 34226.8 | P3: 35676.7 | Q3: 35935.6 | R3: 37704.1 | S3: 37088.1 | T3: 38147.8 | U3: 38879.4 | V3: 40302.1 | W3: 41560.3 | X3: 43053.6 | Y3: 44452.2 | Z3: 45730.4 | AA3: 45071.3 | AB3: 45571.3 | AC3: 46443.1 | AD3: 48524.8 | AE3: 47627.2 | AF3: 46837.2 | AG3: 47963.6 | AH3: 52823.8 | AI3: 53519.5 | AJ3: 57050.1 | AK3: 59285.5 | AL3: 63653.9 | AM3: 65111.8 | AN3: 68280.9 | AO3: 70853.6 | AP3: 77107 | AQ3: 77005.4 | AR3: 79673.8 | AS3: 81265.8 | AT3: 86625.3 | AU3: 86925.5 | AV3: 89054.5
A4: M2X - non-financial corporations | B4: 15842.5 | C4: 16102.6 | D4: 15231.4 | E4: 17089.1 | F4: 19195.8 | G4: 18259.4 | H4: 17609 | I4: 16815.2 | J4: 17134.6 | K4: 17008.4 | L4: 17399.3 | M4: 17097.3 | N4: 18273.2 | O4: 18196.5 | P4: 19234.8 | Q4: 19510.7 | R4: 21486.2 | S4: 20661.5 | T4: 20418 | U4: 20676 | V4: 21786.7 | W4: 24103.8 | X4: 23042.9 | Y4: 25167.3 | Z4: 26682.5 | AA4: 27293.1 | AB4: 27373.6 | AC4: 28536.6 | AD4: 31632.3 | AE4: 34203.3 | AF4: 30387.2 | AG4: 34181.5 | AH4: 37377 | AI4: 38448.8 | AJ4: 38581.3 | AK4: 41331.4 | AL4: 42759.4 | AM4: 42350 | AN4: 41499.2 | AO4: 43318.3 | AP4: 45727.3 | AQ4: 43548.4 | AR4: 42943.5 | AS4: 45529 | AT4: 48083.1 | AU4: 48052.5 | AV4: 49375.4
A5: M2X - other financial corporations | B5: 1877.1 | C5: 1898.1 | D5: 2314.7 | E5: 2170.2 | F5: 2190.1 | G5: 2575.5 | H5: 2291.4 | I5: 2318.7 | J5: 2160.2 | K5: 2363.3 | L5: 2159.3 | M5: 2105.9 | N5: 2203.8 | O5: 2180.1 | P5: 2144.5 | Q5: 2019.1 | R5: 2046.1 | S5: 2229.8 | T5: 2201.2 | U5: 2254.7 | V5: 2321.7 | W5: 2509.8 | X5: 2444.2 | Y5: 2663.5 | Z5: 2704.6 | AA5: 2859.3 | AB5: 2928.8 | AC5: 3129 | AD5: 3442.2 | AE5: 3443.1 | AF5: 3279.8 | AG5: 3646.8 | AH5: 4120.7 | AI5: 5342.7 | AJ5: 4780.3 | AK5: 4953.4 | AL5: 5509.5 | AM5: 6099.5 | AN5: 6503.9 | AO5: 7076.1 | AP5: 7720.5 | AQ5: 7511.3 | AR5: 7442.1 | AS5: 7580.6 | AT5: 7706.5 | AU5: 8179.2 | AV5: 8260.3
A6: M2X - other sectors | B6: 140.8 | C6: 134.1 | D6: 134.1 | E6: 124.3 | F6: 134.8 | G6: 134.8 | H6: 129.7 | I6: 118 | J6: 124.2 | K6: 120.2 | L6: 130.3 | M6: 116.9 | N6: 115.1 | O6: 123 | P6: 152.1 | Q6: 147.2 | R6: 165.1 | S6: 167.6 | T6: 160.5 | U6: 145.1 | V6: 125.1 | W6: 148.8 | X6: 169.1 | Y6: 175.7 | Z6: 167.4 | AA6: 183.2 | AB6: 179.5 | AC6: 176.3 | AD6: 162.2 | AE6: 221.7 | AF6: 297.6 | AG6: 345.8 | AH6: 394 | AI6: 463.9 | AJ6: 506.8 | AK6: 578.9 | AL6: 560.2 | AM6: 544.4 | AN6: 525.2 | AO6: 513.9 | AP6: 583.5 | AQ6: 523.9 | AR6: 597.2 | AS6: 694.6 | AT6: 778.3 | AU6: 784.6 | AV6: 753
A8: Monetary aggregate М2 | B8: 31615.7 | C8: 31028.4 | D8: 31936.3 | E8: 32052.5 | F8: 35179.7 | G8: 34688.8 | H8: 35856.9 | I8: 36148.8 | J8: 38417.7 | K8: 38555.5 | L8: 39623.1 | M8: 39572.4 | N8: 42442.2 | O8: 42376.2 | P8: 44126.7 | Q8: 44254 | R8: 47109.3 | S8: 46141.4 | T8: 47349.4 | U8: 48267 | V8: 51660.3 | W8: 52327.1 | X8: 54392.6 | Y8: 56024.9 | Z8: 58652.1 | AA8: 58262.6 | AB8: 59583.9 | AC8: 60606.2 | AD8: 66252.9 | AE8: 68203.5 | AF8: 69623.2 | AG8: 75096.8 | AH8: 82388 | AI8: 84813.1 | AJ8: 87276.8 | AK8: 90597.3 | AL8: 98385.4 | AM8: 99595.8 | AN8: 103557.2 | AO8: 107634.8 | AP8: 117256.4 | AQ8: 116499 | AR8: 119088.7 | AS8: 121260.6 | AT8: 129628.7 | AU8: 130224.2 | AV8: 134848.2
A9: М2 - households | B9: 19874.1 | C9: 19664.2 | D9: 20539.2 | E9: 20953.4 | F9: 22669 | G9: 22522.4 | H9: 23601.6 | I9: 23956.6 | J9: 25469.7 | K9: 25567.5 | L9: 26572.1 | M9: 26877.7 | N9: 28558 | O9: 28754.9 | P9: 30033.9 | Q9: 30240.7 | R9: 31658.2 | S9: 31152.3 | T9: 32233.2 | U9: 32809.6 | V9: 34456.9 | W9: 34784.8 | X9: 36940.7 | Y9: 37620.2 | Z9: 39103.4 | AA9: 38394.9 | AB9: 39034.9 | AC9: 39770.6 | AD9: 41803.2 | AE9: 41705.4 | AF9: 43124.5 | AG9: 44538.7 | AH9: 49012.2 | AI9: 49750.5 | AJ9: 53173.1 | AK9: 55232.4 | AL9: 59651.5 | AM9: 61076.9 | AN9: 64622.8 | AO9: 67028.4 | AP9: 73251.8 | AQ9: 73774.2 | AR9: 76569 | AS9: 77931.3 | AT9: 83171 | AU9: 83679.2 | AV9: 86027
A10: М2 - non-financial corporations | B10: 9849.3 | C10: 9469.4 | D10: 9122.6 | E10: 9017.3 | F10: 10442.5 | G10: 9737.8 | H10: 10074.5 | I10: 9986.5 | J10: 10880.8 | K10: 10725.6 | L10: 10988.4 | M10: 10772.1 | N10: 11782.9 | O10: 11554.1 | P10: 11992.9 | Q10: 12061.8 | R10: 13476.8 | S10: 12838.1 | T10: 13014.7 | U10: 13313.6 | V10: 14992.6 | W10: 15209.2 | X10: 15223.5 | Y10: 15932 | Z10: 17090.9 | AA10: 17275.4 | AB10: 17888.8 | AC10: 18028.5 | AD10: 21327.4 | AE10: 23227.1 | AF10: 23178.9 | AG10: 26838.7 | AH10: 29179.6 | AI10: 29665.1 | AJ10: 29157.9 | AK10: 30316.2 | AL10: 33115.1 | AM10: 32330.1 | AN10: 32380.1 | AO10: 33443.3 | AP10: 36109.1 | AQ10: 34982.2 | AR10: 34737.3 | AS10: 35326.6 | AT10: 38223.7 | AU10: 37857.2 | AV10: 40057.6
A11: М2 - other financial corporations | B11: 1751.5 | C11: 1760.7 | D11: 2140.4 | E11: 1957.3 | F11: 1933.4 | G11: 2293.6 | H11: 2051.1 | I11: 2087.7 | J11: 1943 | K11: 2142.2 | L11: 1932.4 | M11: 1806.4 | N11: 1986.1 | O11: 1944.1 | P11: 1947.9 | Q11: 1804.1 | R11: 1809.1 | S11: 1983.4 | T11: 1941 | U11: 1998.7 | V11: 2085.8 | W11: 2184.3 | X11: 2059.4 | Y11: 2297 | Z11: 2290.4 | AA11: 2409.1 | AB11: 2480.7 | AC11: 2630.8 | AD11: 2960.1 | AE11: 3049.4 | AF11: 3022.3 | AG11: 3373.7 | AH11: 3802.2 | AI11: 4933.7 | AJ11: 4438.9 | AK11: 4469.8 | AL11: 5058.6 | AM11: 5644.4 | AN11: 6029.1 | AO11: 6649.2 | AP11: 7312 | AQ11: 7218.7 | AR11: 7185.1 | AS11: 7308.1 | AT11: 7455.6 | AU11: 7903.2 | AV11: 8010.6
A12: М2 - other sectors | B12: 140.8 | C12: 134.1 | D12: 134.1 | E12: 124.3 | F12: 134.8 | G12: 134.8 | H12: 129.7 | I12: 118 | J12: 124.2 | K12: 120.2 | L12: 130.3 | M12: 116.9 | N12: 115.1 | O12: 123 | P12: 152.1 | Q12: 147.2 | R12: 165.1 | S12: 167.6 | T12: 160.5 | U12: 145.1 | V12: 125.1 | W12: 148.8 | X12: 169.1 | Y12: 175.7 | Z12: 167.4 | AA12: 183.2 | AB12: 179.5 | AC12: 176.3 | AD12: 162.2 | AE12: 221.7 | AF12: 297.6 | AG12: 345.8 | AH12: 394 | AI12: 463.9 | AJ12: 506.8 | AK12: 578.9 | AL12: 560.2 | AM12: 544.4 | AN12: 525.2 | AO12: 513.9 | AP12: 583.5 | AQ12: 523.9 | AR12: 597.2 | AS12: 694.6 | AT12: 778.3 | AU12: 784.6 | AV12: 753
A14: Monetary aggregate М1 | B14: 15341.4 | C14: 14749.8 | D14: 15024.3 | E14: 14981.2 | F14: 16515.6 | G14: 16402 | H14: 16850.1 | I14: 16523.7 | J14: 17642.4 | K14: 17306.2 | L14: 18040.5 | M14: 18009.1 | N14: 19508.9 | O14: 19346.8 | P14: 20604.4 | Q14: 20574.8 | R14: 21624.1 | S14: 20810.8 | T14: 21717.7 | U14: 22430.2 | V14: 23861.7 | W14: 25136.4 | X14: 27817.3 | Y14: 29513.5 | Z14: 31785.6 | AA14: 32198.2 | AB14: 33753.7 | AC14: 33938.3 | AD14: 36008.7 | AE14: 34872.8 | AF14: 36457.9 | AG14: 40601.7 | AH14: 44018.5 | AI14: 45350.3 | AJ14: 48447.6 | AK14: 48984.6 | AL14: 49685.7 | AM14: 49338 | AN14: 50276.5 | AO14: 50831.7 | AP14: 51715.5 | AQ14: 51134.9 | AR14: 52411.4 | AS14: 53019.8 | AT14: 55914.1 | AU14: 57350.6 | AV14: 61312.9
A15: М1 - households | B15: 9204.7 | C15: 8315.8 | D15: 8731.2 | E15: 8803.9 | F15: 9895.1 | G15: 9344.6 | H15: 10032.9 | I15: 10122.6 | J15: 10836.3 | K15: 10532.1 | L15: 11282.3 | M15: 11432.7 | N15: 12480.7 | O15: 12277.1 | P15: 13423.7 | Q15: 13636.8 | R15: 14472.5 | S15: 13589.8 | T15: 14422.9 | U15: 14797.1 | V15: 16059 | W15: 16571.8 | X15: 19186.2 | Y15: 20324.6 | Z15: 22417.8 | AA15: 22233.6 | AB15: 23254.7 | AC15: 23716.1 | AD15: 24634.3 | AE15: 21886.4 | AF15: 22926.5 | AG15: 24967.7 | AH15: 28735.5 | AI15: 28948.8 | AJ15: 31741.2 | AK15: 31722.2 | AL15: 32265.7 | AM15: 31682.3 | AN15: 32965.4 | AO15: 33091.9 | AP15: 33867.7 | AQ15: 32321.6 | AR15: 33795 | AS15: 34602.9 | AT15: 37419.9 | AU15: 37167.3 | AV15: 39730.1
... A24: М0 - other sectors | B24: 140.8 | C24: 134.1 | D24: 134.1 | E24: 124.3 | F24: 134.8 | G24: 134.8 | H24: 129.7 | I24: 118 | J24: 124.2 | K24: 120.2 | L24: 130.3 | M24: 116.9 | N24: 115.1 | O24: 123 | P24: 152.1 | Q24: 147.2 | R24: 165.1 | S24: 167.6 | T24: 160.5 | U24: 145.1 | V24: 125.1 | W24: 148.8 | X24: 169.1 | Y24: 175.7 | Z24: 167.4 | AA24: 183.2 | AB24: 179.5 | AC24: 176.3 | AD24: 162.2 | AE24: 221.7 | AF24: 297.6 | AG24: 345.8 | AH24: 394 | AI24: 463.9 | AJ24: 506.8 | AK24: 578.9 | AL24: 560.2 | AM24: 544.4 | AN24: 525.2 | AO24: 513.9 | AP24: 583.5 | AQ24: 523.9 | AR24: 597.2 | AS24: 694.6 | AT24: 778.3 | AU24: 784.6 | AV24: 753
A26: *Data can be updated due to changes in reporting data, the emergence of new sources of information, methodological changes.
A27: **Estimate

Sheet Annual growth rate
A1: Annual growth rate of monetary aggregates*, % | B1: Dec, 2001 | C1: Jan, 2002 | D1: Feb, 2002 | E1: Mar, 2002 | F1: Apr, 2002 | G1: May, 2002 | H1: Jun, 2002 | I1: Jul, 2002 | J1: Aug, 2002 | K1: Sep, 2002 | L1: Oct, 2002 | M1: Nov, 2002 | N1: Dec, 2002 | O1: Jan, 2003 | P1: Feb, 2003 | Q1: Mar, 2003 | R1: Apr, 2003 | S1: May, 2003 | T1: Jun, 2003 | U1: Jul, 2003 | V1: Aug, 2003 | W1: Sep, 2003 | X1: Oct, 2003 | Y1: Nov, 2003 | Z1: Dec, 2003 | AA1: Jan, 2004 | AB1: Feb, 2004 | AC1: Mar, 2004 | AD1: Apr, 2004 | AE1: May, 2004 | AF1: Jun, 2004 | AG1: Jul, 2004 | AH1: Aug, 2004 | AI1: Sep, 2004 | AJ1: Oct, 2004 | AK1: Nov, 2004 | AL1: Dec, 2004 | AM1: Jan, 2005 | AN1: Feb, 2005 | AO1: Mar, 2005 | AP1: Apr, 2005 | AQ1: May, 2005 | AR1: Jun, 2005 | AS1: Jul, 2005 | AT1: Aug, 2005 | AU1: Sep, 2005 | AV1: Oct, 2005 | AW1: Nov, 2005 | AX1: Dec, 2005 | AY1: Jan, 2006 | AZ1: Feb, 2006 | BA1: Mar, 2006 | BB1: Apr, 2006 | BC1: May, 2006 | BD1: Jun, 2006 | BE1: Jul, 2006 | BF1: Aug, 2006 | BG1: Sep, 2006 | BH1: Oct, 2006 | BI1: Nov, 2006 | BJ1: Dec, 2006 | BK1: Jan, 2007 | BL1: Feb, 2007 | BM1: Mar, 2007 | BN1: Apr, 2007 | BO1: May, 2007 | BP1: Jun, 2007 | BQ1: Jul, 2007 | BR1: Aug, 2007 | BS1: Sep, 2007 | BT1: Oct, 2007 | BU1: Nov, 2007 | BV1: Dec, 2007 | BW1: Jan, 2008 | BX1: Feb, 2008 | BY1: Mar, 2008 | BZ1: Apr, 2008 | CA1: May, 2008 | CB1: Jun, 2008 | CC1: Jul, 2008 | CD1: Aug, 2008 | CE1: Sep, 2008 | CF1: Oct, 2008 | CG1: Nov, 2008 | CH1: Dec, 2008 | CI1: Jan, 2009 | CJ1: Feb, 2009 | CK1: Mar, 2009 | CL1: Apr, 2009 | CM1: May, 2009 | CN1: Jun, 2009 | CO1: Jul, 2009 | CP1: Aug, 2009 | CQ1: Sep, 2009 | CR1: Oct, 2009 | CS1: Nov, 2009 | CT1: Dec, 2009 | CU1: Jan, 2010 | CV1: Feb, 2010 | CW1: Mar, 2010 | CX1: Apr, 2010 | CY1: May, 2010 | CZ1: Jun, 2010 | DA1: Jul, 2010 | DB1: Aug, 2010 | DC1: Sep, 2010 | DD1: Oct, 2010 | DE1: Nov, 2010 | DF1: Dec, 2010 | DG1: Jan, 2011 | DH1: Feb, 2011 | DI1: Mar, 2011 | DJ1: Apr, 2011 | DK1: May, 2011 | DL1: Jun, 2011 | DM1: Jul, 2011 | DN1: Aug, 2011 | DO1: Sep, 2011 | DP1: Oct, 2011 | DQ1: Nov, 2011 | DR1: Dec, 2011 | DS1: Jan, 2012 | DT1: Feb, 2012 | DU1: Mar, 2012 | DV1: Apr, 2012 | DW1: May, 2012 | DX1: Jun, 2012 | DY1: Jul, 2012 | DZ1: Aug, 2012 | EA1: Sep, 2012 | EB1: Oct, 2012 | EC1: Nov, 2012 | ED1: Dec, 2012 | EE1: Jan, 2013 | EF1: Feb, 2013 | EG1: Mar, 2013 | EH1: Apr, 2013 | EI1: May, 2013 | EJ1: Jun, 2013 | EK1: Jul, 2013 | EL1: Aug, 2013 | EM1: Sep, 2013 | EN1: Oct, 2013 | EO1: Nov, 2013 | EP1: Dec, 2013 | EQ1: Jan, 2014 | ER1: Feb, 2014 | ES1: Mar, 2014 | ET1: Apr, 2014 | EU1: May, 2014 | EV1: Jun, 2014 | EW1: Jul, 2014 | EX1: Aug, 2014 | EY1: Sep, 2014 | EZ1: Oct, 2014 | FA1: Nov, 2014 | FB1: Dec, 2014 | FC1: Jan, 2015 | FD1: Feb, 2015 | FE1: Mar, 2015 | FF1: Apr, 2015 | FG1: May, 2015 | FH1: Jun, 2015 | FI1: Jul, 2015 | FJ1: Aug, 2015 | FK1: Sep, 2015 | FL1: Oct, 2015 | FM1: Nov, 2015 | FN1: Dec, 2015 | FO1: Jan, 2016 | FP1: Feb, 2016 | FQ1: Mar, 2016 | FR1: Apr, 2016 | FS1: May, 2016 | FT1: Jun, 2016 | FU1: Jul, 2016 | FV1: Aug, 2016 | FW1: Sep, 2016 | FX1: Oct, 2016 | FY1: Nov, 2016 | FZ1: Dec, 2016 | GA1: Jan, 2017 | GB1: Feb, 2017 | GC1: Mar, 2017 | GD1: Apr, 2017 | GE1: May, 2017 | GF1: Jun, 2017 | GG1: Jul, 2017 | GH1: Aug, 2017 | GI1: Sep, 2017 | GJ1: Oct, 2017 | GK1: Nov, 2017 | GL1: Dec, 2017 | GM1: Jan, 2018 | GN1: Feb, 2018 | GO1: Mar, 2018 | GP1: Apr, 2018 | GQ1: May, 2018 | GR1: Jun, 2018 | GS1: Jul, 2018 | GT1: Aug, 2018 | GU1: Sep, 2018 | GV1: Oct, 2018 | GW1: Nov, 2018 | GX1: Dec, 2018 | GY1: Jan, 2019 | GZ1: Feb, 2019 | HA1: Mar, 2019 | HB1: Apr, 2019 | HC1: May, 2019 | HD1: Jun, 2019 | HE1: Jul, 2019 | HF1: Aug, 2019 | HG1: Sep, 2019 | HH1: Oct, 2019 | HI1: Nov, 2019 | HJ1: Dec, 2019 | HK1: Jan, 2020 | HL1: Feb, 2020 | HM1: Mar, 2020 | HN1: Apr, 2020 | HO1: May, 2020 | HP1: Jun, 2020 | HQ1: Jul, 2020 | HR1: Aug, 2020 | HS1: Sep, 2020 | HT1: Oct, 2020 | HU1: Nov, 2020 | HV1: Dec, 2020 | HW1: Jan, 2021 | HX1: Feb, 2021 | HY1: Mar, 2021 | HZ1: Apr, 2021 | IA1: May, 2021 | IB1: Jun, 2021 | IC1: Jul, 2021 | ID1: Aug, 2021 | IE1: Sep, 2021 | IF1: Oct, 2021 | IG1: Nov, 2021 | IH1: Dec, 2021 | II1: Jan, 2022 | IJ1: Feb, 2022 | IK1: Mar, 2022 | IL1: Apr, 2022 | IM1: May, 2022 | IN1: Jun, 2022 | IO1: Jul, 2022 | IP1: Aug, 2022 | IQ1: Sep, 2022 | IR1: Oct, 2022 | IS1: Nov, 2022 | IT1: Dec, 2022 | IU1: Jan, 2023 | IV1: Feb, 2023 | IW1: Mar, 2023 | IX1: Apr, 2023 | IY1: May, 2023 | IZ1: Jun, 2023 | JA1: Jul, 2023 | JB1: Aug, 2023 | JC1: Sep, 2023 | JD1: Oct, 2023 | JE1: Nov, 2023 | JF1: Dec, 2023 | JG1: Jan, 2024 | JH1: Feb, 2024 | JI1: Mar, 2024 | JJ1: Apr, 2024 | JK1: May, 2024 | JL1: Jun, 2024 | JM1: Jul, 2024 | JN1: Aug, 2024 | JO1: Sep, 2024 | JP1: Oct, 2024 | JQ1: Nov, 2024 | JR1: Dec, 2024 | JS1: Jan, 2025 | JT1: Feb, 2025 | JU1: Mar, 2025 | JV1: Apr, 2025 | JW1: May, 2025 | JX1: Jun, 2025 | JY1: Jul, 2025 | JZ1: Aug, 2025 | KA1: Sep, 2025 | KB1: Oct, 2025 | KC1: Nov, 2025 | KD1: Dec, 2025 | KE1: Jan, 2026 | KF1: Feb, 2026 | KG1: Mar, 2026 | KH1: Apr, 2026 | KI1: May, 2026 | KJ1: Jun, 2026 | KK1: Jul, 2026
A2: Monetary aggregate М0 | B2: 39.4 | C2: 40.3 | D2: 40.1 | E2: 38.5 | F2: 40.2 | G2: 38.7 | H2: 36.1 | I2: 34.5 | J2: 34 | K2: 26.7 | L2: 27.2 | M2: 31.1 | N2: 30.7 | O2: 33 | P2: 34.6 | Q2: 35.6 | R2: 34.8 | S2: 40.9 | T2: 42 | U2: 42.7 | V2: 42.3 | W2: 42.4 | X2: 44.4 | Y2: 45.1 | Z2: 50.3 | AA2: 59.5 | AB2: 59.3 | AC2: 55.5 | AD2: 49.6 | AE2: 42.7 | AF2: 39.2 | AG2: 39.8 | AH2: 33.6 | AI2: 35.2 | AJ2: 34.3 | AK2: 33 | AL2: 33.8 | AM2: 26.1 | AN2: 24 | AO2: 27.1 | AP2: 27.3 | AQ2: 29.6 | AR2: 29.4 | AS2: 29.4 | AT2: 32 | AU2: 34.6 | AV2: 33.7 | AW2: 32.5 | AX2: 30.9 | AY2: 31.6 | AZ2: 30.9 | BA2: 30.2 | BB2: 29.5 | BC2: 32.5 | BD2: 35.3 | BE2: 34.6 | BF2: 38.1 | BG2: 37.9 | BH2: 37.1 | BI2: 38.8 | BJ2: 38.6 | BK2: 40.2 | BL2: 41.9 | BM2: 42.1 | BN2: 41 | BO2: 38.1 | BP2: 35.6 | BQ2: 34.8 | BR2: 34.8 | BS2: 34.2 | BT2: 35.7 | BU2: 37.7 | BV2: 32.9 | BW2: 31.8 | BX2: 30 | BY2: 26.8 | BZ2: 26 | CA2: 26.2 | CB2: 23 | CC2: 23.3 | CD2: 22.6 | CE2: 21.2 | CF2: 21.6 | CG2: 12.4 | CH2: 2.5 | CI2: -4.4 | CJ2: -5.3 | CK2: -5.7 | CL2: -5.3 | CM2: -5.3 | CN2: -5.4 | CO2: -6.8 | CP2: -9.8 | CQ2: -10.7 | CR2: -10 | CS2: -5.1 | CT2: 6.4 | CU2: 16.9 | CV2: 19.6 | CW2: 21.6 | CX2: 22.6 | CY2: 22.5 | CZ2: 24 | DA2: 25.8 | DB2: 27.7 | DC2: 29.8 | DD2: 28.7 | DE2: 28.4 | DF2: 25.4 | DG2: 24.7 | DH2: 24 | DI2: 23.4 | DJ2: 21.3 | DK2: 19.8 | DL2: 18.9 | DM2: 18.8 | DN2: 19.3 | DO2: 19.8 | DP2: 18.1 | DQ2: 18.5 | DR2: 17.3 | DS2: 17.4 | DT2: 16.6 | DU2: 16 | DV2: 15 | DW2: 15.3 | DX2: 15.6 | DY2: 12.6 | DZ2: 11.9 | EA2: 10.1 | EB2: 9.4 | EC2: 9.1 | ED2: 8.3 | EE2: 7.2 | EF2: 7.5 | EG2: 8.4 | EH2: 9 | EI2: 8.4 | EJ2: 7.8 | EK2: 8.4 | EL2: 8.9 | EM2: 7.5 | EN2: 8.2 | EO2: 9.9 | EP2: 8.6 | EQ2: 9.6 | ER2: 9.1 | ES2: 6.9 | ET2: 6.7 | EU2: 6.5 | EV2: 4.5 | EW2: 6 | EX2: 7 | EY2: 8.5 | EZ2: 7.6 | FA2: 5.4 | FB2: 2.7 | FC2: 0.6 | FD2: -0.4 | FE2: -1 | FF2: -2.3 | FG2: -2.8 | FH2: -1.5 | FI2: -1.6 | FJ2: -2.6 | FK2: -3.1 | FL2: -1.7 | FM2: -1.9 | FN2: 0.9 | FO2: 5.3 | FP2: 7.2 | FQ2: 9.2 | FR2: 10.3 | FS2: 10.9 | FT2: 10.7 | FU2: 10.4 | FV2: 9.6 | FW2: 9.9 | FX2: 8.1 | FY2: 7.8 | FZ2: 6.6 | GA2: 6.9 | GB2: 6.1 | GC2: 6.5 | GD2: 6.5 | GE2: 7.1 | GF2: 7.8 | GG2: 7.7 | GH2: 8.4 | GI2: 9.1 | GJ2: 10 | GK2: 10.3 | GL2: 9.5 | GM2: 8.2 | GN2: 9.4 | GO2: 10.9 | GP2: 12 | GQ2: 12.3 | GR2: 12.6 | GS2: 12.7 | GT2: 13.4 | GU2: 13 | GV2: 12.1 | GW2: 11.2 | GX2: 10.6 | GY2: 10.1 | GZ2: 8.8 | HA2: 6.4 | HB2: 4.6 | HC2: 3.9 | HD2: 2.8 | HE2: 2.2 | HF2: 2.4 | HG2: 3 | HH2: 3.4 | HI2: 4.6 | HJ2: 3.4 | HK2: 5.6 | HL2: 7.1 | HM2: 14 | HN2: 19.7 | HO2: 23 | HP2: 25.3 | HQ2: 27.7 | HR2: 27.6 | HS2: 28.3 | HT2: 30 | HU2: 29.2 | HV2: 29.7 | HW2: 31 | HX2: 29.6 | HY2: 22.7 | HZ2: 17.9 | IA2: 13.8 | IB2: 11 | IC2: 9.5 | ID2: 8.5 | IE2: 8.4 | IF2: 7.1 | IG2: 6.8 | IH2: 5.4 | II2: 4.8 | IJ2: 11 | IK2: 10.1 | IL2: 5.1 | IM2: 3.8 | IN2: 4 | IO2: 3.5 | IP2: 4 | IQ2: 8.3 | IR2: 12.7 | IS2: 13.8 | IT2: 16.9 | IU2: 17.9 | IV2: 12 | IW2: 14.4 | IX2: 20.1 | IY2: 24.6 | IZ2: 27.3 | JA2: 28.8 | JB2: 28.9 | JC2: 22.4 | JD2: 17.3 | JE2: 14.5 | JF2: 11 | JG2: 9.1 | JH2: 7.3 | JI2: 5.1 | JJ2: 3.1 | JK2: 1.6 | JL2: -1.3 | JM2: -2.7 | JN2: -3.3 | JO2: -3.2 | JP2: -2.4 | JQ2: -0.8 | JR2: 0.8 | JS2: 0.3 | JT2: -0.4 | JU2: -1.4 | JV2: -1.2 | JW2: -1.5 | JX2: 0 | JY2: 0.9 | JZ2: 2.1 | KA2: 2.8 | KB2: 3.6 | KC2: 4.5 | KD2: 5.6 | KE2: 6.2 | KF2: 8.8 | KG2: 12.2 | KH2: 14.9 | KI2: 17.5 | KJ2: 18.5 | KK2: 20.2
A3: Transferable deposits in rubles | B3: 33.2 | C3: 26.5 | D3: 23.1 | E3: 20.9 | F3: 11 | G3: 19.4 | H3: 19 | I3: 16.6 | J3: 13.1 | K3: 15.9 | L3: 16.1 | M3: 22.6 | N3: 21.3 | O3: 25.1 | P3: 30.4 | Q3: 37.2 | R3: 42.2 | S3: 37.4 | T3: 47.2 | U3: 40.6 | V3: 44.3 | W3: 44.3 | X3: 35.1 | Y3: 36.8 | Z3: 39.8 | AA3: 44.8 | AB3: 45.2 | AC3: 40.3 | AD3: 32.8 | AE3: 27.9 | AF3: 26.2 | AG3: 22.3 | AH3: 23.2 | AI3: 22.7 | AJ3: 29.1 | AK3: 34.3 | AL3: 27.4 | AM3: 26 | AN3: 28.3 | AO3: 28.5 | AP3: 31.5 | AQ3: 30.9 | AR3: 31.1 | AS3: 38.1 | AT3: 42.4 | AU3: 45.7 | AV3: 40.7 | AW3: 37.2 | AX3: 41.1 | AY3: 42.7 | AZ3: 36.4 | BA3: 39.9 | BB3: 43.8 | BC3: 52.4 | BD3: 50.2 | BE3: 51.8 | BF3: 49.6 | BG3: 51 | BH3: 49.3 | BI3: 48.4 | BJ3: 51.9 | BK3: 50.4 | BL3: 50.3 | BM3: 57.7 | BN3: 71.8 | BO3: 82.7 | BP3: 63.7 | BQ3: 63 | BR3: 59.5 | BS3: 58.2 | BT3: 46.3 | BU3: 45.6 | BV3: 39.2 | BW3: 45.2 | BX3: 41.6 | BY3: 31 | BZ3: 11.2 | CA3: 0.4 | CB3: 14.5 | CC3: 10.7 | CD3: 12.1 | CE3: 7.1 | CF3: 6.7 | CG3: 7.8 | CH3: -0.2 | CI3: -13.3 | CJ3: -13.5 | CK3: -15.7 | CL3: -9.6 | CM3: -9.2 | CN3: -11.1 | CO3: -9.9 | CP3: -8.9 | CQ3: -6.9 | CR3: 2.9 | CS3: 2.7 | CT3: 11.1 | CU3: 25.3 | CV3: 31.4 | CW3: 31.7 | CX3: 32.3 | CY3: 31 | CZ3: 27.2 | DA3: 30.1 | DB3: 29.5 | DC3: 28.9 | DD3: 30.5 | DE3: 31.7 | DF3: 35.2 | DG3: 33.7 | DH3: 32.1 | DI3: 28 | DJ3: 25.4 | DK3: 21.3 | DL3: 23.2 | DM3: 22.9 | DN3: 20.8 | DO3: 20.6 | DP3: 16.9 | DQ3: 15.1 | DR3: 17.6 | DS3: 17.1 | DT3: 14.8 | DU3: 16.8 | DV3: 16.4 | DW3: 15.8 | DX3: 13.8 | DY3: 13.3 | DZ3: 7.7 | EA3: 7.1 | EB3: 9.4 | EC3: 7.6 | ED3: 6.5 | EE3: 7.7 | EF3: 8.7 | EG3: 10.9 | EH3: 9.4 | EI3: 10.6 | EJ3: 14.5 | EK3: 17.4 | EL3: 18.4 | EM3: 16.7 | EN3: 16.2 | EO3: 18.6 | EP3: 17.4 | EQ3: 14.3 | ER3: 17.3 | ES3: 12.8 | ET3: 15.6 | EU3: 12.8 | EV3: 8.8 | EW3: 5.3 | EX3: 6.6 | EY3: 4.9 | EZ3: 1.3 | FA3: 3.9 | FB3: -4.2 | FC3: 2.8 | FD3: -0.3 | FE3: 0.9 | FF3: 1.7 | FG3: 3.9 | FH3: 2.3 | FI3: 3.6 | FJ3: 7.3 | FK3: 5.8 | FL3: 8.8 | FM3: 8.5 | FN3: 13.5 | FO3: 7.2 | FP3: 8.4 | FQ3: 12.8 | FR3: 10.8 | FS3: 14.5 | FT3: 13.3 | FU3: 12 | FV3: 10.3 | FW3: 10.6 | FX3: 14.4 | FY3: 9.5 | FZ3: 7 | GA3: 10.5 | GB3: 10.8 | GC3: 4.7 | GD3: 5.6 | GE3: 4.6 | GF3: 6.5 | GG3: 9.1 | GH3: 8.1 | GI3: 8.9 | GJ3: 10 | GK3: 11.1 | GL3: 11.4 | GM3: 9.4 | GN3: 10.5 | GO3: 12.5 | GP3: 16.1 | GQ3: 14.5 | GR3: 15.5 | GS3: 15.9 | GT3: 14.4 | GU3: 15.3 | GV3: 13.6 | GW3: 12.6 | GX3: 11 | GY3: 9.9 | GZ3: 8.8 | HA3: 8.5 | HB3: 9.2 | HC3: 6 | HD3: 7.4 | HE3: 7.5 | HF3: 10 | HG3: 13.8 | HH3: 11.7 | HI3: 13.3 | HJ3: 15.6 | HK3: 17.9 | HL3: 20.4 | HM3: 25.9 | HN3: 25 | HO3: 27.4 | HP3: 30.1 | HQ3: 30.2 | HR3: 35.6 | HS3: 34 | HT3: 36.6 | HU3: 39 | HV3: 35.6 | HW3: 37.7 | HX3: 36.7 | HY3: 31.8 | HZ3: 33.8 | IA3: 34.5 | IB3: 28.6 | IC3: 26.5 | ID3: 21.8 | IE3: 19.6 | IF3: 19 | IG3: 18.2 | IH3: 18.4 | II3: 19.8 | IJ3: 18.9 | IK3: 7.2 | IL3: 2.9 | IM3: 4.7 | IN3: 10.5 | IO3: 17.9 | IP3: 22.8 | IQ3: 26.7 | IR3: 28.3 | IS3: 23.9 | IT3: 25.3 | IU3: 29.4 | IV3: 28.8 | IW3: 40.4 | IX3: 42.2 | IY3: 44.4 | IZ3: 36.1 | JA3: 33 | JB3: 26.6 | JC3: 19.7 | JD3: 17.9 | JE3: 16 | JF3: 13.9 | JG3: 7.6 | JH3: 8.7 | JI3: 10.8 | JJ3: 13.1 | JK3: 7.1 | JL3: 6.5 | JM3: 6.3 | JN3: 4.5 | JO3: 7.6 | JP3: 4.4 | JQ3: 2.5 | JR3: 5.8 | JS3: 7.6 | JT3: 7 | JU3: 6.2 | JV3: 3.3 | JW3: 4.9 | JX3: 6.4 | JY3: 3.7 | JZ3: 5.7 | KA3: 5 | KB3: 9.8 | KC3: 14.6 | KD3: 9.4 | KE3: 8.1 | KF3: 10.3 | KG3: 12.2 | KH3: 15.5 | KI3: 16.5 | KJ3: 16.3 | KK3: 15.2
A4: Transferable deposits of other financial corporations | B4: 65 | C4: 4.7 | D4: 43.6 | E4: 37.5 | F4: 37 | G4: 42.8 | H4: 46.4 | I4: 67.9 | J4: 43.9 | K4: 69.2 | L4: 46.9 | M4: 46.5 | N4: 87.3 | O4: 32.1 | P4: 27.3 | Q4: 70.2 | R4: 73.6 | S4: 34.3 | T4: 257.3 | U4: 53 | V4: 81 | W4: 103.6 | X4: 44.7 | Y4: 42.4 | Z4: 89.7 | AA4: 164.7 | AB4: 166 | AC4: 127.5 | AD4: 112.4 | AE4: 56.3 | AF4: 27.4 | AG4: 61.2 | AH4: 45.9 | AI4: 19.9 | AJ4: 59.6 | AK4: 90.8 | AL4: 32.9 | AM4: 35.8 | AN4: 33.4 | AO4: 5.1 | AP4: 11.4 | AQ4: 26.7 | AR4: 3 | AS4: 37.6 | AT4: 72.4 | AU4: 91.4 | AV4: 64.3 | AW4: 43.3 | AX4: 44.7 | AY4: 49 | AZ4: 40.7 | BA4: 59.6 | BB4: 77.2 | BC4: 134.3 | BD4: 76.2 | BE4: 72.5 | BF4: 67.6 | BG4: 45.7 | BH4: 34.8 | BI4: 34 | BJ4: 30.4 | BK4: 48 | BL4: 49.7 | BM4: 64.2 | BN4: 51.3 | BO4: 30.9 | BP4: 40.6 | BQ4: 47.7 | BR4: 22.6 | BS4: 38.7 | BT4: 79 | BU4: 53.9 | BV4: 33.7 | BW4: 41.7 | BX4: 25 | BY4: 21.5 | BZ4: 17.5 | CA4: 25.6 | CB4: 16.7 | CC4: 15.7 | CD4: 26.2 | CE4: 28.2 | CF4: -7.1 | CG4: 113.1 | CH4: 22.3 | CI4: 5.7 | CJ4: 10.5 | CK4: -12.8 | CL4: 2.7 | CM4: -0.1 | CN4: 0.3 | CO4: 39.4 | CP4: 54.8 | CQ4: 7.1 | CR4: 47.9 | CS4: -43 | CT4: -23.6 | CU4: -4.9 | CV4: 27.5 | CW4: 20.2 | CX4: 29.3 | CY4: 27.1 | CZ4: 11.4 | DA4: 7 | DB4: -4.8 | DC4: 2 | DD4: 3.2 | DE4: 40.7 | DF4: 35.2 | DG4: 47.1 | DH4: 14.4 | DI4: 40.5 | DJ4: 16.6 | DK4: 14.8 | DL4: 19.1 | DM4: 9.7 | DN4: 13.6 | DO4: 22.2 | DP4: 3.5 | DQ4: 5 | DR4: 9.3 | DS4: -1.4 | DT4: -3.1 | DU4: -0.5 | DV4: -5.6 | DW4: -24.3 | DX4: -4.6 | DY4: -15.8 | DZ4: -33.6 | EA4: -16.5 | EB4: -28.6 | EC4: -30.1 | ED4: -6.6 | EE4: 13.4 | EF4: 18.5 | EG4: 30 | EH4: 9.3 | EI4: 26.6 | EJ4: 32.6 | EK4: 73.5 | EL4: 99.1 | EM4: 37.7 | EN4: 94.6 | EO4: 98.9 | EP4: 64.2 | EQ4: 30.3 | ER4: 35.7 | ES4: -7.2 | ET4: 49.9 | EU4: 60.5 | EV4: 1.6 | EW4: -3.7 | EX4: -4.7 | EY4: -14.7 | EZ4: -17.8 | FA4: -9.6 | FB4: -17 | FC4: -14 | FD4: -38.7 | FE4: -11.5 | FF4: 47.1 | FG4: 28.6 | FH4: 9.8 | FI4: 16.1 | FJ4: 19.1 | FK4: 22.4 | FL4: 29.3 | FM4: 23.8 | FN4: 20.8 | FO4: 29.4 | FP4: 94.9 | FQ4: 111.2 | FR4: -3.6 | FS4: 18.7 | FT4: 15 | FU4: 26.7 | FV4: 30.7 | FW4: 31.5 | FX4: 23.2 | FY4: 21.4 | FZ4: 3 | GA4: 11.3 | GB4: -3 | GC4: -17.1 | GD4: -9.9 | GE4: -15 | GF4: 3.7 | GG4: -9.3 | GH4: -8.8 | GI4: -11.5 | GJ4: 6.8 | GK4: -1.5 | GL4: 19.2 | GM4: 19.8 | GN4: 4.9 | GO4: -14.6 | GP4: -3.8 | GQ4: -11.5 | GR4: 2.7 | GS4: -12.7 | GT4: -14 | GU4: -5.3 | GV4: -11.3 | GW4: -12 | GX4: -26.6 | GY4: -28.5 | GZ4: -22.5 | HA4: -18.1 | HB4: -20.4 | HC4: -17.9 | HD4: -28 | HE4: -8.2 | HF4: -7.1 | HG4: -6.8 | HH4: -12.7 | HI4: -9.4 | HJ4: 6.6 | HK4: -2.1 | HL4: 12.3 | HM4: 2 | HN4: -3.4 | HO4: 1.7 | HP4: 5.6 | HQ4: 1.8 | HR4: 17.1 | HS4: 12.6 | HT4: 13.6 | HU4: 23.1 | HV4: -0.6 | HW4: 8.4 | HX4: 9.7 | HY4: 4.6 | HZ4: 19.9 | IA4: 24.1 | IB4: 13 | IC4: 13 | ID4: 2.1 | IE4: 4.9 | IF4: 22.2 | IG4: 13.9 | IH4: 28 | II4: 27.1 | IJ4: 42.2 | IK4: 38.7 | IL4: 23.9 | IM4: 16.9 | IN4: 38.6 | IO4: 30.6 | IP4: 72.2 | IQ4: 27.2 | IR4: 19.5 | IS4: 31.6 | IT4: 41.6 | IU4: 48.2 | IV4: 14 | IW4: 14.8 | IX4: 29.3 | IY4: 46.9 | IZ4: 46.1 | JA4: 49.4 | JB4: 17 | JC4: 54.3 | JD4: 50.9 | JE4: 39.8 | JF4: 36 | JG4: 30.3 | JH4: 39 | JI4: 48 | JJ4: 50.7 | JK4: 37.5 | JL4: 28.2 | JM4: 35.5 | JN4: 23.1 | JO4: 33.7 | JP4: 26.8 | JQ4: 13.8 | JR4: 13.4 | JS4: 14.7 | JT4: 13.9 | JU4: 14.9 | JV4: 8 | JW4: -1 | JX4: 2.9 | JY4: -7.3 | JZ4: 6.6 | KA4: -7.4 | KB4: -0.9 | KC4: 3.1 | KD4: 0.4 | KE4: 1.1 | KF4: 2.3 | KG4: 4.2 | KH4: 4.3 | KI4: 5.6 | KJ4: 18.9 | KK4: 24.7
A5: Transferable deposits of non-financial corporations | B5: 37.6 | C5: 34 | D5: 28.8 | E5: 28.2 | F5: 15.5 | G5: 26.3 | H5: 26.5 | I5: 23.4 | J5: 20.7 | K5: 24.7 | L5: 25 | M5: 28.9 | N5: 19.5 | O5: 25.5 | P5: 31.4 | Q5: 36.6 | R5: 42.5 | S5: 37.2 | T5: 39.1 | U5: 39.3 | V5: 41.9 | W5: 40.1 | X5: 31.4 | Y5: 33.2 | Z5: 33.1 | AA5: 36.4 | AB5: 35.8 | AC5: 29.7 | AD5: 22.2 | AE5: 20 | AF5: 20.5 | AG5: 16.7 | AH5: 20.4 | AI5: 22.7 | AJ5: 29.5 | AK5: 35.9 | AL5: 28 | AM5: 27.7 | AN5: 31.9 | AO5: 34.4 | AP5: 37.5 | AQ5: 35 | AR5: 37.1 | AS5: 39.2 | AT5: 41.7 | AU5: 42.2 | AV5: 37.4 | AW5: 34 | AX5: 38 | AY5: 40.3 | AZ5: 32.3 | BA5: 35.6 | BB5: 39.2 | BC5: 47.1 | BD5: 45.2 | BE5: 49.6 | BF5: 46 | BG5: 49.1 | BH5: 47.8 | BI5: 46.6 | BJ5: 50.5 | BK5: 48.8 | BL5: 47.8 | BM5: 57.8 | BN5: 79.5 | BO5: 96.9 | BP5: 70.8 | BQ5: 68 | BR5: 65.6 | BS5: 62.8 | BT5: 43.2 | BU5: 43 | BV5: 37.2 | BW5: 44.2 | BX5: 42.1 | BY5: 28.4 | BZ5: 2.3 | CA5: -11.1 | CB5: 7.2 | CC5: 2.6 | CD5: 3.6 | CE5: -0.5 | CF5: 6.1 | CG5: 0.6 | CH5: -1.8 | CI5: -16.4 | CJ5: -17.5 | CK5: -17.6 | CL5: -10.3 | CM5: -9.5 | CN5: -12.7 | CO5: -13.6 | CP5: -11.7 | CQ5: -7.9 | CR5: -2.2 | CS5: 7 | CT5: 10.3 | CU5: 26.5 | CV5: 31.4 | CW5: 31.5 | CX5: 30.7 | CY5: 28.9 | CZ5: 24.9 | DA5: 28.1 | DB5: 28.6 | DC5: 26.9 | DD5: 29.1 | DE5: 27.1 | DF5: 31.5 | DG5: 29.3 | DH5: 30.2 | DI5: 21.5 | DJ5: 19.1 | DK5: 15.4 | DL5: 16.8 | DM5: 17.4 | DN5: 14.9 | DO5: 13.7 | DP5: 10.9 | DQ5: 8.9 | DR5: 12.2 | DS5: 13.7 | DT5: 10.7 | DU5: 14 | DV5: 14.4 | DW5: 15.4 | DX5: 10.9 | DY5: 13.2 | DZ5: 4.7 | EA5: 3.6 | EB5: 9.2 | EC5: 4.7 | ED5: 1.2 | EE5: 3.8 | EF5: 4.4 | EG5: 4.9 | EH5: 2.8 | EI5: 5.4 | EJ5: 10.7 | EK5: 12.5 | EL5: 13.8 | EM5: 14.8 | EN5: 10.4 | EO5: 14.8 | EP5: 14.3 | EQ5: 13.1 | ER5: 17.8 | ES5: 17.8 | ET5: 17.6 | EU5: 11.5 | EV5: 11.6 | EW5: 5.7 | EX5: 6.5 | EY5: 6 | EZ5: -1.2 | FA5: 3.9 | FB5: -0.3 | FC5: 8.8 | FD5: 6 | FE5: 4.6 | FF5: 0 | FG5: 4.8 | FH5: 4.1 | FI5: 4 | FJ5: 13.2 | FK5: 8.2 | FL5: 13.9 | FM5: 12.9 | FN5: 10.2 | FO5: 1.7 | FP5: 0.4 | FQ5: 2.8 | FR5: 10 | FS5: 11.3 | FT5: 8.7 | FU5: 6.2 | FV5: 1.5 | FW5: 1.7 | FX5: 9.2 | FY5: 2.5 | FZ5: 3.9 | GA5: 3.8 | GB5: 5.5 | GC5: -1.2 | GD5: 0.2 | GE5: 0.2 | GF5: -0.9 | GG5: 4.7 | GH5: 3.6 | GI5: 5.3 | GJ5: 4.4 | GK5: 5.9 | GL5: 2.8 | GM5: 2.2 | GN5: 2.8 | GO5: 8 | GP5: 8.4 | GQ5: 6.4 | GR5: 7.4 | GS5: 9.1 | GT5: 5.9 | GU5: 7 | GV5: 2.3 | GW5: 5.4 | GX5: 4.5 | GY5: 5.1 | GZ5: 4.4 | HA5: 4.4 | HB5: 4.6 | HC5: 0.4 | HD5: 5.3 | HE5: 4.7 | HF5: 7.8 | HG5: 13.3 | HH5: 12.1 | HI5: 8.5 | HJ5: 11.7 | HK5: 13 | HL5: 15.3 | HM5: 22.5 | HN5: 19.6 | HO5: 21.2 | HP5: 22.9 | HQ5: 20.6 | HR5: 27.9 | HS5: 22.9 | HT5: 26 | HU5: 29.6 | HV5: 23.2 | HW5: 26.5 | HX5: 26.5 | HY5: 19.4 | HZ5: 20.3 | IA5: 26.9 | IB5: 23.1 | IC5: 18.5 | ID5: 14 | IE5: 12.7 | IF5: 11.8 | IG5: 15.3 | IH5: 22.3 | II5: 25.9 | IJ5: 29.6 | IK5: 30.4 | IL5: 29.9 | IM5: 29.7 | IN5: 28.1 | IO5: 45.6 | IP5: 48.4 | IQ5: 54.9 | IR5: 57.6 | IS5: 40.6 | IT5: 32.8 | IU5: 40.1 | IV5: 31.8 | IW5: 25.8 | IX5: 27.8 | IY5: 27.6 | IZ5: 21.3 | JA5: 15.8 | JB5: 13.4 | JC5: 6.8 | JD5: 6.8 | JE5: 9.9 | JF5: 11.7 | JG5: -1.6 | JH5: 0.4 | JI5: 4.9 | JJ5: 11.2 | JK5: -1.4 | JL5: 1.4 | JM5: 1.8 | JN5: -2.2 | JO5: 0.9 | JP5: -2.4 | JQ5: -3.7 | JR5: 1.6 | JS5: 5.3 | JT5: 6.7 | JU5: 6.2 | JV5: -3.1 | JW5: 5.9 | JX5: 7.8 | JY5: 3.3 | JZ5: 4.7 | KA5: 3.5 | KB5: 8.2 | KC5: 14.1 | KD5: 2.5 | KE5: 2.9 | KF5: 4.6 | KG5: 5.7 | KH5: 11.9 | KI5: 14.9 | KJ5: 14.9 | KK5: 12.1
A6: Transferable deposits of households | B6: 14.6 | C6: 6.1 | D6: 2.9 | E6: -3.6 | F6: -5.5 | G6: -5 | H6: -6.1 | I6: -7.6 | J6: -11.6 | K6: -14.2 | L6: -13.2 | M6: -0.3 | N6: 16.6 | O6: 22.2 | P6: 27 | Q6: 33.1 | R6: 36.2 | S6: 38.8 | T6: 40.9 | U6: 43.3 | V6: 48.1 | W6: 48.5 | X6: 48.7 | Y6: 50 | Z6: 53 | AA6: 60.2 | AB6: 63.1 | AC6: 61.9 | AD6: 59.4 | AE6: 54.4 | AF6: 47.6 | AG6: 35.9 | AH6: 29.5 | AI6: 23.4 | AJ6: 21.7 | AK6: 18.1 | AL6: 23.1 | AM6: 17.4 | AN6: 15.2 | AO6: 17.1 | AP6: 18.8 | AQ6: 18.8 | AR6: 23 | AS6: 34.4 | AT6: 38.5 | AU6: 45.6 | AV6: 47.3 | AW6: 48.6 | AX6: 51 | AY6: 50.1 | AZ6: 50.6 | BA6: 50 | BB6: 51.9 | BC6: 54.3 | BD6: 59.5 | BE6: 54.6 | BF6: 57.9 | BG6: 59.9 | BH6: 59.1 | BI6: 59.1 | BJ6: 64.8 | BK6: 56.8 | BL6: 58.9 | BM6: 55.1 | BN6: 53 | BO6: 50.9 | BP6: 49.5 | BQ6: 50.6 | BR6: 49.7 | BS6: 49.4 | BT6: 48.9 | BU6: 52.5 | BV6: 47 | BW6: 49.5 | BX6: 44.4 | BY6: 43.8 | BZ6: 42.8 | CA6: 44.4 | CB6: 40.7 | CC6: 38.6 | CD6: 39.6 | CE6: 28.6 | CF6: 13 | CG6: 5.6 | CH6: -1.9 | CI6: -8.1 | CJ6: -7.1 | CK6: -10.6 | CL6: -10.4 | CM6: -10.7 | CN6: -9.6 | CO6: -10.2 | CP6: -14.2 | CQ6: -8.7 | CR6: 7.4 | CS6: 11.9 | CT6: 25.1 | CU6: 31.5 | CV6: 32.3 | CW6: 35.7 | CX6: 37.4 | CY6: 37.9 | CZ6: 38.4 | DA6: 42.4 | DB6: 44.5 | DC6: 44.7 | DD6: 43.7 | DE6: 43.2 | DF6: 44.9 | DG6: 43.3 | DH6: 42.2 | DI6: 42.8 | DJ6: 43.3 | DK6: 38.2 | DL6: 40 | DM6: 38.6 | DN6: 37 | DO6: 37.9 | DP6: 35.1 | DQ6: 33.8 | DR6: 31.9 | DS6: 29.9 | DT6: 29 | DU6: 27.9 | DV6: 24.9 | DW6: 24.9 | DX6: 23.6 | DY6: 18.8 | DZ6: 22 | EA6: 20 | EB6: 16.8 | EC6: 20.9 | ED6: 19.2 | EE6: 15.4 | EF6: 16.2 | EG6: 19.6 | EH6: 22.1 | EI6: 19.2 | EJ6: 18.3 | EK6: 19.2 | EL6: 17.7 | EM6: 16.8 | EN6: 18.4 | EO6: 16.9 | EP6: 16.7 | EQ6: 13.9 | ER6: 13.3 | ES6: 8 | ET6: 7.9 | EU6: 8.9 | EV6: 5.5 | EW6: 6.3 | EX6: 8.9 | EY6: 6.6 | EZ6: 9.2 | FA6: 6.6 | FB6: -8.3 | FC6: -6 | FD6: -5.1 | FE6: -4.2 | FF6: -3.8 | FG6: -2.5 | FH6: -2.3 | FI6: 0.7 | FJ6: -4.4 | FK6: -1.1 | FL6: -2.2 | FM6: -1.7 | FN6: 18.4 | FO6: 16 | FP6: 15.3 | FQ6: 17.6 | FR6: 16.3 | FS6: 19.6 | FT6: 21.9 | FU6: 19.3 | FV6: 23.8 | FW6: 23.9 | FX6: 22.7 | FY6: 21.2 | FZ6: 13 | GA6: 23.9 | GB6: 24.1 | GC6: 23.3 | GD6: 18.7 | GE6: 17.6 | GF6: 19.8 | GG6: 20.2 | GH6: 18.9 | GI6: 18.6 | GJ6: 19.9 | GK6: 22.5 | GL6: 23.6 | GM6: 19.7 | GN6: 24.2 | GO6: 25.3 | GP6: 31.1 | GQ6: 31.9 | GR6: 29.2 | GS6: 30 | GT6: 30.9 | GU6: 30.1 | GV6: 34.2 | GW6: 27.2 | GX6: 24.9 | GY6: 23.9 | GZ6: 19.4 | HA6: 17.9 | HB6: 18.6 | HC6: 15.9 | HD6: 14.5 | HE6: 12.5 | HF6: 14.2 | HG6: 16.6 | HH6: 14 | HI6: 21.7 | HJ6: 20.5 | HK6: 26.1 | HL6: 27.4 | HM6: 32.4 | HN6: 33.3 | HO6: 36.3 | HP6: 40 | HQ6: 43.3 | HR6: 45.6 | HS6: 48.3 | HT6: 50.2 | HU6: 50.6 | HV6: 50.6 | HW6: 52.4 | HX6: 50 | HY6: 47.6 | HZ6: 47.6 | IA6: 42.5 | IB6: 34.9 | IC6: 34.6 | ID6: 30.5 | IE6: 26.9 | IF6: 25.4 | IG6: 21.3 | IH6: 14.8 | II6: 13.8 | IJ6: 7.8 | IK6: -15.2 | IL6: -19.4 | IM6: -17.5 | IN6: -6.4 | IO6: -5.2 | IP6: -1.1 | IQ6: 3.3 | IR6: 4.8 | IS6: 8.4 | IT6: 18 | IU6: 17.4 | IV6: 26.6 | IW6: 62.7 | IX6: 61.5 | IY6: 66.9 | IZ6: 53 | JA6: 53.2 | JB6: 44 | JC6: 33.4 | JD6: 29.2 | JE6: 21.2 | JF6: 14.5 | JG6: 16.8 | JH6: 16 | JI6: 14.6 | JJ6: 12.6 | JK6: 13.7 | JL6: 9.7 | JM6: 8.5 | JN6: 9.7 | JO6: 12.2 | JP6: 9.5 | JQ6: 8.2 | JR6: 9.2 | JS6: 9.3 | JT6: 6.7 | JU6: 5.4 | JV6: 9.3 | JW6: 4.6 | JX6: 5.4 | JY6: 5.1 | JZ6: 6.5 | KA6: 7.5 | KB6: 12.4 | KC6: 16.1 | KD6: 16.2 | KE6: 13.9 | KF6: 16.7 | KG6: 19.1 | KH6: 19.5 | KI6: 18.8 | KJ6: 17.3 | KK6: 17.2
A7: - interest-bearing deposits | IS7: 8.9 | IT7: 23.8 | IU7: 23.7 | IV7: 38.2 | IW7: 81.5 | IX7: 84.5 | IY7: 88.8 | IZ7: 69.7 | JA7: 67.1 | JB7: 55.1 | JC7: 45.6 | JD7: 40.8 | JE7: 25.1 | JF7: 11.2 | JG7: 28 | JH7: 27.1 | JI7: 25.1 | JJ7: 24.3 | JK7: 22.4 | JL7: 19.1 | JM7: 19.1 | JN7: 19.7 | JO7: 22.3 | JP7: 15.3 | JQ7: 12.6 | JR7: 22.8 | JS7: 7.5 | JT7: 4.7 | JU7: 5.9 | JV7: 9.2 | JW7: 5.8 | JX7: 7.5 | JY7: 6.2 | JZ7: 8.5 | KA7: 11.2 | KB7: 19.5 | KC7: 26.4 | KD7: 22.5 | KE7: 20.7 | KF7: 25.4 | KG7: 27.5 | KH7: 27.2 | KI7: 23.7 | KJ7: 22.1 | KK7: 22.3
A8: -non-interest-bearing deposits | IS8: 7.8 | IT8: 11.8 | IU8: 10.2 | IV8: 14.4 | IW8: 43.9 | IX8: 39.1 | IY8: 44.5 | IZ8: 35.6 | JA8: 38.1 | JB8: 31.8 | JC8: 20.6 | JD8: 16.5 | JE8: 16.6 | JF8: 18.5 | JG8: 2.3 | JH8: 1.9 | JI8: 1.4 | JJ8: -2.6 | JK8: 2.1 | JL8: -2.6 | JM8: -5.5 | JN8: -3.2 | JO8: -0.7 | JP8: 1.8 | JQ8: 2.6 | JR8: -5.6 | JS8: 12.2 | JT8: 9.9 | JU8: 4.7 | JV8: 9.4 | JW8: 2.6 | JX8: 2.1 | JY8: 3.3 | JZ8: 3.3 | KA8: 1.8 | KB8: 1.7 | KC8: 1.9 | KD8: 7.4 | KE8: 3.3 | KF8: 3.6 | KG8: 6.1 | KH8: 7 | KI8: 10.8 | KJ8: 9.3 | KK8: 8.6
A9: Monetary aggregate М1 | B9: 36.2 | C9: 33 | D9: 31.1 | E9: 29.2 | F9: 24.9 | G9: 28.4 | H9: 27.3 | I9: 25.3 | J9: 23.3 | K9: 21.2 | L9: 21.6 | M9: 26.8 | N9: 26 | O9: 29 | P9: 32.5 | Q9: 36.4 | R9: 38.2 | S9: 39.2 | T9: 44.5 | U9: 41.7 | V9: 43.3 | W9: 43.3 | X9: 39.9 | Y9: 41.1 | Z9: 45.2 | AA9: 52.3 | AB9: 52.4 | AC9: 47.9 | AD9: 41.6 | AE9: 35.5 | AF9: 32.8 | AG9: 31.5 | AH9: 28.7 | AI9: 29.1 | AJ9: 31.9 | AK9: 33.6 | AL9: 30.8 | AM9: 26 | AN9: 26 | AO9: 27.8 | AP9: 29.2 | AQ9: 30.2 | AR9: 30.2 | AS9: 33.2 | AT9: 36.7 | AU9: 39.7 | AV9: 36.9 | AW9: 34.7 | AX9: 35.6 | AY9: 36.8 | AZ9: 33.5 | BA9: 34.8 | BB9: 36 | BC9: 41.7 | BD9: 42.3 | BE9: 42.4 | BF9: 43.5 | BG9: 44.2 | BH9: 42.9 | BI9: 43.4 | BJ9: 45 | BK9: 45.1 | BL9: 46 | BM9: 49.8 | BN9: 55.9 | BO9: 60.3 | BP9: 49.6 | BQ9: 48.5 | BR9: 46.9 | BS9: 46.2 | BT9: 40.9 | BU9: 41.6 | BV9: 36.1 | BW9: 38.5 | BX9: 35.8 | BY9: 29 | BZ9: 18.1 | CA9: 11.6 | CB9: 18.4 | CC9: 16.6 | CD9: 17 | CE9: 13.6 | CF9: 14 | CG9: 10.1 | CH9: 1.1 | CI9: -9.1 | CJ9: -9.6 | CK9: -11 | CL9: -7.5 | CM9: -7.3 | CN9: -8.4 | CO9: -8.4 | CP9: -9.3 | CQ9: -8.8 | CR9: -3.8 | CS9: -1.2 | CT9: 8.8 | CU9: 21.1 | CV9: 25.5 | CW9: 26.7 | CX9: 27.4 | CY9: 26.8 | CZ9: 25.6 | DA9: 28 | DB9: 28.6 | DC9: 29.3 | DD9: 29.6 | DE9: 30.1 | DF9: 30.4 | DG9: 29.4 | DH9: 28.2 | DI9: 25.8 | DJ9: 23.4 | DK9: 20.6 | DL9: 21.1 | DM9: 20.9 | DN9: 20.1 | DO9: 20.2 | DP9: 17.5 | DQ9: 16.7 | DR9: 17.5 | DS9: 17.2 | DT9: 15.7 | DU9: 16.4 | DV9: 15.7 | DW9: 15.5 | DX9: 14.6 | DY9: 12.9 | DZ9: 9.7 | EA9: 8.6 | EB9: 9.4 | EC9: 8.3 | ED9: 7.3 | EE9: 7.5 | EF9: 8.1 | EG9: 9.7 | EH9: 9.2 | EI9: 9.6 | EJ9: 11.3 | EK9: 13.1 | EL9: 13.7 | EM9: 12.2 | EN9: 12.3 | EO9: 14.4 | EP9: 13.3 | EQ9: 12.1 | ER9: 13.5 | ES9: 10.1 | ET9: 11.3 | EU9: 9.8 | EV9: 6.8 | EW9: 5.6 | EX9: 6.8 | EY9: 6.5 | EZ9: 4.2 | FA9: 4.6 | FB9: -1.1 | FC9: 1.8 | FD9: -0.3 | FE9: 0 | FF9: -0.2 | FG9: 0.8 | FH9: 0.6 | FI9: 1.2 | FJ9: 2.7 | FK9: 1.6 | FL9: 3.7 | FM9: 3.6 | FN9: 7.7 | FO9: 6.4 | FP9: 7.9 | FQ9: 11.2 | FR9: 10.6 | FS9: 12.9 | FT9: 12.2 | FU9: 11.3 | FV9: 10 | FW9: 10.3 | FX9: 11.5 | FY9: 8.8 | FZ9: 6.8 | GA9: 8.9 | GB9: 8.7 | GC9: 5.5 | GD9: 6 | GE9: 5.7 | GF9: 7.1 | GG9: 8.5 | GH9: 8.3 | GI9: 9 | GJ9: 10 | GK9: 10.8 | GL9: 10.6 | GM9: 8.9 | GN9: 10 | GO9: 11.8 | GP9: 14.3 | GQ9: 13.5 | GR9: 14.2 | GS9: 14.5 | GT9: 13.9 | GU9: 14.2 | GV9: 12.9 | GW9: 12 | GX9: 10.8 | GY9: 10 | GZ9: 8.8 | HA9: 7.6 | HB9: 7.2 | HC9: 5 | HD9: 5.4 | HE9: 5.2 | HF9: 6.6 | HG9: 9 | HH9: 8.1 | HI9: 9.5 | HJ9: 10.3 | HK9: 12.6 | HL9: 14.7 | HM9: 20.8 | HN9: 22.7 | HO9: 25.5 | HP9: 28.1 | HQ9: 29.2 | HR9: 32.2 | HS9: 31.6 | HT9: 33.8 | HU9: 34.9 | HV9: 33.2 | HW9: 34.9 | HX9: 33.9 | HY9: 28.1 | HZ9: 27.1 | IA9: 25.7 | IB9: 21.3 | IC9: 19.3 | ID9: 16.3 | IE9: 15 | IF9: 14.1 | IG9: 13.7 | IH9: 13.3 | II9: 13.9 | IJ9: 15.8 | IK9: 8.3 | IL9: 3.8 | IM9: 4.3 | IN9: 8 | IO9: 12.3 | IP9: 15.6 | IQ9: 19.6 | IR9: 22.3 | IS9: 20.1 | IT9: 22.2 | IU9: 25.3 | IV9: 22.5 | IW9: 30 | IX9: 33.5 | IY9: 36.9 | IZ9: 32.9 | JA9: 31.5 | JB9: 27.4 | JC9: 20.6 | JD9: 17.7 | JE9: 15.4 | JF9: 12.9 | JG9: 8.1 | JH9: 8.2 | JI9: 8.8 | JJ9: 9.5 | JK9: 5.2 | JL9: 3.8 | JM9: 3.2 | JN9: 1.8 | JO9: 3.8 | JP9: 2 | JQ9: 1.3 | JR9: 4.1 | JS9: 5.1 | JT9: 4.5 | JU9: 3.6 | JV9: 1.8 | JW9: 2.8 | JX9: 4.2 | JY9: 2.8 | JZ9: 4.5 | KA9: 4.3 | KB9: 7.7 | KC9: 11.1 | KD9: 8.1 | KE9: 7.5 | KF9: 9.8 | KG9: 12.2 | KH9: 15.3 | KI9: 16.8 | KJ9: 17 | KK9: 16.9
A10: Other deposits in rubles | B10: 51.3 | C10: 54.6 | D10: 53.3 | E10: 54 | F10: 59.6 | G10: 62.2 | H10: 61 | I10: 60 | J10: 61.3 | K10: 59 | L10: 58.5 | M10: 53.9 | N10: 50.3 | O10: 48 | P10: 50.8 | Q10: 51.4 | R10: 52.9 | S10: 55.4 | T10: 58.1 | U10: 61.1 | V10: 58.2 | W10: 57.9 | X10: 56 | Y10: 56.2 | Z10: 62.7 | AA10: 68.6 | AB10: 67.2 | AC10: 65.9 | AD10: 65.7 | AE10: 61.1 | AF10: 56.5 | AG10: 50.2 | AH10: 49.5 | AI10: 48.7 | AJ10: 48.9 | AK10: 48.4 | AL10: 46.4 | AM10: 39 | AN10: 35.8 | AO10: 36.7 | AP10: 36.4 | AQ10: 38.3 | AR10: 40.9 | AS10: 44.4 | AT10: 46.7 | AU10: 45.9 | AV10: 45 | AW10: 43.5 | AX10: 44.1 | AY10: 43.7 | AZ10: 43.7 | BA10: 42.9 | BB10: 42.3 | BC10: 43.7 | BD10: 45.7 | BE10: 48.6 | BF10: 47.3 | BG10: 50.5 | BH10: 51.8 | BI10: 53.6 | BJ10: 55.3 | BK10: 55.4 | BL10: 57.6 | BM10: 57.1 | BN10: 59.6 | BO10: 59.9 | BP10: 60 | BQ10: 55.7 | BR10: 55.1 | BS10: 51.8 | BT10: 56.5 | BU10: 56.5 | BV10: 55.5 | BW10: 53.1 | BX10: 53.2 | BY10: 52.9 | BZ10: 48.7 | CA10: 46.8 | CB10: 42.8 | CC10: 43.6 | CD10: 44 | CE10: 36.9 | CF10: 18.2 | CG10: 8 | CH10: 0.4 | CI10: -8 | CJ10: -9.3 | CK10: -10.4 | CL10: -9.9 | CM10: -7.4 | CN10: -8.9 | CO10: -9.5 | CP10: -10.5 | CQ10: -4 | CR10: 8.9 | CS10: 18.3 | CT10: 30.4 | CU10: 43.2 | CV10: 42.8 | CW10: 46.1 | CX10: 47.2 | CY10: 42.3 | CZ10: 44.1 | DA10: 44.6 | DB10: 46 | DC10: 42.2 | DD10: 38 | DE10: 36.9 | DF10: 31.8 | DG10: 29.7 | DH10: 28.2 | DI10: 27.4 | DJ10: 25.5 | DK10: 24.5 | DL10: 24.3 | DM10: 23.4 | DN10: 21.6 | DO10: 22.8 | DP10: 22.2 | DQ10: 23.8 | DR10: 25.1 | DS10: 25.3 | DT10: 26.2 | DU10: 24.1 | DV10: 23.7 | DW10: 23.3 | DX10: 21.9 | DY10: 20.9 | DZ10: 21.5 | EA10: 19.6 | EB10: 19.8 | EC10: 17.7 | ED10: 17.7 | EE10: 18.7 | EF10: 19.7 | EG10: 19.7 | EH10: 19.9 | EI10: 20.2 | EJ10: 19.6 | EK10: 21.1 | EL10: 21 | EM10: 19.9 | EN10: 19 | EO10: 19 | EP10: 16.1 | EQ10: 14.5 | ER10: 11.9 | ES10: 7 | ET10: 7.1 | EU10: 6.9 | EV10: 6.4 | EW10: 6.5 | EX10: 6.1 | EY10: 7.2 | EZ10: 6.7 | FA10: 4.2 | FB10: 4 | FC10: 6 | FD10: 7.3 | FE10: 10.2 | FF10: 12.2 | FG10: 11.9 | FH10: 11.8 | FI10: 11.2 | FJ10: 10.5 | FK10: 9.8 | FL10: 11.6 | FM10: 13.5 | FN10: 14.7 | FO10: 12.1 | FP10: 11.7 | FQ10: 12.3 | FR10: 10.9 | FS10: 11.2 | FT10: 12.4 | FU10: 13.5 | FV10: 13.9 | FW10: 15 | FX10: 12.6 | FY10: 13.5 | FZ10: 11.3 | GA10: 14.8 | GB10: 15.1 | GC10: 16.2 | GD10: 13.7 | GE10: 13.9 | GF10: 13.6 | GG10: 9.5 | GH10: 9.7 | GI10: 9.9 | GJ10: 10.1 | GK10: 9.6 | GL10: 10.4 | GM10: 9.9 | GN10: 8.7 | GO10: 8.4 | GP10: 9.3 | GQ10: 7.6 | GR10: 9 | GS10: 9.5 | GT10: 11.4 | GU10: 9.8 | GV10: 10.2 | GW10: 11.8 | GX10: 11.1 | GY10: 9.9 | GZ10: 10.8 | HA10: 10 | HB10: 8.1 | HC10: 10.6 | HD10: 9 | HE10: 10.2 | HF10: 7.8 | HG10: 9.1 | HH10: 9.3 | HI10: 9.7 | HJ10: 9.1 | HK10: 9.2 | HL10: 8 | HM10: 7.3 | HN10: 6.7 | HO10: 3.7 | HP10: 3.7 | HQ10: 3.9 | HR10: 2.5 | HS10: 2.6 | HT10: 1.2 | HU10: -3.5 | HV10: -3.4 | HW10: -4.4 | HX10: -4.7 | HY10: -4.1 | HZ10: -2.9 | IA10: -2.6 | IB10: -2.8 | IC10: -2.8 | ID10: -0.8 | IE10: 0.6 | IF10: 2.9 | IG10: 7.9 | IH10: 12.6 | II10: 12.8 | IJ10: 13 | IK10: 27.9 | IL10: 30.7 | IM10: 32.2 | IN10: 28.4 | IO10: 28.3 | IP10: 31.7 | IQ10: 29.4 | IR10: 27 | IS10: 27.4 | IT10: 26.9 | IU10: 26.7 | IV10: 30.3 | IW10: 18.4 | IX10: 13.7 | IY10: 12.9 | IZ10: 17.1 | JA10: 16.9 | JB10: 17.7 | JC10: 20.6 | JD10: 23.9 | JE10: 26.2 | JF10: 26.9 | JG10: 32.1 | JH10: 30.6 | JI10: 27.4 | JJ10: 36.3 | JK10: 35.8 | JL10: 37.2 | JM10: 37.3 | JN10: 37.7 | JO10: 36.5 | JP10: 39.6 | JQ10: 39.9 | JR10: 34.6 | JS10: 33.1 | JT10: 32.1 | JU10: 30.1 | JV10: 25.5 | JW10: 27.2 | JX10: 25.1 | JY10: 26.8 | JZ10: 23.4 | KA10: 20.1 | KB10: 17.3 | KC10: 13.3 | KD10: 12.5 | KE10: 11.4 | KF10: 12.6 | KG10: 11.5 | KH10: 10 | KI10: 10.1 | KJ10: 10.3 | KK10: 10.1
A11: Other deposits of other financial corporations | B11: 73.2 | C11: 56.2 | D11: 34.5 | E11: 45.5 | F11: 30.8 | G11: 35.8 | H11: 26.6 | I11: 59.7 | J11: 56.2 | K11: 56.8 | L11: 31.5 | M11: 38.9 | N11: 46.4 | O11: 30.4 | P11: 39.7 | Q11: 17.5 | R11: 22.4 | S11: 17.7 | T11: 16.2 | U11: 41.7 | V11: 47.3 | W11: 36.1 | X11: 50 | Y11: 57.5 | Z11: 38.2 | AA11: 65.3 | AB11: 71.8 | AC11: 99.6 | AD11: 123.4 | AE11: 120.5 | AF11: 112.1 | AG11: 103.9 | AH11: 104.8 | AI11: 97.5 | AJ11: 99.8 | AK11: 83.5 | AL11: 196.9 | AM11: 147 | AN11: 82.7 | AO11: 75.6 | AP11: 79.4 | AQ11: 85.7 | AR11: 75.9 | AS11: 73.9 | AT11: 52.8 | AU11: 61.9 | AV11: 48.1 | AW11: 45.8 | AX11: 43.4 | AY11: 19 | AZ11: 54 | BA11: 61.5 | BB11: 44.7 | BC11: 48.5 | BD11: 66.4 | BE11: 55.5 | BF11: 69.2 | BG11: 68.5 | BH11: 71.6 | BI11: 79.7 | BJ11: 29.4 | BK11: 39.3 | BL11: 52.9 | BM11: 50.8 | BN11: 67 | BO11: 64.4 | BP11: 65.6 | BQ11: 43.4 | BR11: 48.1 | BS11: 57.4 | BT11: 61.5 | BU11: 66.7 | BV11: 85.9 | BW11: 119.9 | BX11: 104.2 | BY11: 93.5 | BZ11: 109.5 | CA11: 120.7 | CB11: 122.1 | CC11: 140.4 | CD11: 128.3 | CE11: 100 | CF11: 87.1 | CG11: 79.1 | CH11: 107.4 | CI11: 88.4 | CJ11: 92.7 | CK11: 93 | CL11: 40.4 | CM11: 43.2 | CN11: 26.1 | CO11: 15.3 | CP11: 25.2 | CQ11: 42.1 | CR11: 52.1 | CS11: 51.4 | CT11: 17.3 | CU11: 18.5 | CV11: -0.5 | CW11: 1 | CX11: 27.9 | CY11: 10.3 | CZ11: 20 | DA11: 31.3 | DB11: 22.3 | DC11: 18.2 | DD11: 10.3 | DE11: 7 | DF11: 3.3 | DG11: 5 | DH11: 16.8 | DI11: 12.6 | DJ11: 7.5 | DK11: 13.1 | DL11: 12.8 | DM11: 16.4 | DN11: 15.5 | DO11: 19 | DP11: 26.7 | DQ11: 39.3 | DR11: 43.4 | DS11: 47.4 | DT11: 60.2 | DU11: 72.3 | DV11: 68.6 | DW11: 66.6 | DX11: 65.1 | DY11: 63.7 | DZ11: 71.8 | EA11: 62.5 | EB11: 55.1 | EC11: 46.6 | ED11: 47.1 | EE11: 32.3 | EF11: 23.5 | EG11: 31.5 | EH11: 27.9 | EI11: 27.2 | EJ11: 33.3 | EK11: 26.6 | EL11: 22.7 | EM11: 21.9 | EN11: 21.1 | EO11: 18.6 | EP11: 10.6 | EQ11: 22 | ER11: 20.6 | ES11: 6.6 | ET11: 5.5 | EU11: 7.2 | EV11: 1.5 | EW11: 8 | EX11: 3.2 | EY11: 3.9 | EZ11: 4.9 | FA11: 5.3 | FB11: 6.7 | FC11: 11.9 | FD11: 12.3 | FE11: 12.4 | FF11: 30.1 | FG11: 32.8 | FH11: 33.4 | FI11: 17.1 | FJ11: 19.3 | FK11: 15.5 | FL11: 11.2 | FM11: 5.8 | FN11: 7 | FO11: 1.3 | FP11: -1 | FQ11: 4 | FR11: -5.2 | FS11: -10.2 | FT11: -10.5 | FU11: -7.2 | FV11: -3.2 | FW11: -1.5 | FX11: 4.3 | FY11: 0.3 | FZ11: -0.4 | GA11: 1 | GB11: 5 | GC11: 0.5 | GD11: -4.2 | GE11: -5.5 | GF11: -10.1 | GG11: -12.2 | GH11: -12.9 | GI11: -14.7 | GJ11: -18.7 | GK11: -12.2 | GL11: -4.4 | GM11: -3.1 | GN11: -4.1 | GO11: -6.3 | GP11: -5.4 | GQ11: -1.5 | GR11: -0.1 | GS11: 0.4 | GT11: -1.9 | GU11: 2.3 | GV11: 8.6 | GW11: 18.4 | GX11: -0.7 | GY11: 9.8 | GZ11: 13 | HA11: 11.9 | HB11: 7 | HC11: 13.3 | HD11: 14 | HE11: 20.5 | HF11: 25.1 | HG11: 18.7 | HH11: 16.4 | HI11: 13.3 | HJ11: 18.9 | HK11: 11.3 | HL11: 7.6 | HM11: 13.1 | HN11: 20.4 | HO11: 8.4 | HP11: 6.1 | HQ11: 17.8 | HR11: 11.3 | HS11: 15.6 | HT11: 15.3 | HU11: 8.4 | HV11: 13.5 | HW11: 9.3 | HX11: 9.7 | HY11: 12.2 | HZ11: 9.8 | IA11: 13.1 | IB11: 23.2 | IC11: 5.6 | ID11: 11.5 | IE11: 17.9 | IF11: 12.2 | IG11: 16.5 | IH11: 30 | II11: 23 | IJ11: 21.9 | IK11: 23.2 | IL11: 19.4 | IM11: 22.2 | IN11: 17 | IO11: 25.9 | IP11: 24.2 | IQ11: 28.7 | IR11: 32.1 | IS11: 31.5 | IT11: 24.5 | IU11: 43.6 | IV11: 58.1 | IW11: 78.1 | IX11: 46.7 | IY11: 37.6 | IZ11: 47.3 | JA11: 43.3 | JB11: 45.2 | JC11: 26.2 | JD11: 30 | JE11: 36.2 | JF11: 32.3 | JG11: 33.3 | JH11: 26.6 | JI11: 7 | JJ11: 26.7 | JK11: 47.2 | JL11: 38.7 | JM11: 35.7 | JN11: 45 | JO11: 54.5 | JP11: 57 | JQ11: 64.2 | JR11: 54.8 | JS11: 42.8 | JT11: 35.4 | JU11: 32 | JV11: 30.8 | JW11: 21.8 | JX11: 24.7 | JY11: 27.9 | JZ11: 17.5 | KA11: 15.4 | KB11: 7.7 | KC11: -2.6 | KD11: 2.7 | KE11: 3.3 | KF11: 5.9 | KG11: 11 | KH11: 12.8 | KI11: 13.8 | KJ11: 9.6 | KK11: 10
A12: Other deposits of non-financial corporations | B12: 16.5 | C12: 14.4 | D12: 2.2 | E12: -1.4 | F12: 11.9 | G12: 22.1 | H12: 14.1 | I12: 1.8 | J12: 9.4 | K12: 5.6 | L12: 13 | M12: 15.7 | N12: 30.2 | O12: 30.9 | P12: 41.6 | Q12: 45.3 | R12: 53 | S12: 51.9 | T12: 54.5 | U12: 66.6 | V12: 44.7 | W12: 54.5 | X12: 46.9 | Y12: 36.3 | Z12: 38.8 | AA12: 40.4 | AB12: 39.8 | AC12: 36.3 | AD12: 47.5 | AE12: 43.8 | AF12: 42.7 | AG12: 37.8 | AH12: 49.1 | AI12: 40.8 | AJ12: 51.9 | AK12: 62.1 | AL12: 57.1 | AM12: 57.3 | AN12: 54.2 | AO12: 61.9 | AP12: 50.2 | AQ12: 57 | AR12: 70.8 | AS12: 69.9 | AT12: 80.3 | AU12: 70 | AV12: 69.3 | AW12: 65.2 | AX12: 66 | AY12: 76.3 | AZ12: 65.9 | BA12: 60.6 | BB12: 61.8 | BC12: 60.5 | BD12: 62.5 | BE12: 78.5 | BF12: 60 | BG12: 80.4 | BH12: 78.8 | BI12: 83.9 | BJ12: 93.3 | BK12: 85.6 | BL12: 98 | BM12: 95.5 | BN12: 103.1 | BO12: 112.5 | BP12: 111.4 | BQ12: 91 | BR12: 92.2 | BS12: 74.2 | BT12: 106.5 | BU12: 109.8 | BV12: 109.3 | BW12: 106.8 | BX12: 117.9 | BY12: 123.6 | BZ12: 97.3 | CA12: 86.9 | CB12: 67.5 | CC12: 74.7 | CD12: 80.3 | CE12: 68.6 | CF12: 22.8 | CG12: 5.3 | CH12: -4.3 | CI12: -20.1 | CJ12: -23.8 | CK12: -27.4 | CL12: -21.2 | CM12: -15.8 | CN12: -19.1 | CO12: -18.8 | CP12: -21.9 | CQ12: -8.5 | CR12: 7.8 | CS12: 20.8 | CT12: 41.5 | CU12: 68.1 | CV12: 60.6 | CW12: 66.7 | CX12: 55.9 | CY12: 42.8 | CZ12: 46 | DA12: 39.8 | DB12: 44.4 | DC12: 31 | DD12: 22.4 | DE12: 21.3 | DF12: 13 | DG12: 6.5 | DH12: 3.9 | DI12: 10.2 | DJ12: 12.9 | DK12: 13 | DL12: 17.3 | DM12: 16.8 | DN12: 14.3 | DO12: 24.1 | DP12: 25.9 | DQ12: 33.2 | DR12: 35.9 | DS12: 39.1 | DT12: 42.8 | DU12: 29.5 | DV12: 26.4 | DW12: 25.2 | DX12: 19.6 | DY12: 18.3 | DZ12: 18.1 | EA12: 10.9 | EB12: 9.9 | EC12: 3.9 | ED12: 7.2 | EE12: 11.8 | EF12: 16.2 | EG12: 12 | EH12: 12.4 | EI12: 14.7 | EJ12: 9.7 | EK12: 16.4 | EL12: 17.8 | EM12: 13.6 | EN12: 10.3 | EO12: 14.9 | EP12: 11.1 | EQ12: 9 | ER12: 5.5 | ES12: 1.8 | ET12: 6.7 | EU12: 5.5 | EV12: 6.3 | EW12: 4.9 | EX12: 5.5 | EY12: 10.3 | EZ12: 15.1 | FA12: 7.6 | FB12: 20 | FC12: 20.6 | FD12: 17.9 | FE12: 17.8 | FF12: 17 | FG12: 14 | FH12: 12.4 | FI12: 15.2 | FJ12: 10.1 | FK12: 7.2 | FL12: 11.3 | FM12: 15.1 | FN12: 4.5 | FO12: -2.7 | FP12: 0 | FQ12: 3.5 | FR12: 3.5 | FS12: 6.9 | FT12: 14.2 | FU12: 18.3 | FV12: 18.9 | FW12: 25.6 | FX12: 10.6 | FY12: 14.2 | FZ12: 5.7 | GA12: 19.9 | GB12: 20.6 | GC12: 29.4 | GD12: 23 | GE12: 25.3 | GF12: 24.8 | GG12: 9.5 | GH12: 12.5 | GI12: 12.3 | GJ12: 17.1 | GK12: 13.9 | GL12: 16.3 | GM12: 15.3 | GN12: 12.1 | GO12: 8.8 | GP12: 11.7 | GQ12: 6.5 | GR12: 12.4 | GS12: 13.4 | GT12: 24.2 | GU12: 18.9 | GV12: 19.8 | GW12: 24.6 | GX12: 26.2 | GY12: 20 | GZ12: 22.1 | HA12: 20.2 | HB12: 11.9 | HC12: 19.7 | HD12: 13 | HE12: 17.4 | HF12: 3.8 | HG12: 8.9 | HH12: 10.8 | HI12: 14.8 | HJ12: 12.2 | HK12: 15.9 | HL12: 14 | HM12: 16.1 | HN12: 19.6 | HO12: 12.9 | HP12: 14.3 | HQ12: 13.2 | HR12: 15.6 | HS12: 18.3 | HT12: 18.9 | HU12: 6.8 | HV12: 7.3 | HW12: 7.8 | HX12: 9.7 | HY12: 9.9 | HZ12: 12.1 | IA12: 13.7 | IB12: 12 | IC12: 16.3 | ID12: 17.1 | IE12: 14.5 | IF12: 17.3 | IG12: 26.7 | IH12: 28.1 | II12: 26.3 | IJ12: 28.6 | IK12: 39.5 | IL12: 36 | IM12: 33.8 | IN12: 31.8 | IO12: 27.7 | IP12: 42 | IQ12: 43.4 | IR12: 38 | IS12: 40.3 | IT12: 41.3 | IU12: 38.9 | IV12: 40.5 | IW12: 30.1 | IX12: 29.2 | IY12: 30.1 | IZ12: 31.5 | JA12: 31.6 | JB12: 23.5 | JC12: 20.3 | JD12: 20.1 | JE12: 15.5 | JF12: 15.1 | JG12: 24 | JH12: 19.5 | JI12: 13.1 | JJ12: 28.4 | JK12: 19.5 | JL12: 21 | JM12: 20.8 | JN12: 21.8 | JO12: 20.1 | JP12: 26.5 | JQ12: 27.8 | JR12: 15.8 | JS12: 15.1 | JT12: 13.6 | JU12: 10.1 | JV12: 1.7 | JW12: 10.4 | JX12: 6.8 | JY12: 10.5 | JZ12: 10.6 | KA12: 7.1 | KB12: 7.3 | KC12: 7.1 | KD12: 8.1 | KE12: 5.2 | KF12: 10.6 | KG12: 10 | KH12: 9 | KI12: 12.1 | KJ12: 15.3 | KK12: 17.5
A13: Other deposits of households | B13: 61.5 | C13: 65.5 | D13: 69 | E13: 71.3 | F13: 73.4 | G13: 73.1 | H13: 74.9 | I13: 76.4 | J13: 76.2 | K13: 74.1 | L13: 71.1 | M13: 63.5 | N13: 54.9 | O13: 51.7 | P13: 52.7 | Q13: 53.5 | R13: 53.7 | S13: 57 | T13: 59.9 | U13: 60.7 | V13: 60.8 | W13: 59.1 | X13: 57.7 | Y13: 59.6 | Z13: 67.9 | AA13: 73.2 | AB13: 71.6 | AC13: 70.1 | AD13: 67.7 | AE13: 62.8 | AF13: 57.8 | AG13: 50.9 | AH13: 48.2 | AI13: 48.8 | AJ13: 47.2 | AK13: 45.4 | AL13: 41.2 | AM13: 34 | AN13: 32.1 | AO13: 32.3 | AP13: 33 | AQ13: 34.2 | AR13: 35.4 | AS13: 39.6 | AT13: 41.1 | AU13: 41.7 | AV13: 40.9 | AW13: 39.9 | AX13: 40.3 | AY13: 39.8 | AZ13: 39.8 | BA13: 39.3 | BB13: 38.9 | BC13: 40.6 | BD13: 41.8 | BE13: 42.8 | BF13: 44 | BG13: 44.2 | BH13: 45.8 | BI13: 46.8 | BJ13: 48.8 | BK13: 50.2 | BL13: 50.4 | BM13: 50.2 | BN13: 50.7 | BO13: 49.3 | BP13: 48.4 | BQ13: 48 | BR13: 47.1 | BS13: 46.3 | BT13: 44.3 | BU13: 43.3 | BV13: 39.9 | BW13: 37.7 | BX13: 35.4 | BY13: 33.9 | BZ13: 32.8 | CA13: 32.2 | CB13: 31.4 | CC13: 30.1 | CD13: 29.6 | CE13: 25.2 | CF13: 13.3 | CG13: 5.5 | CH13: -3.7 | CI13: -9.3 | CJ13: -9.7 | CK13: -9.4 | CL13: -8.9 | CM13: -7.9 | CN13: -7.5 | CO13: -7.6 | CP13: -8.6 | CQ13: -5.7 | CR13: 5.9 | CS13: 14.6 | CT13: 27.6 | CU13: 38.2 | CV13: 42.5 | CW13: 44.9 | CX13: 46.2 | CY13: 45.7 | CZ13: 46 | DA13: 47.6 | DB13: 49.1 | DC13: 48.9 | DD13: 47 | DE13: 46 | DF13: 43.3 | DG13: 41.3 | DH13: 38.3 | DI13: 35.1 | DJ13: 31.8 | DK13: 29.6 | DL13: 27.8 | DM13: 26.3 | DN13: 24.6 | DO13: 22.7 | DP13: 20.7 | DQ13: 19.6 | DR13: 19.9 | DS13: 19.5 | DT13: 19 | DU13: 18.9 | DV13: 19.4 | DW13: 19.4 | DX13: 19.3 | DY13: 18.2 | DZ13: 18.5 | EA13: 18.8 | EB13: 20 | EC13: 19.7 | ED13: 18.9 | EE13: 19.8 | EF13: 20.5 | EG13: 21 | EH13: 21.5 | EI13: 21.3 | EJ13: 21.4 | EK13: 21.9 | EL13: 21.8 | EM13: 21.5 | EN13: 21.4 | EO13: 20.3 | EP13: 18.6 | EQ13: 15.5 | ER13: 13.1 | ES13: 8.7 | ET13: 7.4 | EU13: 7.3 | EV13: 6.9 | EW13: 6.9 | EX13: 6.7 | EY13: 6.7 | EZ13: 4.6 | FA13: 3.1 | FB13: -1.6 | FC13: 1 | FD13: 3.5 | FE13: 7.7 | FF13: 8.7 | FG13: 8.9 | FH13: 9.2 | FI13: 9.3 | FJ13: 9.6 | FK13: 9.9 | FL13: 11.7 | FM13: 13.8 | FN13: 19.7 | FO13: 18.7 | FP13: 17.3 | FQ13: 16.1 | FR13: 15.5 | FS13: 15.5 | FT13: 14.9 | FU13: 14.6 | FV13: 14.5 | FW13: 13.9 | FX13: 14.1 | FY13: 14.7 | FZ13: 14.6 | GA13: 14.7 | GB13: 14.5 | GC13: 14.1 | GD13: 13 | GE13: 12.6 | GF13: 12.7 | GG13: 11.6 | GH13: 11.2 | GI13: 11.6 | GJ13: 11.1 | GK13: 10.3 | GL13: 9.9 | GM13: 9.4 | GN13: 8.9 | GO13: 9.6 | GP13: 9.9 | GQ13: 8.8 | GR13: 8.6 | GS13: 9.1 | GT13: 8.5 | GU13: 7.5 | GV13: 7.4 | GW13: 7.4 | GX13: 6.9 | GY13: 6.6 | GZ13: 7.1 | HA13: 6.6 | HB13: 7 | HC13: 7.5 | HD13: 7.2 | HE13: 7.1 | HF13: 8 | HG13: 8.5 | HH13: 8.3 | HI13: 7.5 | HJ13: 7.1 | HK13: 6.6 | HL13: 5.8 | HM13: 3.7 | HN13: 1.2 | HO13: 0 | HP13: -0.3 | HQ13: -0.6 | HR13: -2.7 | HS13: -4 | HT13: -6.3 | HU13: -8.5 | HV13: -9.3 | HW13: -10.4 | HX13: -11.5 | HY13: -11.3 | HZ13: -10.2 | IA13: -10.6 | IB13: -11.1 | IC13: -11.3 | ID13: -9.2 | IE13: -7.2 | IF13: -4.4 | IG13: -1.3 | IH13: 2.9 | II13: 5.3 | IJ13: 4.5 | IK13: 22.6 | IL13: 29.3 | IM13: 32.6 | IN13: 28 | IO13: 28.9 | IP13: 27.2 | IQ13: 21.9 | IR13: 20.4 | IS13: 19.6 | IT13: 18.1 | IU13: 17.6 | IV13: 20.8 | IW13: 5 | IX13: 1.8 | IY13: 1.3 | IZ13: 6.1 | JA13: 6.2 | JB13: 11.2 | JC13: 20.1 | JD13: 25.4 | JE13: 32 | JF13: 35.1 | JG13: 37.4 | JH13: 38.9 | JI13: 41.3 | JJ13: 43.1 | JK13: 45 | JL13: 47.7 | JM13: 48.3 | JN13: 47 | JO13: 44.3 | JP13: 45.2 | JQ13: 43.7 | JR13: 43.8 | JS13: 42.6 | JT13: 42.6 | JU13: 41 | JV13: 39.3 | JW13: 37.3 | JX13: 35.1 | JY13: 35.2 | JZ13: 31.2 | KA13: 27.7 | KB13: 24 | KC13: 19.1 | KD13: 16.2 | KE13: 15.6 | KF13: 14.5 | KG13: 12.2 | KH13: 10.1 | KI13: 8.8 | KJ13: 8.2 | KK13: 6.9
A14: Monetary aggregate М2 | B14: 39.9 | C14: 38.6 | D14: 37 | E14: 35.7 | F14: 33.6 | G14: 36.8 | H14: 35.6 | I14: 33.9 | J14: 32.7 | K14: 30.7 | L14: 31.1 | M14: 34.2 | N14: 32.4 | O14: 34.5 | P14: 37.9 | Q14: 40.9 | R14: 42.6 | S14: 43.9 | T14: 48.5 | U14: 47.4 | V14: 47.7 | W14: 47.7 | X14: 44.9 | Y14: 45.9 | Z14: 50.4 | AA14: 57.5 | AB14: 57.2 | AC14: 53.7 | AD14: 49.4 | AE14: 43.6 | AF14: 40.1 | AG14: 37.5 | AH14: 35.4 | AI14: 35.5 | AJ14: 37.6 | AK14: 38.6 | AL14: 35.8 | AM14: 30.5 | AN14: 29.4 | AO14: 30.9 | AP14: 31.8 | AQ14: 33.1 | AR14: 33.9 | AS14: 37.2 | AT14: 40.2 | AU14: 41.9 | AV14: 39.8 | AW14: 37.9 | AX14: 38.5 | AY14: 39.3 | AZ14: 37.2 | BA14: 37.8 | BB14: 38.4 | BC14: 42.5 | BD14: 43.6 | BE14: 44.7 | BF14: 44.9 | BG14: 46.5 | BH14: 46.2 | BI14: 47.2 | BJ14: 48.7 | BK14: 49 | BL14: 50.4 | BM14: 52.6 | BN14: 57.3 | BO14: 60.2 | BP14: 53.4 | BQ14: 51.2 | BR14: 50 | BS14: 48.3 | BT14: 47 | BU14: 47.4 | BV14: 43.5 | BW14: 44.2 | BX14: 42.7 | BY14: 38.3 | BZ14: 29.9 | CA14: 24.7 | CB14: 27.8 | CC14: 27.1 | CD14: 27.6 | CE14: 22.5 | CF14: 15.7 | CG14: 9.2 | CH14: 0.8 | CI14: -8.6 | CJ14: -9.5 | CK14: -10.7 | CL14: -8.5 | CM14: -7.4 | CN14: -8.6 | CO14: -8.8 | CP14: -9.9 | CQ14: -6.7 | CR14: 1.5 | CS14: 6.8 | CT14: 17.7 | CU14: 30.4 | CV14: 32.9 | CW14: 35 | CX14: 36 | CY14: 33.6 | CZ14: 33.6 | DA14: 35.2 | DB14: 36.3 | DC14: 35 | DD14: 33.4 | DE14: 33.2 | DF14: 31.1 | DG14: 29.5 | DH14: 28.2 | DI14: 26.5 | DJ14: 24.4 | DK14: 22.4 | DL14: 22.6 | DM14: 22.1 | DN14: 20.8 | DO14: 21.4 | DP14: 19.7 | DQ14: 20 | DR14: 21 | DS14: 20.9 | DT14: 20.5 | DU14: 20 | DV14: 19.5 | DW14: 19.2 | DX14: 18 | DY14: 16.7 | DZ14: 15.3 | EA14: 13.8 | EB14: 14.4 | EC14: 12.9 | ED14: 12.2 | EE14: 12.8 | EF14: 13.7 | EG14: 14.5 | EH14: 14.4 | EI14: 14.8 | EJ14: 15.3 | EK14: 17 | EL14: 17.4 | EM14: 16 | EN14: 15.7 | EO14: 16.7 | EP14: 14.7 | EQ14: 13.3 | ER14: 12.7 | ES14: 8.5 | ET14: 9.1 | EU14: 8.3 | EV14: 6.6 | EW14: 6.1 | EX14: 6.5 | EY14: 6.9 | EZ14: 5.5 | FA14: 4.4 | FB14: 1.5 | FC14: 3.9 | FD14: 3.5 | FE14: 5.1 | FF14: 6.1 | FG14: 6.5 | FH14: 6.2 | FI14: 6.3 | FJ14: 6.7 | FK14: 5.8 | FL14: 7.8 | FM14: 8.6 | FN14: 11.3 | FO14: 9.3 | FP14: 9.9 | FQ14: 11.8 | FR14: 10.7 | FS14: 12 | FT14: 12.3 | FU14: 12.4 | FV14: 12.1 | FW14: 12.8 | FX14: 12.1 | FY14: 11.3 | FZ14: 9.2 | GA14: 12 | GB14: 12.1 | GC14: 11.1 | GD14: 10.1 | GE14: 10 | GF14: 10.5 | GG14: 9 | GH14: 9.1 | GI14: 9.5 | GJ14: 10 | GK14: 10.1 | GL14: 10.5 | GM14: 9.4 | GN14: 9.3 | GO14: 9.9 | GP14: 11.5 | GQ14: 10.3 | GR14: 11.4 | GS14: 11.8 | GT14: 12.6 | GU14: 11.8 | GV14: 11.5 | GW14: 11.9 | GX14: 11 | GY14: 9.9 | GZ14: 9.9 | HA14: 8.9 | HB14: 7.7 | HC14: 8 | HD14: 7.3 | HE14: 7.8 | HF14: 7.2 | HG14: 9.1 | HH14: 8.7 | HI14: 9.6 | HJ14: 9.7 | HK14: 10.7 | HL14: 11 | HM14: 13.4 | HN14: 14 | HO14: 13.5 | HP14: 14.9 | HQ14: 15.5 | HR14: 16.2 | HS14: 16.1 | HT14: 16.2 | HU14: 14.1 | HV14: 13.5 | HW14: 13.8 | HX14: 13.4 | HY14: 11.3 | HZ14: 11.8 | IA14: 11.5 | IB14: 9.5 | IC14: 8.6 | ID14: 8.2 | IE14: 8.2 | IF14: 8.8 | IG14: 11 | IH14: 13 | II14: 13.4 | IJ14: 14.6 | IK14: 17.1 | IL14: 15.7 | IM14: 16.6 | IN14: 16.8 | IO14: 19.3 | IP14: 22.6 | IQ14: 23.9 | IR14: 24.4 | IS14: 23.4 | IT14: 24.4 | IU14: 25.9 | IV14: 25.9 | IW14: 24.4 | IX14: 23.6 | IY14: 24.9 | IZ14: 25.4 | JA14: 24.7 | JB14: 22.9 | JC14: 20.6 | JD14: 20.5 | JE14: 20.4 | JF14: 19.4 | JG14: 19 | JH14: 18.4 | JI14: 17.4 | JJ14: 21.8 | JK14: 18.9 | JL14: 18.7 | JM14: 18.2 | JN14: 17.9 | JO14: 18.8 | JP14: 19.5 | JQ14: 20 | JR14: 19.2 | JS14: 19.2 | JT14: 18.4 | JU14: 17 | JV14: 14 | JW14: 15.3 | JX14: 15 | JY14: 15 | JZ14: 14.4 | KA14: 12.7 | KB14: 13 | KC14: 12.3 | KD14: 10.6 | KE14: 9.7 | KF14: 11.4 | KG14: 11.8 | KH14: 12.3 | KI14: 13 | KJ14: 13.2 | KK14: 13
A15: Other deposits in foreign currency** | B15: 17.2 | C15: 14.4 | D15: 7.5 | E15: 10.8 | F15: 15.5 | G15: 12.3 | H15: 10.8 | I15: 13.1 | J15: 16.2 | K15: 17.2 | L15: 13.9 | M15: 14.9 | N15: 31.5 | O15: 29.4 | P15: 34.7 | Q15: 32.8 | R15: 23.8 | S15: 22.2 | T15: 23.3 | U15: 26.1 | V15: 23.5 | W15: 32.7 | X15: 28.8 | Y15: 24.9 | Z15: 10.6 | AA15: 7.6 | AB15: 3 | AC15: 7.6 | AD15: 21.9 | AE15: 22 | AF15: 23.2 | AG15: 23.2 | AH15: 23.9 | AI15: 13.2 | AJ15: 20.1 | AK15: 21.8 | AL15: 31.6 | AM15: 37.9 | AN15: 39.8 | AO15: 36 | AP15: 23.2 | AQ15: 28.6 | AR15: 27.9 | AS15: 22.1 | AT15: 29.4 | AU15: 30.8 | AV15: 26.7 | AW15: 24.6 | AX15: 22.2 | AY15: 20.2 | AZ15: 18.6 | BA15: 20 | BB15: 18.6 | BC15: 17.4 | BD15: 17.9 | BE15: 14.1 | BF15: 4.1 | BG15: 4.8 | BH15: 9.5 | BI15: 13.8 | BJ15: 6.7 | BK15: 7.1 | BL15: 10.8 | BM15: 28.8 | BN15: 7.9 | BO15: 4.9 | BP15: 1.8 | BQ15: 3.9 | BR15: 11.7 | BS15: 12.7 | BT15: 14.7 | BU15: 18.2 | BV15: 25.9 | BW15: 29.3 | BX15: 33.4 | BY15: 14.1 | BZ15: 36.1 | CA15: 51 | CB15: 55.7 | CC15: 43.8 | CD15: 43.9 | CE15: 39.9 | CF15: 44.8 | CG15: 47.9 | CH15: 111.8 | CI15: 134.5 | CJ15: 107.8 | CK15: 108.7 | CL15: 107.4 | CM15: 81.1 | CN15: 85 | CO15: 110.8 | CP15: 103.8 | CQ15: 99.7 | CR15: 76.6 | CS15: 67.3 | CT15: 12.9 | CU15: 2.5 | CV15: 4 | CW15: 0.5 | CX15: 1.5 | CY15: -1.7 | CZ15: -6.7 | DA15: -5.1 | DB15: -11 | DC15: -8 | DD15: -7.9 | DE15: -7.3 | DF15: -2.1 | DG15: 0.8 | DH15: 6.4 | DI15: 7.4 | DJ15: 8.5 | DK15: 14.2 | DL15: 12.1 | DM15: 9.4 | DN15: 14.9 | DO15: 10.2 | DP15: 37.6 | DQ15: 12.8 | DR15: 6.8 | DS15: 11 | DT15: 7.8 | DU15: 10.7 | DV15: 10.3 | DW15: 5.5 | DX15: 7.8 | DY15: 8.7 | DZ15: 12.4 | EA15: 19 | EB15: -2.7 | EC15: 14.9 | ED15: 19.2 | EE15: 13.3 | EF15: 11 | EG15: 12.2 | EH15: 15.7 | EI15: 16.9 | EJ15: 20.6 | EK15: 17.7 | EL15: 16.7 | EM15: 15.4 | EN15: 13.7 | EO15: 12.4 | EP15: 13.5 | EQ15: 20.6 | ER15: 22.3 | ES15: 23 | ET15: 17.5 | EU15: 21.9 | EV15: 17.9 | EW15: 13.2 | EX15: 11.1 | EY15: 5.6 | EZ15: 10 | FA15: 14.5 | FB15: 10.2 | FC15: 3.4 | FD15: 2 | FE15: -1.6 | FF15: 3.1 | FG15: -2.1 | FH15: 0.9 | FI15: 5 | FJ15: 8 | FK15: 18.5 | FL15: 12 | FM15: 8.4 | FN15: 13 | FO15: 6.4 | FP15: 9 | FQ15: 10.2 | FR15: 7.9 | FS15: 7.5 | FT15: 4.2 | FU15: 2.8 | FV15: -1.4 | FW15: -5.6 | FX15: -7.8 | FY15: -6.9 | FZ15: -7.1 | GA15: 0.4 | GB15: -2.5 | GC15: -5 | GD15: -4.8 | GE15: -2.5 | GF15: -2.9 | GG15: 0 | GH15: 1.9 | GI15: -0.2 | GJ15: 1.3 | GK15: 3.6 | GL15: 3.9 | GM15: 2.3 | GN15: -0.9 | GO15: 1.1 | GP15: -0.5 | GQ15: 0 | GR15: -1.5 | GS15: -2.2 | GT15: -4.5 | GU15: -1.7 | GV15: -1.8 | GW15: -3 | GX15: -1 | GY15: -2.8 | GZ15: 3.6 | HA15: 3.3 | HB15: 5.7 | HC15: 5 | HD15: 6.7 | HE15: 6.3 | HF15: 9.2 | HG15: 6.2 | HH15: 6.4 | HI15: 4.8 | HJ15: 1.8 | HK15: -0.2 | HL15: 0.1 | HM15: -4.8 | HN15: -5 | HO15: -4.4 | HP15: -4.9 | HQ15: -3.9 | HR15: -3.1 | HS15: -3 | HT15: -3.5 | HU15: 2.9 | HV15: 9.3 | HW15: 9 | HX15: 9.3 | HY15: 10.1 | HZ15: 11.4 | IA15: 11.8 | IB15: 11.5 | IC15: 11 | ID15: 14.5 | IE15: 17.1 | IF15: 17 | IG15: 11 | IH15: 4.7 | II15: 5.6 | IJ15: -3.3 | IK15: -9.7 | IL15: -6.4 | IM15: -4.8 | IN15: -3.4 | IO15: -6.5 | IP15: -12.8 | IQ15: -18.7 | IR15: -24.5 | IS15: -23.1 | IT15: -25 | IU15: -25.1 | IV15: -22.4 | IW15: -17.5 | IX15: -25 | IY15: -30.5 | IZ15: -38.2 | JA15: -31.6 | JB15: -28.4 | JC15: -22.9 | JD15: -13.7 | JE15: -12.5 | JF15: -11.7 | JG15: -12.9 | JH15: -10.6 | JI15: -7.2 | JJ15: -4.1 | JK15: -0.5 | JL15: -1.4 | JM15: -0.6 | JN15: -5.6 | JO15: -4.4 | JP15: -6.7 | JQ15: -11.6 | JR15: -14 | JS15: -10 | JT15: -8.8 | JU15: -7.7 | JV15: -7 | JW15: -7.4 | JX15: -4.4 | JY15: -5 | JZ15: 1.3 | KA15: 8.9 | KB15: 14.1 | KC15: 18.3 | KD15: 23.9 | KE15: 22.5 | KF15: 21.7 | KG15: 16.6 | KH15: 14.9 | KI15: 13.9 | KJ15: 9.8 | KK15: 7.9
A16: Deposits of other financial corporations in foreign currency** | B16: 190.3 | C16: 174.1 | D16: 235.6 | E16: 155.1 | F16: 140.4 | G16: 97.9 | H16: 58 | I16: 38.8 | J16: 55 | K16: 51.2 | L16: 85.7 | M16: 70.7 | N16: 136.3 | O16: 147.7 | P16: 116.6 | Q16: 92.3 | R16: 130.6 | S16: 0.7 | T16: 49.1 | U16: 11.4 | V16: 3.4 | W16: 9.3 | X16: -30.3 | Y16: -26.5 | Z16: -68.4 | AA16: -52.9 | AB16: -63.6 | AC16: -66.5 | AD16: -75.7 | AE16: -22.1 | AF16: -22 | AG16: -8.7 | AH16: 10.8 | AI16: 9.7 | AJ16: 83.4 | AK16: 64.3 | AL16: 101.3 | AM16: 24.1 | AN16: 214.9 | AO16: 191.4 | AP16: 184.9 | AQ16: 138 | AR16: 120.2 | AS16: 183.8 | AT16: 128 | AU16: 82.8 | AV16: 23.8 | AW16: 7.9 | AX16: 2.1 | AY16: 28.4 | AZ16: -37.8 | BA16: -31.1 | BB16: -0.8 | BC16: -28.9 | BD16: -24 | BE16: -21.4 | BF16: -12.2 | BG16: 18.1 | BH16: 7.3 | BI16: 24.7 | BJ16: -18.2 | BK16: -24 | BL16: 14.5 | BM16: 11.8 | BN16: 6 | BO16: 49.8 | BP16: 8.8 | BQ16: -11.4 | BR16: -23.9 | BS16: -26.4 | BT16: -17.8 | BU16: -6.4 | BV16: 23.2 | BW16: 15.6 | BX16: -45.1 | BY16: -0.2 | BZ16: -25.7 | CA16: -45.3 | CB16: -9.1 | CC16: -25.7 | CD16: -25.2 | CE16: -32.5 | CF16: 46.2 | CG16: 99.1 | CH16: 276.1 | CI16: 577.1 | CJ16: 740.3 | CK16: 404.4 | CL16: 559.7 | CM16: 542.3 | CN16: 365.7 | CO16: 573 | CP16: 614.2 | CQ16: 487.8 | CR16: 174.9 | CS16: 94.2 | CT16: -2.8 | CU16: -42.9 | CV16: -32.3 | CW16: -35.3 | CX16: -45.4 | CY16: -45.3 | CZ16: -43.5 | DA16: -46.9 | DB16: -50.1 | DC16: -34.1 | DD16: -39.9 | DE16: -49.9 | DF16: -38.4 | DG16: -41.2 | DH16: -33.7 | DI16: -23.9 | DJ16: -16.2 | DK16: 5.7 | DL16: -1.7 | DM16: -2 | DN16: -7.1 | DO16: -29.1 | DP16: -18.4 | DQ16: 0.6 | DR16: 6.3 | DS16: 31.8 | DT16: 40.5 | DU16: 53.6 | DV16: 41.8 | DW16: 13.2 | DX16: 24.2 | DY16: 58.4 | DZ16: 92 | EA16: 90 | EB16: 111.1 | EC16: 66.6 | ED16: 65.9 | EE16: 20.4 | EF16: -4.1 | EG16: -14.3 | EH16: 3.3 | EI16: 22.2 | EJ16: 12.9 | EK16: -4.6 | EL16: -15 | EM16: -11.6 | EN16: -10.3 | EO16: 12.9 | EP16: -17.4 | EQ16: 12.7 | ER16: 18.9 | ES16: 29.3 | ET16: 10.2 | EU16: 15 | EV16: 18.2 | EW16: 5.6 | EX16: 8.6 | EY16: -0.9 | EZ16: -3.9 | FA16: -27.6 | FB16: -7.3 | FC16: -1.5 | FD16: 12.3 | FE16: -15.8 | FF16: 22.8 | FG16: 10.5 | FH16: 16.8 | FI16: 42.8 | FJ16: 34.9 | FK16: 46.1 | FL16: 43.4 | FM16: 60.3 | FN16: 66.4 | FO16: 42.4 | FP16: 38.3 | FQ16: 83.5 | FR16: 38.7 | FS16: 45.1 | FT16: 20.6 | FU16: 7.5 | FV16: 11.2 | FW16: 13.5 | FX16: 13.1 | FY16: 0.3 | FZ16: 1.6 | GA16: 7.5 | GB16: 8.1 | GC16: -5.4 | GD16: 12.2 | GE16: -8 | GF16: 2.6 | GG16: 5 | GH16: 10.3 | GI16: 38.6 | GJ16: 0.5 | GK16: 10.3 | GL16: 5.4 | GM16: 5.7 | GN16: 4.7 | GO16: 5.1 | GP16: -26.3 | GQ16: -17.2 | GR16: -19.8 | GS16: -17.9 | GT16: -26.6 | GU16: -38.6 | GV16: -16.3 | GW16: -10.9 | GX16: -10.7 | GY16: -5.2 | GZ16: -6.2 | HA16: -8.2 | HB16: 18 | HC16: 24.5 | HD16: 32.7 | HE16: 29.6 | HF16: 35.1 | HG16: 21.5 | HH16: 21.1 | HI16: 11.9 | HJ16: 11.1 | HK16: 2.8 | HL16: 7.7 | HM16: 11.2 | HN16: 24.4 | HO16: 19.3 | HP16: 35.2 | HQ16: 39.7 | HR16: 29.2 | HS16: 17.6 | HT16: 33.1 | HU16: 25.8 | HV16: 51.7 | HW16: 38.4 | HX16: 58.1 | HY16: 41.4 | HZ16: 18.3 | IA16: 22.3 | IB16: 12.8 | IC16: 10.7 | ID16: 22.4 | IE16: 46.7 | IF16: 14.3 | IG16: 39.7 | IH16: 15.8 | II16: 12 | IJ16: 9.3 | IK16: -22.4 | IL16: 12.7 | IM16: 10.9 | IN16: -16 | IO16: -15.3 | IP16: -16.3 | IQ16: -27.3 | IR16: -26.5 | IS16: -21 | IT16: -29.4 | IU16: -19.1 | IV16: -32.8 | IW16: 12.7 | IX16: -20.4 | IY16: -11.2 | IZ16: -29.8 | JA16: -28.2 | JB16: -26.3 | JC16: 5.9 | JD16: -0.7 | JE16: -24.4 | JF16: 12.6 | JG16: -6.3 | JH16: 8.9 | JI16: -7.8 | JJ16: -4.7 | JK16: -18 | JL16: 40.8 | JM16: 17.1 | JN16: 8.1 | JO16: -7.1 | JP16: 10.5 | JQ16: 5.1 | JR16: -21.4 | JS16: -5.5 | JT16: -25.7 | JU16: -27.7 | JV16: -30.1 | JW16: -26.8 | JX16: -39.1 | JY16: -32.2 | JZ16: -30.3 | KA16: -27.1 | KB16: -31.9 | KC16: -21.3 | KD16: -17.8 | KE16: -23.2 | KF16: 21.4 | KG16: -2.9 | KH16: 2.6 | KI16: 12.2 | KJ16: -2 | KK16: 28.1
A17: Deposits of non-financial corporations in foreign currency** | B17: -6.9 | C17: -10.9 | D17: -18.8 | E17: -17.3 | F17: -13 | G17: -16.7 | H17: -19.2 | I17: -16 | J17: -13.1 | K17: -13.6 | L17: -19.9 | M17: -17.7 | N17: 3.7 | O17: -3.8 | P17: 13.1 | Q17: 13.4 | R17: -5.1 | S17: 1.3 | T17: 5.7 | U17: 15.8 | V17: 10.9 | W17: 28.6 | X17: 24.1 | Y17: 20.2 | Z17: 2.3 | AA17: 6.4 | AB17: -3.3 | AC17: 6.6 | AD17: 46.6 | AE17: 32.3 | AF17: 35.6 | AG17: 36 | AH17: 37.3 | AI17: 15.3 | AJ17: 29.5 | AK17: 31 | AL17: 50.6 | AM17: 65.5 | AN17: 58 | AO17: 48.7 | AP17: 20.6 | AQ17: 35.8 | AR17: 33.2 | AS17: 15.3 | AT17: 33.4 | AU17: 38.8 | AV17: 32.3 | AW17: 25.4 | AX17: 19.7 | AY17: 13.8 | AZ17: 17.2 | BA17: 20.1 | BB17: 19.4 | BC17: 22.4 | BD17: 26.2 | BE17: 22.1 | BF17: 2.2 | BG17: 3.3 | BH17: 14.6 | BI17: 26.2 | BJ17: 15.3 | BK17: 18.7 | BL17: 23 | BM17: 63.4 | BN17: 17.7 | BO17: 6.8 | BP17: -0.6 | BQ17: 3 | BR17: 19.1 | BS17: 20.8 | BT17: 22.6 | BU17: 27.5 | BV17: 41.4 | BW17: 43.9 | BX17: 49.4 | BY17: 8.2 | BZ17: 50.7 | CA17: 68.1 | CB17: 79.1 | CC17: 55.1 | CD17: 57.7 | CE17: 49.6 | CF17: 49.4 | CG17: 37.8 | CH17: 109.8 | CI17: 119.1 | CJ17: 80.7 | CK17: 89.3 | CL17: 89.6 | CM17: 63.2 | CN17: 69.1 | CO17: 112.3 | CP17: 91.7 | CQ17: 84.2 | CR17: 59 | CS17: 66 | CT17: 5.4 | CU17: -0.2 | CV17: 3.7 | CW17: -0.7 | CX17: 3.4 | CY17: 3.7 | CZ17: -6.1 | DA17: -4.2 | DB17: -12.5 | DC17: -8 | DD17: -8.9 | DE17: -5.3 | DF17: 2.5 | DG17: 5 | DH17: 11.4 | DI17: 10.6 | DJ17: 8 | DK17: 14.8 | DL17: 9.9 | DM17: 8.2 | DN17: 17.4 | DO17: 14.5 | DP17: 70.8 | DQ17: 17.2 | DR17: 5.9 | DS17: 13.1 | DT17: 5.6 | DU17: 9.4 | DV17: 11.3 | DW17: 2.9 | DX17: 6.4 | DY17: 5.8 | DZ17: 9.3 | EA17: 18 | EB17: -17.3 | EC17: 9.6 | ED17: 16.5 | EE17: 7.7 | EF17: 7.9 | EG17: 10.4 | EH17: 15.4 | EI17: 15.6 | EJ17: 24.7 | EK17: 17.5 | EL17: 18.3 | EM17: 15.8 | EN17: 11.7 | EO17: 10.5 | EP17: 18.4 | EQ17: 29.5 | ER17: 29.8 | ES17: 33.6 | ET17: 25.6 | EU17: 34.2 | EV17: 24.4 | EW17: 20.7 | EX17: 18.5 | EY17: 16.3 | EZ17: 25 | FA17: 31.8 | FB17: 25.7 | FC17: 16.9 | FD17: 13.8 | FE17: 7.4 | FF17: 9.4 | FG17: -2.8 | FH17: 4.6 | FI17: 9.3 | FJ17: 13.9 | FK17: 25 | FL17: 15.2 | FM17: 11.1 | FN17: 14.6 | FO17: 6.7 | FP17: 11 | FQ17: 12 | FR17: 11.4 | FS17: 14.1 | FT17: 7.1 | FU17: 3.3 | FV17: -3.3 | FW17: -11 | FX17: -14.5 | FY17: -12.6 | FZ17: -13 | GA17: -3.3 | GB17: -7.5 | GC17: -10.6 | GD17: -11.4 | GE17: -6.6 | GF17: -7.2 | GG17: 0.1 | GH17: 2.9 | GI17: 0.1 | GJ17: 4.7 | GK17: 8 | GL17: 9.1 | GM17: 5 | GN17: -0.2 | GO17: 4.1 | GP17: 6.9 | GQ17: 7.5 | GR17: 5.6 | GS17: 1.9 | GT17: -0.8 | GU17: 4.8 | GV17: 3.5 | GW17: -0.4 | GX17: 2.6 | GY17: -2.4 | GZ17: 7.2 | HA17: 4.4 | HB17: 4.4 | HC17: 1.8 | HD17: 2.6 | HE17: 2.7 | HF17: 7.4 | HG17: 1 | HH17: 1.6 | HI17: 0.7 | HJ17: -4.5 | HK17: -5.3 | HL17: -3.7 | HM17: -5.7 | HN17: -5.1 | HO17: -4.2 | HP17: -5 | HQ17: -2.7 | HR17: -1.3 | HS17: 1.6 | HT17: 0.2 | HU17: 10.1 | HV17: 20.1 | HW17: 19.5 | HX17: 18 | HY17: 15.4 | HZ17: 16.9 | IA17: 17.8 | IB17: 17.5 | IC17: 16.9 | ID17: 22 | IE17: 23.5 | IF17: 23.4 | IG17: 14.6 | IH17: 6.9 | II17: 9.8 | IJ17: 2.2 | IK17: -1.4 | IL17: 2 | IM17: 2.5 | IN17: 6.4 | IO17: 3.7 | IP17: -5.6 | IQ17: -10.2 | IR17: -16.3 | IS17: -15.7 | IT17: -15.6 | IU17: -18.2 | IV17: -15.9 | IW17: -12.2 | IX17: -19.6 | IY17: -25.3 | IZ17: -31.3 | JA17: -24.2 | JB17: -19 | JC17: -15.6 | JD17: -4.8 | JE17: -3 | JF17: -8.8 | JG17: -9.9 | JH17: -8.1 | JI17: -5.3 | JJ17: -2.5 | JK17: 2.2 | JL17: -1.8 | JM17: -0.3 | JN17: -7.5 | JO17: -5.7 | JP17: -9.1 | JQ17: -13.9 | JR17: -12.8 | JS17: -8.4 | JT17: -6.8 | JU17: -5.4 | JV17: -5.1 | JW17: -6 | JX17: -1.6 | JY17: -3.4 | JZ17: 4.6 | KA17: 14.8 | KB17: 19.2 | KC17: 22.3 | KD17: 29.4 | KE17: 26.7 | KF17: 25.4 | KG17: 22.2 | KH17: 19.9 | KI17: 18.4 | KJ17: 14.5 | KK17: 11.5
A18: Deposists of households in foreign currency** | B18: 54.9 | C18: 58.1 | D18: 56.4 | E18: 57.5 | F18: 59.7 | G18: 59.2 | H18: 59.1 | I18: 58.3 | J18: 58 | K18: 61.5 | L18: 62.1 | M18: 60 | N18: 55.5 | O18: 59.3 | P18: 53.9 | Q18: 48.5 | R18: 45.1 | S18: 42.6 | T18: 37.6 | U18: 35.5 | V18: 34.6 | W18: 37 | X18: 35.1 | Y18: 30.9 | Z18: 24.7 | AA18: 14.2 | AB18: 14.3 | AC18: 14.7 | AD18: 15.9 | AE18: 16.9 | AF18: 16.9 | AG18: 14.7 | AH18: 15.1 | AI18: 11.7 | AJ18: 12.1 | AK18: 14.2 | AL18: 18.3 | AM18: 20.8 | AN18: 22.4 | AO18: 23.5 | AP18: 22.4 | AQ18: 20.5 | AR18: 21.2 | AS18: 24.1 | AT18: 23.5 | AU18: 23 | AV18: 22.3 | AW18: 24.5 | AX18: 25 | AY18: 25.5 | AZ18: 23.9 | BA18: 22.7 | BB18: 18.9 | BC18: 15.3 | BD18: 12.8 | BE18: 9.5 | BF18: 6.5 | BG18: 5.4 | BH18: 5.1 | BI18: 3.4 | BJ18: 1.1 | BK18: -0.8 | BL18: 0.2 | BM18: 0.2 | BN18: 0.2 | BO18: 1.9 | BP18: 3.8 | BQ18: 5.2 | BR18: 7 | BS18: 7.7 | BT18: 8.5 | BU18: 10 | BV18: 12.8 | BW18: 15.9 | BX18: 19.6 | BY18: 22.7 | BZ18: 24.7 | CA18: 39 | CB18: 36.7 | CC18: 35.9 | CD18: 32.9 | CE18: 32.8 | CF18: 39.7 | CG18: 58.1 | CH18: 109.2 | CI18: 139.8 | CJ18: 132.8 | CK18: 124.6 | CL18: 117.8 | CM18: 94.1 | CN18: 97.8 | CO18: 101.4 | CP18: 109 | CQ18: 110 | CR18: 94 | CS18: 67.4 | CT18: 21.7 | CU18: 9.1 | CV18: 6.4 | CW18: 3.8 | CX18: 2.5 | CY18: -4.6 | CZ18: -5.4 | DA18: -3.7 | DB18: -7.5 | DC18: -6.8 | DD18: -5.7 | DE18: -7.2 | DF18: -4.9 | DG18: -1.8 | DH18: 2.7 | DI18: 5.3 | DJ18: 9.9 | DK18: 13.8 | DL18: 14.8 | DM18: 10.9 | DN18: 13.1 | DO18: 7.3 | DP18: 8.6 | DQ18: 8.5 | DR18: 7.7 | DS18: 8.3 | DT18: 9.5 | DU18: 10.9 | DV18: 8.6 | DW18: 8.2 | DX18: 8.8 | DY18: 10.5 | DZ18: 13.6 | EA18: 18.5 | EB18: 16.2 | EC18: 19.4 | ED18: 20.7 | EE18: 19.4 | EF18: 14.7 | EG18: 14.9 | EH18: 16.5 | EI18: 18.1 | EJ18: 16.8 | EK18: 18.7 | EL18: 16.2 | EM18: 15.9 | EN18: 16.7 | EO18: 14.4 | EP18: 10 | EQ18: 11.9 | ER18: 14.7 | ES18: 12.2 | ET18: 9.4 | EU18: 9.8 | EV18: 11.1 | EW18: 6 | EX18: 3.8 | EY18: -5.1 | EZ18: -4.5 | FA18: -1.2 | FB18: -5.2 | FC18: -11.8 | FD18: -11.7 | FE18: -11.7 | FF18: -4.8 | FG18: -1.7 | FH18: -3.9 | FI18: -0.9 | FJ18: 0.6 | FK18: 9.7 | FL18: 7.1 | FM18: 3.6 | FN18: 9.5 | FO18: 4.8 | FP18: 5.3 | FQ18: 5.8 | FR18: 2.2 | FS18: -1.7 | FT18: 0 | FU18: 2 | FV18: 0.5 | FW18: 1.1 | FX18: 0.5 | FY18: 0.4 | FZ18: 0.4 | GA18: 5.5 | GB18: 4.5 | GC18: 3.1 | GD18: 3.6 | GE18: 3.3 | GF18: 2.5 | GG18: -0.4 | GH18: 0.3 | GI18: -2.2 | GJ18: -2.6 | GK18: -1.8 | GL18: -2.1 | GM18: -1.3 | GN18: -2 | GO18: -2.7 | GP18: -7.9 | GQ18: -8.5 | GR18: -9.1 | GS18: -6.5 | GT18: -8 | GU18: -7.5 | GV18: -7.6 | GW18: -6.1 | GX18: -5.2 | GY18: -3.2 | GZ18: -0.6 | HA18: 2.4 | HB18: 6.8 | HC18: 9 | HD18: 11.3 | HE18: 10.2 | HF18: 10.5 | HG18: 12.6 | HH18: 12.4 | HI18: 10.2 | HJ18: 10 | HK18: 6.7 | HL18: 5.1 | HM18: -4.3 | HN18: -6.2 | HO18: -5.6 | HP18: -6.6 | HQ18: -7.3 | HR18: -6.8 | HS18: -9.5 | HT18: -9.7 | HU18: -7 | HV18: -5 | HW18: -5 | HX18: -3.7 | HY18: 1.5 | HZ18: 3.5 | IA18: 3.1 | IB18: 3.7 | IC18: 3.3 | ID18: 4 | IE18: 6.9 | IF18: 8.4 | IG18: 4.3 | IH18: 1 | II18: -1 | IJ18: -12.5 | IK18: -21.2 | IL18: -20.4 | IM18: -17.1 | IN18: -16.8 | IO18: -20.9 | IP18: -23.8 | IQ18: -31.3 | IR18: -37.1 | IS18: -35.1 | IT18: -39.1 | IU18: -37.1 | IV18: -33 | IW18: -29.3 | IX18: -36 | IY18: -42.4 | IZ18: -52.1 | JA18: -46.3 | JB18: -47.2 | JC18: -40.8 | JD18: -33.8 | JE18: -31.6 | JF18: -20.1 | JG18: -20.2 | JH18: -17.9 | JI18: -11.7 | JJ18: -7.7 | JK18: -4.9 | JL18: -4.2 | JM18: -2.9 | JN18: -2 | JO18: -0.8 | JP18: -1.8 | JQ18: -7.1 | JR18: -16 | JS18: -14.4 | JT18: -12.1 | JU18: -11.1 | JV18: -9 | JW18: -9 | JX18: -7 | JY18: -6.3 | JZ18: -3.8 | KA18: -2.3 | KB18: 6.5 | KC18: 12.3 | KD18: 14.6 | KE18: 16.7 | KF18: 12.1 | KG18: 3.4 | KH18: 2.9 | KI18: 1.9 | KJ18: -1.6 | KK18: -3.3
A19: Certificates of deposit and savings certificates | B19: 0 | C19: 0 | D19: 0 | E19: 0 | F19: 0 | G19: 0 | H19: 0 | I19: 0 | J19: 0 | K19: 0 | L19: 0 | M19: 0 | N19: 0 | O19: 0 | P19: 0 | Q19: 0 | R19: 0 | S19: 0 | T19: 0 | U19: 0 | V19: 0 | W19: 0 | X19: 0 | Y19: 0 | Z19: 0 | AA19: 0 | AB19: 0 | AC19: 0 | AD19: 0 | AE19: 0 | AF19: 0 | AG19: 0 | AH19: 0 | AI19: 0 | AJ19: 0 | AK19: 0 | AL19: 0 | AM19: 0 | AN19: 0 | AO19: 0 | AP19: 0 | AQ19: 0 | AR19: 0 | AS19: 0 | AT19: 0 | AU19: 0 | AV19: 0 | AW19: 0 | AX19: 0 | AY19: 0 | AZ19: 0 | BA19: 0 | BB19: 0 | BC19: 0 | BD19: 0 | BE19: 0 | BF19: 0 | BG19: 0 | BH19: 0 | BI19: 0 | BJ19: 0 | BK19: 0 | BL19: 0 | BM19: 0 | BN19: 0 | BO19: 0 | BP19: 0 | BQ19: 0 | BR19: 0 | BS19: 0 | BT19: 0 | BU19: 0 | BV19: 0 | BW19: 0 | BX19: 0 | BY19: 0 | BZ19: 0 | CA19: 0 | CB19: 0 | CC19: 0 | CD19: 0 | CE19: 0 | CF19: 0 | CG19: 0 | CH19: -41.3 | CI19: -44.8 | CJ19: -46.7 | CK19: -37 | CL19: -43 | CM19: -44.4 | CN19: -46.6 | CO19: -28.2 | CP19: -32.6 | CQ19: -35.6 | CR19: -39.6 | CS19: -34.8 | CT19: 15.7 | CU19: 16.4 | CV19: 16.5 | CW19: -2.1 | CX19: 7.7 | CY19: 14.8 | CZ19: 20.3 | DA19: 11 | DB19: 14.9 | DC19: 11.2 | DD19: 30.6 | DE19: 29 | DF19: -17.3 | DG19: -12.7 | DH19: -9.1 | DI19: -11.1 | DJ19: -12.6 | DK19: -15.8 | DL19: -17 | DM19: -14.9 | DN19: -15.7 | DO19: -12.6 | DP19: -12.7 | DQ19: -11.5 | DR19: -15.2 | DS19: -14.8 | DT19: -11.3 | DU19: 13.4 | DV19: 61.7 | DW19: 150 | DX19: 220.2 | DY19: 274.1 | DZ19: 353 | EA19: 497.1 | EB19: 615.3 | EC19: 725.5 | ED19: 829.7 | EE19: 932.5 | EF19: 972.6 | EG19: 788.4 | EH19: 550.9 | EI19: 341.2 | EJ19: 254.8 | EK19: 204 | EL19: 166.3 | EM19: 115.5 | EN19: 91 | EO19: 66.5 | EP19: 53 | EQ19: 45.5 | ER19: 36.1 | ES19: 26.7 | ET19: 20.3 | EU19: 15.3 | EV19: 11.9 | EW19: 12.1 | EX19: 10.4 | EY19: 10.1 | EZ19: 11.5 | FA19: 19.7 | FB19: 31.3 | FC19: 34.9 | FD19: 40.9 | FE19: 50.5 | FF19: 55.6 | FG19: 59.3 | FH19: 57.1 | FI19: 50.1 | FJ19: 47.8 | FK19: 46 | FL19: 47.3 | FM19: 40.7 | FN19: 23.4 | FO19: 17.2 | FP19: 17.6 | FQ19: 16.3 | FR19: 14.2 | FS19: 8.1 | FT19: 9.3 | FU19: 8.5 | FV19: 6.3 | FW19: 4.7 | FX19: -5 | FY19: -14 | FZ19: -15.3 | GA19: -15 | GB19: -18.8 | GC19: -21 | GD19: -23.7 | GE19: -22.6 | GF19: -23.2 | GG19: -24.2 | GH19: -23.5 | GI19: -21.9 | GJ19: -17.7 | GK19: -13.8 | GL19: -20.1 | GM19: -18 | GN19: -16.4 | GO19: -15.5 | GP19: -15.1 | GQ19: -13.6 | GR19: -21.2 | GS19: -30.4 | GT19: -38.1 | GU19: -46.6 | GV19: -55 | GW19: -59.5 | GX19: -60.9 | GY19: -66.6 | GZ19: -72.7 | HA19: -79.6 | HB19: -83.4 | HC19: -85.1 | HD19: -84.6 | HE19: -83 | HF19: -81.3 | HG19: -78.7 | HH19: -75.6 | HI19: -74.3 | HJ19: -75.5 | HK19: -71.8 | HL19: -68.1 | HM19: -64.7 | HN19: -57.4 | HO19: -54.1 | HP19: -57.2 | HQ19: -59.3 | HR19: -59.7 | HS19: -60.6 | HT19: -61.4 | HU19: -59.7 | HV19: -63.8 | HW19: -64.7 | HX19: -64.5 | HY19: -67 | HZ19: -73.3 | IA19: -74.7 | IB19: -72.9 | IC19: -70.1 | ID19: -66.3 | IE19: -65.6 | IF19: -67.8 | IG19: -67.2 | IH19: -57.3 | II19: -56.7 | IJ19: -54.7 | IK19: -45.4 | IL19: -32.5 | IM19: -27.6 | IN19: -22.6 | IO19: -23.2 | IP19: -27.7 | IQ19: -29.9 | IR19: -21.6 | IS19: -20.9 | IT19: -18.7 | IU19: -18.7 | IV19: -20.5 | IW19: -16.6 | IX19: -13.8 | IY19: -11.2 | IZ19: -13.4 | JA19: -11.9 | JB19: -13.7 | JC19: -10.6 | JD19: -10.8 | JE19: -11.1 | JF19: -11.2 | JG19: -10.9 | JH19: -8.2 | JI19: -8.1 | JJ19: -7.9 | JK19: -9.9 | JL19: -7.8 | JM19: -7.8 | JN19: -8 | JO19: -7.7 | JP19: -7.3 | JQ19: -6.7 | JR19: -6.7 | JS19: -7.4 | JT19: -7.3 | JU19: -7.1 | JV19: -6.8 | JW19: -6.5 | JX19: -6.3 | JY19: -6.1 | JZ19: -5.7 | KA19: -5.8 | KB19: -6.6 | KC19: -6.4 | KD19: -8.1 | KE19: -6.9 | KF19: -6.8 | KG19: -6.6 | KH19: -6.6 | KI19: -6.6 | KJ19: -6.5 | KK19: -6.3
A20: Monetary aggregate M2X (broad money)** | B20: 33.8 | C20: 31.5 | D20: 27.7 | E20: 28.3 | F20: 28.5 | G20: 29.7 | H20: 28.6 | I20: 28 | J20: 28.2 | K20: 27.1 | L20: 26.4 | M20: 28.9 | N20: 32.2 | O20: 33.1 | P20: 37 | Q20: 38.7 | R20: 37.6 | S20: 38.2 | T20: 42 | U20: 41.8 | V20: 41.5 | W20: 43.8 | X20: 40.8 | Y20: 40.4 | Z20: 40.3 | AA20: 44 | AB20: 42.2 | AC20: 41.7 | AD20: 42.7 | AE20: 38.7 | AF20: 36.5 | AG20: 34.2 | AH20: 32.9 | AI20: 30.3 | AJ20: 33.6 | AK20: 34.9 | AL20: 35 | AM20: 31.9 | AN20: 31.3 | AO20: 31.8 | AP20: 30.1 | AQ20: 32.2 | AR20: 32.8 | AS20: 34.1 | AT20: 38.1 | AU20: 39.7 | AV20: 37.2 | AW20: 35.3 | AX20: 35.7 | AY20: 35.6 | AZ20: 33.6 | BA20: 34.4 | BB20: 34.8 | BC20: 37.8 | BD20: 38.9 | BE20: 39.2 | BF20: 37.4 | BG20: 38.9 | BH20: 39.6 | BI20: 41.3 | BJ20: 41.8 | BK20: 41.9 | BL20: 43.5 | BM20: 48.6 | BN20: 49.6 | BO20: 51.8 | BP20: 45.8 | BQ20: 44.5 | BR20: 45 | BS20: 43.7 | BT20: 42.6 | BU20: 44.1 | BV20: 42 | BW20: 42.9 | BX20: 42 | BY20: 35.4 | BZ20: 31 | CA20: 27.8 | CB20: 30.9 | CC20: 29.1 | CD20: 29.5 | CE20: 24.5 | CF20: 19 | CG20: 13.4 | CH20: 11.3 | CI20: 6.1 | CJ20: 3.5 | CK20: 1.8 | CL20: 3.4 | CM20: 2.4 | CN20: 1.5 | CO20: 3.2 | CP20: 2.1 | CQ20: 4.7 | CR20: 11.2 | CS20: 15.7 | CT20: 16.7 | CU20: 22.6 | CV20: 24.8 | CW20: 25.7 | CX20: 27.2 | CY20: 25.3 | CZ20: 24.1 | DA20: 25.3 | DB20: 24.7 | DC20: 25.1 | DD20: 24.4 | DE20: 24.2 | DF20: 24.4 | DG20: 23.5 | DH20: 23.8 | DI20: 22.8 | DJ20: 21.4 | DK20: 20.9 | DL20: 20.7 | DM20: 19.7 | DN20: 19.7 | DO20: 19.5 | DP20: 22.7 | DQ20: 18.7 | DR20: 18.7 | DS20: 19.2 | DT20: 18.3 | DU20: 18.5 | DV20: 18.2 | DW20: 17.3 | DX20: 16.8 | DY20: 15.9 | DZ20: 15.3 | EA20: 15.2 | EB20: 11.9 | EC20: 14 | ED20: 14 | EE20: 13.8 | EF20: 14.2 | EG20: 15 | EH20: 15.5 | EI20: 16 | EJ20: 17 | EK20: 17.8 | EL20: 17.9 | EM20: 16.5 | EN20: 15.8 | EO20: 16.3 | EP20: 14.8 | EQ20: 14.7 | ER20: 14.4 | ES20: 11 | ET20: 10.6 | EU20: 10.5 | EV20: 8.4 | EW20: 7.3 | EX20: 7 | EY20: 6.7 | EZ20: 6.4 | FA20: 5.7 | FB20: 3.2 | FC20: 4.1 | FD20: 3.4 | FE20: 4.3 | FF20: 6 | FG20: 5.1 | FH20: 5.7 | FI20: 6.6 | FJ20: 8 | FK20: 8.7 | FL20: 9.1 | FM20: 9.9 | FN20: 11.8 | FO20: 8.5 | FP20: 9.7 | FQ20: 11.4 | FR20: 10.1 | FS20: 10.9 | FT20: 10.2 | FU20: 9.8 | FV20: 8.1 | FW20: 7.1 | FX20: 6 | FY20: 5.5 | FZ20: 4 | GA20: 8 | GB20: 7.1 | GC20: 6 | GD20: 5.5 | GE20: 6.1 | GF20: 6.5 | GG20: 6.2 | GH20: 6.8 | GI20: 6.6 | GJ20: 7.5 | GK20: 8.2 | GL20: 8.6 | GM20: 7.4 | GN20: 6.6 | GO20: 7.6 | GP20: 8.5 | GQ20: 7.7 | GR20: 8.1 | GS20: 8.1 | GT20: 8.2 | GU20: 8.2 | GV20: 7.9 | GW20: 7.9 | GX20: 7.9 | GY20: 6.5 | GZ20: 7.9 | HA20: 7 | HB20: 6.6 | HC20: 6.7 | HD20: 6.6 | HE20: 7 | HF20: 7.3 | HG20: 8 | HH20: 7.9 | HI20: 8.3 | HJ20: 7.6 | HK20: 8 | HL20: 8.3 | HM20: 9.1 | HN20: 9.5 | HO20: 9.3 | HP20: 10.4 | HQ20: 11.1 | HR20: 11.7 | HS20: 11.8 | HT20: 11.8 | HU20: 11.6 | HV20: 12.6 | HW20: 12.7 | HX20: 12.5 | HY20: 11 | HZ20: 11.7 | IA20: 11.6 | IB20: 9.9 | IC20: 9.1 | ID20: 9.5 | IE20: 10.2 | IF20: 10.7 | IG20: 11 | IH20: 11.1 | II20: 11.6 | IJ20: 10.5 | IK20: 11 | IL20: 10.7 | IM20: 11.8 | IN20: 12.5 | IO20: 13.6 | IP20: 14.6 | IQ20: 14.3 | IR20: 13.6 | IS20: 12.9 | IT20: 14 | IU20: 14.5 | IV20: 15.2 | IW20: 15.9 | IX20: 14.8 | IY20: 15.6 | IZ20: 16.6 | JA20: 15.9 | JB20: 15.5 | JC20: 15.1 | JD20: 16.1 | JE20: 16.3 | JF20: 15.4 | JG20: 14.8 | JH20: 14.5 | JI20: 14.2 | JJ20: 18.3 | JK20: 16.4 | JL20: 15.9 | JM20: 15.6 | JN20: 14.5 | JO20: 15.4 | JP20: 15.9 | JQ20: 15.7 | JR20: 15 | JS20: 15.5 | JT20: 14.9 | JU20: 13.8 | JV20: 11.4 | JW20: 12.5 | JX20: 12.8 | JY20: 12.7 | JZ20: 12.9 | KA20: 12.2 | KB20: 13.1 | KC20: 13.1 | KD20: 12 | KE20: 11 | KF20: 12.4 | KG20: 12.2 | KH20: 12.5 | KI20: 13.1 | KJ20: 12.9 | KK20: 12.6
A22: *Data can be updated due to changes in reporting data, the emergence of new sources of information, methodological changes
A23: **Growth rates of indicators are adjusted for foreign currency revaluation using average historical exchange rate of thе U.S. dollar to the ruble

Sheet Growth rate
A1: Growth rate by the beginning of the year*, % | B1: Dec, 2000 | C1: Jan, 2001 | D1: Feb, 2001 | E1: Mar, 2001 | F1: Apr, 2001 | G1: May, 2001 | H1: Jun, 2001 | I1: Jul, 2001 | J1: Aug, 2001 | K1: Sep, 2001 | L1: Oct, 2001 | M1: Nov, 2001 | N1: Dec, 2001 | O1: Jan, 2002 | P1: Feb, 2002 | Q1: Mar, 2002 | R1: Apr, 2002 | S1: May, 2002 | T1: Jun, 2002 | U1: Jul, 2002 | V1: Aug, 2002 | W1: Sep, 2002 | X1: Oct, 2002 | Y1: Nov, 2002 | Z1: Dec, 2002 | AA1: Jan, 2003 | AB1: Feb, 2003 | AC1: Mar, 2003 | AD1: Apr, 2003 | AE1: May, 2003 | AF1: Jun, 2003 | AG1: Jul, 2003 | AH1: Aug, 2003 | AI1: Sep, 2003 | AJ1: Oct, 2003 | AK1: Nov, 2003 | AL1: Dec, 2003 | AM1: Jan, 2004 | AN1: Feb, 2004 | AO1: Mar, 2004 | AP1: Apr, 2004 | AQ1: May, 2004 | AR1: Jun, 2004 | AS1: Jul, 2004 | AT1: Aug, 2004 | AU1: Sep, 2004 | AV1: Oct, 2004 | AW1: Nov, 2004 | AX1: Dec, 2004 | AY1: Jan, 2005 | AZ1: Feb, 2005 | BA1: Mar, 2005 | BB1: Apr, 2005 | BC1: May, 2005 | BD1: Jun, 2005 | BE1: Jul, 2005 | BF1: Aug, 2005 | BG1: Sep, 2005 | BH1: Oct, 2005 | BI1: Nov, 2005 | BJ1: Dec, 2005 | BK1: Jan, 2006 | BL1: Feb, 2006 | BM1: Mar, 2006 | BN1: Apr, 2006 | BO1: May, 2006 | BP1: Jun, 2006 | BQ1: Jul, 2006 | BR1: Aug, 2006 | BS1: Sep, 2006 | BT1: Oct, 2006 | BU1: Nov, 2006 | BV1: Dec, 2006 | BW1: Jan, 2007 | BX1: Feb, 2007 | BY1: Mar, 2007 | BZ1: Apr, 2007 | CA1: May, 2007 | CB1: Jun, 2007 | CC1: Jul, 2007 | CD1: Aug, 2007 | CE1: Sep, 2007 | CF1: Oct, 2007 | CG1: Nov, 2007 | CH1: Dec, 2007 | CI1: Jan, 2008 | CJ1: Feb, 2008 | CK1: Mar, 2008 | CL1: Apr, 2008 | CM1: May, 2008 | CN1: Jun, 2008 | CO1: Jul, 2008 | CP1: Aug, 2008 | CQ1: Sep, 2008 | CR1: Oct, 2008 | CS1: Nov, 2008 | CT1: Dec, 2008 | CU1: Jan, 2009 | CV1: Feb, 2009 | CW1: Mar, 2009 | CX1: Apr, 2009 | CY1: May, 2009 | CZ1: Jun, 2009 | DA1: Jul, 2009 | DB1: Aug, 2009 | DC1: Sep, 2009 | DD1: Oct, 2009 | DE1: Nov, 2009 | DF1: Dec, 2009 | DG1: Jan, 2010 | DH1: Feb, 2010 | DI1: Mar, 2010 | DJ1: Apr, 2010 | DK1: May, 2010 | DL1: Jun, 2010 | DM1: Jul, 2010 | DN1: Aug, 2010 | DO1: Sep, 2010 | DP1: Oct, 2010 | DQ1: Nov, 2010 | DR1: Dec, 2010 | DS1: Jan, 2011 | DT1: Feb, 2011 | DU1: Mar, 2011 | DV1: Apr, 2011 | DW1: May, 2011 | DX1: Jun, 2011 | DY1: Jul, 2011 | DZ1: Aug, 2011 | EA1: Sep, 2011 | EB1: Oct, 2011 | EC1: Nov, 2011 | ED1: Dec, 2011 | EE1: Jan, 2012 | EF1: Feb, 2012 | EG1: Mar, 2012 | EH1: Apr, 2012 | EI1: May, 2012 | EJ1: Jun, 2012 | EK1: Jul, 2012 | EL1: Aug, 2012 | EM1: Sep, 2012 | EN1: Oct, 2012 | EO1: Nov, 2012 | EP1: Dec, 2012 | EQ1: Jan, 2013 | ER1: Feb, 2013 | ES1: Mar, 2013 | ET1: Apr, 2013 | EU1: May, 2013 | EV1: Jun, 2013 | EW1: Jul, 2013 | EX1: Aug, 2013 | EY1: Sep, 2013 | EZ1: Oct, 2013 | FA1: Nov, 2013 | FB1: Dec, 2013 | FC1: Jan, 2014 | FD1: Feb, 2014 | FE1: Mar, 2014 | FF1: Apr, 2014 | FG1: May, 2014 | FH1: Jun, 2014 | FI1: Jul, 2014 | FJ1: Aug, 2014 | FK1: Sep, 2014 | FL1: Oct, 2014 | FM1: Nov, 2014 | FN1: Dec, 2014 | FO1: Jan, 2015 | FP1: Feb, 2015 | FQ1: Mar, 2015 | FR1: Apr, 2015 | FS1: May, 2015 | FT1: Jun, 2015 | FU1: Jul, 2015 | FV1: Aug, 2015 | FW1: Sep, 2015 | FX1: Oct, 2015 | FY1: Nov, 2015 | FZ1: Dec, 2015 | GA1: Jan, 2016 | GB1: Feb, 2016 | GC1: Mar, 2016 | GD1: Apr, 2016 | GE1: May, 2016 | GF1: Jun, 2016 | GG1: Jul, 2016 | GH1: Aug, 2016 | GI1: Sep, 2016 | GJ1: Oct, 2016 | GK1: Nov, 2016 | GL1: Dec, 2016 | GM1: Jan, 2017 | GN1: Feb, 2017 | GO1: Mar, 2017 | GP1: Apr, 2017 | GQ1: May, 2017 | GR1: Jun, 2017 | GS1: Jul, 2017 | GT1: Aug, 2017 | GU1: Sep, 2017 | GV1: Oct, 2017 | GW1: Nov, 2017 | GX1: Dec, 2017 | GY1: Jan, 2018 | GZ1: Feb, 2018 | HA1: Mar, 2018 | HB1: Apr, 2018 | HC1: May, 2018 | HD1: Jun, 2018 | HE1: Jul, 2018 | HF1: Aug, 2018 | HG1: Sep, 2018 | HH1: Oct, 2018 | HI1: Nov, 2018 | HJ1: Dec, 2018 | HK1: Jan, 2019 | HL1: Feb, 2019 | HM1: Mar, 2019 | HN1: Apr, 2019 | HO1: May, 2019 | HP1: Jun, 2019 | HQ1: Jul, 2019 | HR1: Aug, 2019 | HS1: Sep, 2019 | HT1: Oct, 2019 | HU1: Nov, 2019 | HV1: Dec, 2019 | HW1: Jan, 2020 | HX1: Feb, 2020 | HY1: Mar, 2020 | HZ1: Apr, 2020 | IA1: May, 2020 | IB1: Jun, 2020 | IC1: Jul, 2020 | ID1: Aug, 2020 | IE1: Sep, 2020 | IF1: Oct, 2020 | IG1: Nov, 2020 | IH1: Dec, 2020 | II1: Jan, 2021 | IJ1: Feb, 2021 | IK1: Mar, 2021 | IL1: Apr, 2021 | IM1: May, 2021 | IN1: Jun, 2021 | IO1: Jul, 2021 | IP1: Aug, 2021 | IQ1: Sep, 2021 | IR1: Oct, 2021 | IS1: Nov, 2021 | IT1: Dec, 2021 | IU1: Jan, 2022 | IV1: Feb, 2022 | IW1: Mar, 2022 | IX1: Apr, 2022 | IY1: May, 2022 | IZ1: Jun, 2022 | JA1: Jul, 2022 | JB1: Aug, 2022 | JC1: Sep, 2022 | JD1: Oct, 2022 | JE1: Nov, 2022 | JF1: Dec, 2022 | JG1: Jan, 2023 | JH1: Feb, 2023 | JI1: Mar, 2023 | JJ1: Apr, 2023 | JK1: May, 2023 | JL1: Jun, 2023 | JM1: Jul, 2023 | JN1: Aug, 2023 | JO1: Sep, 2023 | JP1: Oct, 2023 | JQ1: Nov, 2023 | JR1: Dec, 2023 | JS1: Jan, 2024 | JT1: Feb, 2024 | JU1: Mar, 2024 | JV1: Apr, 2024 | JW1: May, 2024 | JX1: Jun, 2024 | JY1: Jul, 2024 | JZ1: Aug, 2024 | KA1: Sep, 2024 | KB1: Oct, 2024 | KC1: Nov, 2024 | KD1: Dec, 2024 | KE1: Jan, 2025 | KF1: Feb, 2025 | KG1: Mar, 2025 | KH1: Apr, 2025 | KI1: May, 2025 | KJ1: Jun, 2025 | KK1: Jul, 2025 | KL1: Aug, 2025 | KM1: Sep, 2025 | KN1: Oct, 2025 | KO1: Nov, 2025 | KP1: Dec, 2025 | KQ1: Jan, 2026 | KR1: Feb, 2026 | KS1: Mar, 2026 | KT1: Apr, 2026 | KU1: May, 2026 | KV1: Jun, 2026 | KW1: Jul, 2026
A2: Monetary aggregate М0 | C2: -9.3 | D2: -7.5 | E2: -4.7 | F2: 3.8 | G2: 4.6 | H2: 13.2 | I2: 17 | J2: 21 | K2: 26.7 | L2: 26.8 | M2: 25.8 | N2: 39.4 | O2: -8.7 | P2: -7 | Q2: -5.3 | R2: 4.5 | S2: 4 | T2: 10.6 | U2: 13 | V2: 16.3 | W2: 15.2 | X2: 15.7 | Y2: 18.3 | Z2: 30.7 | AA2: -7.1 | AB2: -4.2 | AC2: -1.8 | AD2: 7.7 | AE2: 12.1 | AF2: 20.1 | AG2: 23.3 | AH2: 26.6 | AI2: 25.4 | AJ2: 27.9 | AK2: 31.3 | AL2: 50.3 | AM2: -1.4 | AN2: 1.5 | AO2: 1.6 | AP2: 7.2 | AQ2: 6.4 | AR2: 11.3 | AS2: 14.6 | AT2: 12.5 | AU2: 12.8 | AV2: 14.2 | AW2: 16.2 | AX2: 33.8 | AY2: -7.1 | AZ2: -5.9 | BA2: -3.5 | BB2: 2 | BC2: 3.1 | BD2: 7.6 | BE2: 10.9 | BF2: 11 | BG2: 13.4 | BH2: 14.2 | BI2: 15.1 | BJ2: 30.9 | BK2: -6.7 | BL2: -5.9 | BM2: -4 | BN2: 0.9 | BO2: 4.4 | BP2: 11.2 | BQ2: 14 | BR2: 17 | BS2: 19.5 | BT2: 19.6 | BU2: 22 | BV2: 38.6 | BW2: -5.6 | BX2: -3.7 | BY2: -1.6 | BZ2: 2.7 | CA2: 4 | CB2: 8.7 | CC2: 10.8 | CD2: 13.8 | CE2: 15.6 | CF2: 17 | CG2: 21.1 | CH2: 32.9 | CI2: -6.4 | CJ2: -5.8 | CK2: -6.1 | CL2: -2.7 | CM2: -1.2 | CN2: 0.6 | CO2: 2.8 | CP2: 5 | CQ2: 5.5 | CR2: 7 | CS2: 2.5 | CT2: 2.5 | CU2: -12.7 | CV2: -13 | CW2: -13.6 | CX2: -10.1 | CY2: -8.8 | CZ2: -7.2 | DA2: -6.4 | DB2: -7.6 | DC2: -8.1 | DD2: -6 | DE2: -5.1 | DF2: 6.4 | DG2: -4.1 | DH2: -2.2 | DI2: -1.3 | DJ2: 3.5 | DK2: 5 | DL2: 8.2 | DM2: 10.6 | DN2: 10.9 | DO2: 12 | DP2: 13.7 | DQ2: 14.4 | DR2: 25.4 | DS2: -4.6 | DT2: -3.3 | DU2: -2.9 | DV2: 0.2 | DW2: 0.3 | DX2: 2.6 | DY2: 4.8 | DZ2: 5.5 | EA2: 7.1 | EB2: 7.1 | EC2: 8.1 | ED2: 17.3 | EE2: -4.5 | EF2: -3.8 | EG2: -3.9 | EH2: -1.8 | EI2: -1.4 | EJ2: 1.1 | EK2: 0.6 | EL2: 0.7 | EM2: 0.5 | EN2: -0.1 | EO2: 0.6 | EP2: 8.3 | EQ2: -5.5 | ER2: -4.5 | ES2: -3.9 | ET2: -1.2 | EU2: -1.3 | EV2: 0.6 | EW2: 0.8 | EX2: 1.2 | EY2: -0.2 | EZ2: -0.2 | FA2: 2.1 | FB2: 8.6 | FC2: -4.6 | FD2: -4.1 | FE2: -5.4 | FF2: -3 | FG2: -3.2 | FH2: -3.2 | FI2: -1.6 | FJ2: -0.3 | FK2: -0.4 | FL2: -1.1 | FM2: -0.9 | FN2: 2.7 | FO2: -6.6 | FP2: -7 | FQ2: -8.8 | FR2: -7.7 | FS2: -8.3 | FT2: -7.1 | FU2: -5.7 | FV2: -5.4 | FW2: -5.9 | FX2: -5.4 | FY2: -5.4 | FZ2: 0.9 | GA2: -2.5 | GB2: -1.2 | GC2: -1.3 | GD2: 0.9 | GE2: 0.8 | GF2: 1.8 | GG2: 3.1 | GH2: 2.8 | GI2: 2.4 | GJ2: 1.4 | GK2: 1.1 | GL2: 6.6 | GM2: -2.2 | GN2: -1.7 | GO2: -1.4 | GP2: 0.8 | GQ2: 1.3 | GR2: 3 | GS2: 4.1 | GT2: 4.6 | GU2: 4.8 | GV2: 4.6 | GW2: 4.6 | GX2: 9.5 | GY2: -3.4 | GZ2: -1.7 | HA2: -0.1 | HB2: 3.1 | HC2: 3.8 | HD2: 5.9 | HE2: 7.2 | HF2: 8.3 | HG2: 8.2 | HH2: 7.1 | HI2: 6.3 | HJ2: 10.6 | HK2: -3.7 | HL2: -3.3 | HM2: -3.8 | HN2: -2.4 | HO2: -2.5 | HP2: -1.6 | HQ2: -0.9 | HR2: 0.3 | HS2: 0.8 | HT2: 0.2 | HU2: 0.6 | HV2: 3.4 | HW2: -1.8 | HX2: 0.1 | HY2: 6 | HZ2: 13 | IA2: 16.1 | IB2: 19.2 | IC2: 22.4 | ID2: 23.7 | IE2: 25 | IF2: 25.9 | IG2: 25.6 | IH2: 29.7 | II2: -0.8 | IJ2: 0.1 | IK2: 0.4 | IL2: 2.7 | IM2: 1.8 | IN2: 2.1 | IO2: 3.3 | IP2: 3.6 | IQ2: 4.5 | IR2: 4 | IS2: 3.4 | IT2: 5.4 | IU2: -1.3 | IV2: 5.4 | IW2: 4.8 | IX2: 2.4 | IY2: 0.3 | IZ2: 0.7 | JA2: 1.4 | JB2: 2.1 | JC2: 7.4 | JD2: 11.1 | JE2: 11.7 | JF2: 16.9 | JG2: -0.5 | JH2: 0.9 | JI2: 2.5 | JJ2: 5.2 | JK2: 6.8 | JL2: 9.6 | JM2: 11.7 | JN2: 12.6 | JO2: 12.4 | JP2: 11.5 | JQ2: 9.3 | JR2: 11 | JS2: -2.2 | JT2: -2.5 | JU2: -3 | JV2: -2.3 | JW2: -2.2 | JX2: -2.5 | JY2: -2.1 | JZ2: -1.9 | KA2: -2 | KB2: -2 | KC2: -2.4 | KD2: 0.8 | KE2: -2.7 | KF2: -3.7 | KG2: -5.1 | KH2: -4.3 | KI2: -4.4 | KJ2: -3.3 | KK2: -1.9 | KL2: -0.7 | KM2: 0 | KN2: 0.8 | KO2: 1.2 | KP2: 5.6 | KQ2: -2.1 | KR2: -0.8 | KS2: 0.9 | KT2: 4.2 | KU2: 6.3 | KV2: 8.6 | KW2: 11.7
A3: Transferable deposits in rubles | C3: -5.4 | D3: -3.7 | E3: 0.7 | F3: 6.2 | G3: 10.1 | H3: 12.6 | I3: 15.1 | J3: 17 | K3: 19.1 | L3: 21.5 | M3: 16.5 | N3: 33.2 | O3: -10.2 | P3: -11 | Q3: -8.6 | R3: -11.6 | S3: -1.4 | T3: 0.5 | U3: 0.7 | V3: -0.7 | W3: 3.6 | X3: 5.9 | Y3: 7.1 | Z3: 21.3 | AA3: -7.4 | AB3: -4.4 | AC3: 3.4 | AD3: 3.6 | AE3: 11.7 | AF3: 22 | AG3: 16.7 | AH3: 18.1 | AI3: 23.3 | AJ3: 17.9 | AK3: 20.8 | AL3: 39.8 | AM3: -4.1 | AN3: -0.7 | AO3: 3.7 | AP3: -1.6 | AQ3: 2.2 | AR3: 10 | AS3: 2 | AT3: 4.1 | AU3: 8.1 | AV3: 8.9 | AW3: 16 | AX3: 27.4 | AY3: -5.1 | AZ3: 0 | BA3: 4.6 | BB3: 1.7 | BC3: 5 | BD3: 13.3 | BE3: 10.6 | BF3: 16.4 | BG3: 23.7 | BH3: 20.3 | BI3: 25 | BJ3: 41.1 | BK3: -4 | BL3: -3.3 | BM3: 3.8 | BN3: 3.6 | BO3: 13.4 | BP3: 20.6 | BQ3: 19 | BR3: 23.5 | BS3: 32.4 | BT3: 27.3 | BU3: 31.5 | BV3: 51.9 | BW3: -5 | BX3: -4.3 | BY3: 7.7 | BZ3: 17.2 | CA3: 36.5 | CB3: 30 | CC3: 27.7 | CD3: 29.6 | CE3: 37.9 | CF3: 22.6 | CG3: 26 | CH3: 39.2 | CI3: -0.9 | CJ3: -2.7 | CK3: 1.4 | CL3: -6.3 | CM3: -1.6 | CN3: 7 | CO3: 1.5 | CP3: 4.4 | CQ3: 6.1 | CR3: -5.9 | CS3: -2.5 | CT3: -0.2 | CU3: -13.8 | CV3: -15.7 | CW3: -14.3 | CX3: -15.1 | CY3: -10.5 | CZ3: -4.6 | DA3: -8.3 | DB3: -4.7 | DC3: -1 | DD3: -3 | DE3: 0.5 | DF3: 11.1 | DG3: -2.8 | DH3: -0.3 | DI3: 1.5 | DJ3: 1.1 | DK3: 5.6 | DL3: 9.2 | DM3: 7.4 | DN3: 11.1 | DO3: 14.8 | DP3: 13.9 | DQ3: 19.1 | DR3: 35.2 | DS3: -3.8 | DT3: -2.5 | DU3: -3.9 | DV3: -6.2 | DW3: -5.3 | DX3: -0.5 | DY3: -2.4 | DZ3: -0.7 | EA3: 2.4 | EB3: -1.5 | EC3: 1.4 | ED3: 17.6 | EE3: -4.3 | EF3: -4.9 | EG3: -4.6 | EH3: -7.2 | EI3: -6.7 | EJ3: -3.7 | EK3: -6.1 | EL3: -9.1 | EM3: -6.7 | EN3: -8.4 | EO3: -7.2 | EP3: 6.5 | EQ3: -3.2 | ER3: -3 | ES3: -0.7 | ET3: -4.7 | EU3: -3.2 | EV3: 3.4 | EW3: 3.6 | EX3: 1 | EY3: 2.2 | EZ3: -0.1 | FA3: 3.3 | FB3: 17.4 | FC3: -5.8 | FD3: -3 | FE3: -4.6 | FF3: -6.2 | FG3: -6.9 | FH3: -4.1 | FI3: -7.1 | FJ3: -8.3 | FK3: -8.7 | FL3: -13.8 | FM3: -8.5 | FN3: -4.2 | FO3: 1 | FP3: 1 | FQ3: 0.5 | FR3: -0.4 | FS3: 0.9 | FT3: 2.4 | FU3: 0.4 | FV3: 2.7 | FW3: 0.8 | FX3: -2.1 | FY3: 3.6 | FZ3: 13.5 | GA3: -4.6 | GB3: -3.6 | GC3: -0.2 | GD3: -2.9 | GE3: 1.8 | GF3: 2.2 | GG3: -1 | GH3: -0.2 | GI3: -1.8 | GJ3: -1.3 | GK3: -0.1 | GL3: 7 | GM3: -1.5 | GN3: -0.2 | GO3: -2.3 | GP3: -4.2 | GQ3: -0.6 | GR3: 1.7 | GS3: 1 | GT3: 0.8 | GU3: -0.1 | GV3: 1.4 | GW3: 3.7 | GX3: 11.4 | GY3: -3.3 | GZ3: -1 | HA3: -1.4 | HB3: -0.1 | HC3: 2.2 | HD3: 5.4 | HE3: 5 | HF3: 3.5 | HG3: 3.4 | HH3: 3.4 | HI3: 4.8 | HJ3: 11 | HK3: -4.3 | HL3: -3 | HM3: -3.7 | HN3: -1.8 | HO3: -2.5 | HP3: 2 | HQ3: 1.7 | HR3: 2.5 | HS3: 6 | HT3: 4 | HU3: 6.9 | HV3: 15.6 | HW3: -2.4 | HX3: 1.1 | HY3: 4.9 | HZ3: 6.2 | IA3: 7.5 | IB3: 14.8 | IC3: 14.6 | ID3: 20.2 | IE3: 22.8 | IF3: 23 | IG3: 28.6 | IH3: 35.6 | II3: -0.9 | IJ3: 1.9 | IK3: 1.9 | IL3: 4.7 | IM3: 6.6 | IN3: 8.9 | IO3: 6.8 | IP3: 7.9 | IQ3: 8.3 | IR3: 7.9 | IS3: 12.1 | IT3: 18.4 | IU3: 0.3 | IV3: 2.3 | IW3: -7.8 | IX3: -9 | IY3: -5.8 | IZ3: 1.6 | JA3: 6.3 | JB3: 11.9 | JC3: 15.9 | JD3: 16.9 | JE3: 17.3 | JF3: 25.3 | JG3: 3.6 | JH3: 5.1 | JI3: 3.3 | JJ3: 3.3 | JK3: 8.6 | JL3: 10.3 | JM3: 12.9 | JN3: 13.1 | JO3: 10.7 | JP3: 9.9 | JQ3: 8.5 | JR3: 13.9 | JS3: -2.2 | JT3: 0.3 | JU3: 0.5 | JV3: 2.5 | JW3: 2.1 | JX3: 3.1 | JY3: 5.4 | JZ3: 3.8 | KA3: 4.6 | KB3: 0.8 | KC3: -2.3 | KD3: 5.8 | KE3: -0.5 | KF3: 1.5 | KG3: 0.9 | KH3: 0.1 | KI3: 1.3 | KJ3: 3.7 | KK3: 3.4 | KL3: 3.7 | KM3: 3.8 | KN3: 4.6 | KO3: 5.8 | KP3: 9.4 | KQ3: -1.7 | KR3: 2.3 | KS3: 3.4 | KT3: 5.7 | KU3: 7.8 | KV3: 10.2 | KW3: 8.9
A4: Transferable deposits of other financial corporations | C4: 17.4 | D4: -5.7 | E4: 20.8 | F4: -8.1 | G4: 22.8 | H4: 13.6 | I4: -3.6 | J4: -3.5 | K4: 18.6 | L4: 29.3 | M4: 25.4 | N4: 65 | O4: -25.5 | P4: -18 | Q4: 0.6 | R4: -23.7 | S4: 6.2 | T4: 0.8 | U4: -1.9 | V4: -15.8 | W4: 21.6 | X4: 15.1 | Y4: 11.4 | Z4: 87.3 | AA4: -47.5 | AB4: -44.3 | AC4: -8.6 | AD4: -29.3 | AE4: -23.9 | AF4: 92.3 | AG4: -19.8 | AH4: -18.7 | AI4: 32.2 | AJ4: -11.1 | AK4: -15.3 | AL4: 89.7 | AM4: -26.7 | AN4: -21.9 | AO4: 9.6 | AP4: -20.8 | AQ4: -37.3 | AR4: 29.1 | AS4: -31.9 | AT4: -37.5 | AU4: -16.5 | AV4: -25.2 | AW4: -14.8 | AX4: 32.9 | AY4: -25.1 | AZ4: -21.6 | BA4: -13.3 | BB4: -33.6 | BC4: -40.2 | BD4: 0.1 | BE4: -29.4 | BF4: -18.9 | BG4: 20.3 | BH4: -7.5 | BI4: -8.1 | BJ4: 44.7 | BK4: -22.9 | BL4: -23.7 | BM4: -4.4 | BN4: -18.6 | BO4: -3.1 | BP4: 21.9 | BQ4: -15.9 | BR4: -6 | BS4: 21.2 | BT4: -13.9 | BU4: -15 | BV4: 30.4 | BW4: -12.4 | BX4: -12.5 | BY4: 20.4 | BZ4: -5.6 | CA4: -2.8 | CB4: 31.5 | CC4: -4.7 | CD4: -11.6 | CE4: 28.9 | CF4: 18.3 | CG4: 0.3 | CH4: 33.7 | CI4: -7.1 | CJ4: -18.1 | CK4: 9.4 | CL4: -17 | CM4: -8.6 | CN4: 14.9 | CO4: -17.5 | CP4: -16.5 | CQ4: 23.6 | CR4: -17.8 | CS4: 60 | CT4: 22.3 | CU4: -19.7 | CV4: -26 | CW4: -22 | CX4: -30.3 | CY4: -25.3 | CZ4: -5.8 | DA4: -6 | DB4: 5.7 | DC4: 8.2 | DD4: -0.6 | DE4: -25.5 | DF4: -23.6 | DG4: -0.1 | DH4: 23.5 | DI4: 22.6 | DJ4: 17.9 | DK4: 24.2 | DL4: 37.3 | DM4: 31.6 | DN4: 31.5 | DO4: 44.4 | DP4: 34.2 | DQ4: 37.1 | DR4: 35.2 | DS4: 8.6 | DT4: 4.5 | DU4: 27.4 | DV4: 1.7 | DW4: 5.4 | DX4: 20.9 | DY4: 6.7 | DZ4: 10.5 | EA4: 30.4 | EB4: 2.8 | EC4: 6.5 | ED4: 9.3 | EE4: -2 | EF4: -7.3 | EG4: 16 | EH4: -12.1 | EI4: -26.9 | EJ4: 5.5 | EK4: -17.8 | EL4: -32.9 | EM4: -0.3 | EN4: -32.8 | EO4: -31.9 | EP4: -6.6 | EQ4: 19 | ER4: 17.6 | ES4: 61.4 | ET4: 2.8 | EU4: -0.9 | EV4: 49.8 | EW4: 52.7 | EX4: 43 | EY4: 46.9 | EZ4: 40 | FA4: 45 | FB4: 64.2 | FC4: -5.6 | FD4: -2.8 | FE4: -8.7 | FF4: -6.2 | FG4: -3.2 | FH4: -7.3 | FI4: -10.4 | FJ4: -17 | FK4: -23.7 | FL4: -29.9 | FM4: -20.2 | FN4: -17 | FO4: -2.2 | FP4: -28.3 | FQ4: -2.7 | FR4: 66.3 | FS4: 50 | FT4: 22.5 | FU4: 25.3 | FV4: 19.1 | FW4: 12.5 | FX4: 9.1 | FY4: 19 | FZ4: 20.8 | GA4: 4.8 | GB4: 15.7 | GC4: 70.2 | GD4: 32.7 | GE4: 47.4 | GF4: 16.7 | GG4: 31.5 | GH4: 28.9 | GI4: 22.5 | GJ4: 11.4 | GK4: 19.6 | GL4: 3 | GM4: 13.1 | GN4: 9 | GO4: 36.8 | GP4: 16.1 | GQ4: 21.5 | GR4: 17.4 | GS4: 15.7 | GT4: 14.1 | GU4: 5.2 | GV4: 15.4 | GW4: 14.4 | GX4: 19.2 | GY4: 13.7 | GZ4: -4.1 | HA4: -2 | HB4: -6.4 | HC4: -9.8 | HD4: 1.1 | HE4: -15.2 | HF4: -17.7 | HG4: -16.4 | HH4: -14.2 | HI4: -15.6 | HJ4: -26.6 | HK4: 10.8 | HL4: 1.3 | HM4: 9.4 | HN4: 1.6 | HO4: 1 | HP4: -0.8 | HQ4: 6.1 | HR4: 4.3 | HS4: 6.1 | HT4: 2.2 | HU4: 4.2 | HV4: 6.6 | HW4: 1.7 | HX4: 6.7 | HY4: 4.7 | HZ4: -7.9 | IA4: -3.7 | IB4: -1.7 | IC4: 1.3 | ID4: 14.6 | IE4: 12.1 | IF4: 8.9 | IG4: 20.4 | IH4: -0.6 | II4: 10.9 | IJ4: 17.8 | IK4: 10.1 | IL4: 11 | IM4: 20.2 | IN4: 11.7 | IO4: 15.2 | IP4: 17.8 | IQ4: 18.4 | IR4: 33.9 | IS4: 37.9 | IT4: 28 | IU4: 10.1 | IV4: 30.9 | IW4: 19.3 | IX4: 7.5 | IY4: 9.8 | IZ4: 21 | JA4: 17.5 | JB4: 58.4 | JC4: 17.6 | JD4: 25 | JE4: 41.8 | JF4: 41.6 | JG4: 15.2 | JH4: 5.4 | JI4: -3.3 | JJ4: -1.8 | JK4: 13.9 | JL4: 24.8 | JM4: 24 | JN4: 30.8 | JO4: 28.2 | JP4: 33.2 | JQ4: 39.9 | JR4: 36 | JS4: 10.4 | JT4: 7.7 | JU4: 5.3 | JV4: 8.8 | JW4: 15.2 | JX4: 17.7 | JY4: 23.6 | JZ4: 18.5 | KA4: 26.1 | KB4: 24.3 | KC4: 17.1 | KD4: 13.4 | KE4: 11.6 | KF4: 8.1 | KG4: 6.7 | KH4: 3.6 | KI4: 0.6 | KJ4: 6.8 | KK4: 1 | KL4: 11.3 | KM4: 3 | KN4: 8.6 | KO4: 6.5 | KP4: 0.4 | KQ4: 12.5 | KR4: 10.2 | KS4: 10.8 | KT4: 7.7 | KU4: 5.8 | KV4: 26.5 | KW4: 25.5
A5: Transferable deposits of non-financial corporations | C5: -7.5 | D5: -5.4 | E5: -2.2 | F5: 4.2 | G5: 7.6 | H5: 8.8 | I5: 11.3 | J5: 13 | K5: 13.4 | L5: 16.8 | M5: 14.4 | N5: 37.6 | O5: -9.9 | P5: -11.4 | Q5: -8.9 | R5: -12.5 | S5: -1.3 | T5: 0.1 | U5: -0.2 | V5: -0.9 | W5: 2.7 | X5: 6.1 | Y5: 7.1 | Z5: 19.5 | AA5: -5.3 | AB5: -2.6 | AC5: 4.2 | AD5: 4.3 | AE5: 13.4 | AF5: 16.5 | AG5: 16.4 | AH5: 17.7 | AI5: 20.5 | AJ5: 16.7 | AK5: 19.4 | AL5: 33.1 | AM5: -3 | AN5: -0.7 | AO5: 1.5 | AP5: -4.2 | AQ5: 2.2 | AR5: 5.5 | AS5: 2 | AT5: 6.5 | AU5: 11.1 | AV5: 13.6 | AW5: 21.9 | AX5: 28 | AY5: -3.2 | AZ5: 2.4 | BA5: 6.6 | BB5: 2.9 | BC5: 7.8 | BD5: 13 | BE5: 11 | BF5: 18 | BG5: 23.4 | BH5: 21.9 | BI5: 27.7 | BJ5: 38 | BK5: -1.7 | BL5: -1.9 | BM5: 4.8 | BN5: 3.8 | BO5: 14.9 | BP5: 18.8 | BQ5: 20.3 | BR5: 24.7 | BS5: 33.3 | BT5: 30.6 | BU5: 35.6 | BV5: 50.5 | BW5: -2.8 | BX5: -3.6 | BY5: 9.8 | BZ5: 23.8 | CA5: 50.2 | CB5: 34.8 | CC5: 34.2 | CD5: 37.2 | CE5: 44.1 | CF5: 24.2 | CG5: 28.8 | CH5: 37.2 | CI5: 2.2 | CJ5: -0.2 | CK5: 2.8 | CL5: -7.7 | CM5: -2.6 | CN5: 5.3 | CO5: 0.4 | CP5: 3.6 | CQ5: 4.6 | CR5: -4 | CS5: -5.5 | CT5: -1.8 | CU5: -13.1 | CV5: -16.1 | CW5: -13.8 | CX5: -15.7 | CY5: -10.3 | CZ5: -6.4 | DA5: -11.7 | DB5: -6.9 | DC5: -1.9 | DD5: -4.4 | DE5: 2.9 | DF5: 10.3 | DG5: -0.4 | DH5: -0.1 | DI5: 2.7 | DJ5: -0.2 | DK5: 4.8 | DL5: 5.9 | DM5: 2.5 | DN5: 8.5 | DO5: 12.8 | DP5: 11.8 | DQ5: 18.5 | DR5: 31.5 | DS5: -2 | DT5: -1 | DU5: -5.1 | DV5: -9.5 | DW5: -7.9 | DX5: -5.9 | DY5: -8.5 | DZ5: -5.1 | EA5: -2.5 | EB5: -5.6 | EC5: -1.8 | ED5: 12.2 | EE5: -0.7 | EF5: -2.4 | EG5: -3.5 | EH5: -7.8 | EI5: -5.3 | EJ5: -6.9 | EK5: -7.6 | EL5: -11.5 | EM5: -9.9 | EN5: -8.2 | EO5: -8.4 | EP5: 1.2 | EQ5: 1.9 | ER5: 0.7 | ES5: 0 | ET5: -6.3 | EU5: -1.4 | EV5: 1.8 | EW5: 2.6 | EX5: -0.5 | EY5: 2.2 | EZ5: 0.2 | FA5: 3.9 | FB5: 14.3 | FC5: 0.8 | FD5: 3.9 | FE5: 3.1 | FF5: -3.6 | FG5: -3.9 | FH5: -0.6 | FI5: -5.1 | FJ5: -7.3 | FK5: -5.3 | FL5: -13.3 | FM5: -5.6 | FN5: -0.3 | FO5: 10 | FP5: 10.4 | FQ5: 8.1 | FR5: -3.3 | FS5: 1 | FT5: 3.7 | FU5: -1 | FV5: 5.3 | FW5: 2.8 | FX5: -1 | FY5: 6.9 | FZ5: 10.2 | GA5: 1.5 | GB5: 0.5 | GC5: 0.8 | GD5: -3.5 | GE5: 2 | GF5: 2.3 | GG5: -4.6 | GH5: -3 | GI5: -5.1 | GJ5: -2 | GK5: -0.5 | GL5: 3.9 | GM5: 1.5 | GN5: 2.1 | GO5: -4.1 | GP5: -7 | GQ5: -1.5 | GR5: -2.4 | GS5: -3.9 | GT5: -3.2 | GU5: -3.8 | GV5: -1.4 | GW5: 1.5 | GX5: 2.8 | GY5: 0.9 | GZ5: 2.1 | HA5: 0.7 | HB5: -1.9 | HC5: 2 | HD5: 1.9 | HE5: 2.1 | HF5: -0.3 | HG5: 0.2 | HH5: -1.9 | HI5: 4.1 | HJ5: 4.5 | HK5: 1.5 | HL5: 2 | HM5: 0.6 | HN5: -1.7 | HO5: -2 | HP5: 2.8 | HQ5: 2.3 | HR5: 2.9 | HS5: 8.6 | HT5: 5.3 | HU5: 8.1 | HV5: 11.7 | HW5: 2.7 | HX5: 5.2 | HY5: 10.3 | HZ5: 5.2 | IA5: 6.3 | IB5: 13.1 | IC5: 10.4 | ID5: 17.8 | IE5: 19.5 | IF5: 18.7 | IG5: 25.4 | IH5: 23.2 | II5: 5.4 | IJ5: 8 | IK5: 6.9 | IL5: 2.7 | IM5: 9.4 | IN5: 13 | IO5: 6.2 | IP5: 9 | IQ5: 9.3 | IR5: 7.7 | IS5: 17.3 | IT5: 22.3 | IU5: 8.6 | IV5: 14.5 | IW5: 14 | IX5: 9.1 | IY5: 16.1 | IZ5: 18.4 | JA5: 26.5 | JB5: 32.2 | JC5: 38.5 | JD5: 38.8 | JE5: 35 | JF5: 32.8 | JG5: 14.5 | JH5: 13.7 | JI5: 8 | JJ5: 5 | JK5: 11.6 | JL5: 8.2 | JM5: 10.3 | JN5: 12.9 | JO5: 11.4 | JP5: 11.6 | JQ5: 11.6 | JR5: 11.7 | JS5: 0.9 | JT5: 2.2 | JU5: 1.4 | JV5: 4.6 | JW5: -1.5 | JX5: -1.8 | JY5: 0.5 | JZ5: -1.1 | KA5: 0.6 | KB5: -2.5 | KC5: -3.8 | KD5: 1.6 | KE5: 4.5 | KF5: 7.3 | KG5: 6 | KH5: -0.3 | KI5: 2.7 | KJ5: 4.2 | KK5: 2.2 | KL5: 1.9 | KM5: 2.5 | KN5: 3.9 | KO5: 8.1 | KP5: 2.5 | KQ5: 5 | KR5: 9.5 | KS5: 9.4 | KT5: 8.9 | KU5: 15.1 | KV5: 16.8 | KW5: 11.8
A6: Transferable deposits of households | C6: -1.4 | D6: 2.2 | E6: 7.6 | F6: 14.6 | G6: 16.9 | H6: 25 | I6: 30 | J6: 33.3 | K6: 38.5 | L6: 36.1 | M6: 22.4 | N6: 14.6 | O6: -8.7 | P6: -8.2 | Q6: -9.5 | R6: -5.5 | S6: -3 | T6: 2.5 | U6: 4.8 | V6: 2.9 | W6: 3.7 | X6: 3.1 | Y6: 6.6 | Z6: 16.6 | AA6: -4.3 | AB6: 0 | AC6: 3.4 | AD6: 10.5 | AE6: 15.4 | AF6: 23.9 | AG6: 28.9 | AH6: 30.8 | AI6: 32.1 | AJ6: 31.5 | AK6: 37.2 | AL6: 53 | AM6: 0.2 | AN6: 6.6 | AO6: 9.4 | AP6: 15.1 | AQ6: 16.5 | AR6: 19.5 | AS6: 14.4 | AT6: 10.7 | AU6: 6.6 | AV6: 4.6 | AW6: 5.9 | AX6: 23.1 | AY6: -4.4 | AZ6: -0.3 | BA6: 4 | BB6: 11 | BC6: 12.4 | BD6: 19.4 | BE6: 24.9 | BF6: 24.5 | BG6: 26 | BH6: 25.2 | BI6: 27.9 | BJ6: 51 | BK6: -5 | BL6: -0.6 | BM6: 3.3 | BN6: 11.6 | BO6: 14.9 | BP6: 26.1 | BQ6: 27.9 | BR6: 30.2 | BS6: 33.4 | BT6: 31.9 | BU6: 34.7 | BV6: 64.8 | BW6: -9.6 | BX6: -4.1 | BY6: -2.7 | BZ6: 3.7 | CA6: 5.2 | CB6: 14.5 | CC6: 16.9 | CD6: 18.3 | CE6: 21 | CF6: 19.1 | CG6: 24.7 | CH6: 47 | CI6: -8.1 | CJ6: -5.9 | CK6: -4.9 | CL6: 0.6 | CM6: 3.3 | CN6: 9.5 | CO6: 10.1 | CP6: 12.3 | CQ6: 5.8 | CR6: -8.5 | CS6: -10.4 | CT6: -1.9 | CU6: -13.9 | CV6: -10.8 | CW6: -13.3 | CX6: -8 | CY6: -6 | CZ6: 0.9 | DA6: 0.9 | DB6: -1.7 | DC6: -1.5 | DD6: 0.2 | DE6: 2.2 | DF6: 25.1 | DG6: -9.5 | DH6: -5.7 | DI6: -5.9 | DJ6: 1 | DK6: 3.7 | DL6: 11.7 | DM6: 14.8 | DN6: 13.5 | DO6: 14 | DP6: 15.1 | DQ6: 17 | DR6: 44.9 | DS6: -10.5 | DT6: -7.4 | DU6: -7.2 | DV6: -0.1 | DW6: -1.1 | DX6: 7.9 | DY6: 9.9 | DZ6: 7.4 | EA6: 8.5 | EB6: 7.4 | EC6: 8 | ED6: 31.9 | EE6: -11.8 | EF6: -9.5 | EG6: -10 | EH6: -5.4 | EI6: -6.3 | EJ6: 1.1 | EK6: -1 | EL6: -0.7 | EM6: -1.3 | EN6: -4.9 | EO6: -1 | EP6: 19.2 | EQ6: -14.7 | ER6: -11.8 | ES6: -9.8 | ET6: -3 | EU6: -6.3 | EV6: 0.4 | EW6: -1 | EX6: -1.9 | EY6: -3.2 | EZ6: -5.5 | FA6: -2.9 | FB6: 16.7 | FC6: -16.7 | FD6: -14.3 | FE6: -16.5 | FF6: -10.4 | FG6: -12.6 | FH6: -9.2 | FI6: -9.8 | FJ6: -8.5 | FK6: -11.6 | FL6: -11.6 | FM6: -11.3 | FN6: -8.3 | FO6: -14.5 | FP6: -11.3 | FQ6: -12.8 | FR6: -5.9 | FS6: -7.1 | FT6: -3.2 | FU6: -1 | FV6: -4.5 | FW6: -4.6 | FX6: -5.7 | FY6: -4.9 | FZ6: 18.4 | GA6: -16.2 | GB6: -13.6 | GC6: -13.3 | GD6: -7.6 | GE6: -6.2 | GF6: -0.4 | GG6: -0.2 | GH6: -0.2 | GI6: -0.1 | GJ6: -2.3 | GK6: -2.6 | GL6: 13 | GM6: -8.1 | GN6: -5.1 | GO6: -5.4 | GP6: -2.9 | GQ6: -2.3 | GR6: 5.6 | GS6: 6.2 | GT6: 5.1 | GU6: 4.8 | GV6: 3.7 | GW6: 5.6 | GX6: 23.6 | GY6: -11.1 | GZ6: -4.6 | HA6: -4.1 | HB6: 3 | HC6: 4.3 | HD6: 10.4 | HE6: 11.7 | HF6: 11.4 | HG6: 10.3 | HH6: 12.7 | HI6: 8.7 | HJ6: 24.9 | HK6: -11.7 | HL6: -8.7 | HM6: -9.4 | HN6: -2.2 | HO6: -3.2 | HP6: 1.3 | HQ6: 0.7 | HR6: 1.8 | HS6: 3.1 | HT6: 2.9 | HU6: 5.9 | HV6: 20.5 | HW6: -7.7 | HX6: -3.5 | HY6: -0.5 | HZ6: 8.2 | IA6: 9.4 | IB6: 17.7 | IC6: 19.7 | ID6: 23.1 | IE6: 26.9 | IF6: 28.2 | IG6: 32.3 | IH6: 50.6 | II6: -6.6 | IJ6: -3.9 | IK6: -2.5 | IL6: 6 | IM6: 3.5 | IN6: 5.3 | IO6: 7 | IP6: 6.6 | IQ6: 6.9 | IR6: 6.8 | IS6: 6.6 | IT6: 14.8 | IU6: -7.5 | IV6: -9.8 | IW6: -28 | IX6: -25.6 | IY6: -25.6 | IZ6: -14.1 | JA6: -11.7 | JB6: -8.1 | JC6: -3.8 | JD6: -2.6 | JE6: 0.6 | JF6: 18 | JG6: -7.9 | JH6: -3.2 | JI6: -0.8 | JJ6: 1.9 | JK6: 5.3 | JL6: 11.4 | JM6: 14.7 | JN6: 12.1 | JO6: 8.8 | JP6: 6.7 | JQ6: 3.4 | JR6: 14.5 | JS6: -6.1 | JT6: -2 | JU6: -0.7 | JV6: 0.1 | JW6: 4.5 | JX6: 6.7 | JY6: 8.7 | JZ6: 7.4 | KA6: 6.6 | KB6: 2 | KC6: -2.4 | KD6: 9.2 | KE6: -6 | KF6: -4.2 | KG6: -4.2 | KH6: 0.2 | KI6: 0.1 | KJ6: 3 | KK6: 4.6 | KL6: 4.7 | KM6: 5 | KN6: 4.9 | KO6: 3.8 | KP6: 16.2 | KQ6: -7.9 | KR6: -3.9 | KS6: -1.8 | KT6: 3.1 | KU6: 2.3 | KV6: 3.9 | KW6: 5.4
A7: - interest-bearing deposits | IU7: -3.4 | IV7: -9.9 | IW7: -30 | IX7: -28.4 | IY7: -26.6 | IZ7: -14.5 | JA7: -10.3 | JB7: -6.3 | JC7: -3.6 | JD7: -0.7 | JE7: 6.2 | JF7: 23.8 | JG7: -3.5 | JH7: 0.5 | JI7: 2.6 | JJ7: 6.7 | JK7: 12 | JL7: 17.1 | JM7: 21 | JN7: 17.4 | JO7: 13.3 | JP7: 12.9 | JQ7: 7.2 | JR7: 11.2 | JS7: 11.1 | JT7: 15 | JU7: 15.5 | JV7: 19.4 | JW7: 23.3 | JX7: 25.5 | JY7: 29.7 | JZ7: 26.4 | KA7: 24.7 | KB7: 17 | KC7: 8.6 | KD7: 22.8 | KE7: -2.7 | KF7: -1.9 | KG7: -0.4 | KH7: 6.2 | KI7: 6.2 | KJ7: 9.9 | KK7: 12.1 | KL7: 11.7 | KM7: 13 | KN7: 13.9 | KO7: 11.8 | KP7: 22.5 | KQ7: -4.1 | KR7: 0.4 | KS7: 3.7 | KT7: 10.3 | KU7: 7.3 | KV7: 9.6 | KW7: 12
A8: -non-interest-bearing deposits | IU8: -11.7 | IV8: -9.7 | IW8: -26 | IX8: -22.7 | IY8: -24.6 | IZ8: -13.6 | JA8: -13.1 | JB8: -10.1 | JC8: -3.9 | JD8: -4.5 | JE8: -5.2 | JF8: 11.8 | JG8: -13 | JH8: -7.6 | JI8: -4.7 | JJ8: -3.8 | JK8: -2.5 | JL8: 4.7 | JM8: 7.4 | JN8: 6 | JO8: 3.6 | JP8: -0.5 | JQ8: -1.1 | JR8: 18.5 | JS8: -24.9 | JT8: -20.5 | JU8: -18.5 | JV8: -20.9 | JW8: -16 | JX8: -13.9 | JY8: -14.3 | JZ8: -13.4 | KA8: -13.2 | KB8: -14.5 | KC8: -14.4 | KD8: -5.6 | KE8: -10.7 | KF8: -7.5 | KG8: -9.6 | KH8: -8.3 | KI8: -8.7 | KJ8: -6.8 | KK8: -6.2 | KL8: -5.2 | KM8: -6.4 | KN8: -7.8 | KO8: -7.6 | KP8: 7.4 | KQ8: -14.2 | KR8: -10.8 | KS8: -10.7 | KT8: -8.7 | KU8: -5.8 | KV8: -5.2 | KW8: -5.2
A9: Monetary aggregate М1 | C9: -7.3 | D9: -5.5 | E9: -1.9 | F9: 5 | G9: 7.4 | H9: 12.9 | I9: 16 | J9: 18.9 | K9: 22.8 | L9: 24 | M9: 20.9 | N9: 36.2 | O9: -9.5 | P9: -9 | Q9: -7 | R9: -3.7 | S9: 1.3 | T9: 5.5 | U9: 6.8 | V9: 7.7 | W9: 9.3 | X9: 10.7 | Y9: 12.6 | Z9: 26 | AA9: -7.3 | AB9: -4.3 | AC9: 0.7 | AD9: 5.7 | AE9: 11.9 | AF9: 21 | AG9: 20.1 | AH9: 22.5 | AI9: 24.4 | AJ9: 23 | AK9: 26.2 | AL9: 45.2 | AM9: -2.7 | AN9: 0.4 | AO9: 2.6 | AP9: 3.1 | AQ9: 4.4 | AR9: 10.7 | AS9: 8.7 | AT9: 8.6 | AU9: 10.6 | AV9: 11.7 | AW9: 16.1 | AX9: 30.8 | AY9: -6.2 | AZ9: -3.2 | BA9: 0.2 | BB9: 1.9 | BC9: 4 | BD9: 10.2 | BE9: 10.8 | BF9: 13.5 | BG9: 18.1 | BH9: 17 | BI9: 19.6 | BJ9: 35.6 | BK9: -5.4 | BL9: -4.7 | BM9: -0.3 | BN9: 2.2 | BO9: 8.7 | BP9: 15.7 | BQ9: 16.4 | BR9: 20.1 | BS9: 25.6 | BT9: 23.3 | BU9: 26.5 | BV9: 45 | BW9: -5.3 | BX9: -4 | BY9: 3.1 | BZ9: 9.9 | CA9: 20.2 | CB9: 19.3 | CC9: 19.2 | CD9: 21.7 | CE9: 26.7 | CF9: 19.8 | CG9: 23.5 | CH9: 36.1 | CI9: -3.6 | CJ9: -4.2 | CK9: -2.3 | CL9: -4.6 | CM9: -1.4 | CN9: 3.9 | CO9: 2.2 | CP9: 4.7 | CQ9: 5.8 | CR9: 0.4 | CS9: -0.1 | CT9: 1.1 | CU9: -13.3 | CV9: -14.3 | CW9: -14 | CX9: -12.6 | CY9: -9.6 | CZ9: -5.9 | DA9: -7.4 | DB9: -6.1 | DC9: -4.5 | DD9: -4.5 | DE9: -2.3 | DF9: 8.8 | DG9: -3.4 | DH9: -1.2 | DI9: 0.2 | DJ9: 2.3 | DK9: 5.3 | DL9: 8.7 | DM9: 8.9 | DN9: 11 | DO9: 13.5 | DP9: 13.8 | DQ9: 16.8 | DR9: 30.4 | DS9: -4.2 | DT9: -2.9 | DU9: -3.4 | DV9: -3.2 | DW9: -2.6 | DX9: 0.9 | DY9: 0.9 | DZ9: 2.2 | EA9: 4.6 | EB9: 2.5 | EC9: 4.6 | ED9: 17.5 | EE9: -4.4 | EF9: -4.4 | EG9: -4.3 | EH9: -4.7 | EI9: -4.2 | EJ9: -1.5 | EK9: -2.9 | EL9: -4.6 | EM9: -3.3 | EN9: -4.5 | EO9: -3.6 | EP9: 7.3 | EQ9: -4.3 | ER9: -3.7 | ES9: -2.2 | ET9: -3.1 | EU9: -2.3 | EV9: 2.1 | EW9: 2.3 | EX9: 1.1 | EY9: 1.1 | EZ9: -0.1 | FA9: 2.7 | FB9: 13.3 | FC9: -5.3 | FD9: -3.5 | FE9: -5 | FF9: -4.7 | FG9: -5.2 | FH9: -3.7 | FI9: -4.6 | FJ9: -4.7 | FK9: -4.9 | FL9: -8.1 | FM9: -5.1 | FN9: -1.1 | FO9: -2.5 | FP9: -2.7 | FQ9: -3.9 | FR9: -3.8 | FS9: -3.4 | FT9: -2.1 | FU9: -2.5 | FV9: -1.1 | FW9: -2.3 | FX9: -3.6 | FY9: -0.6 | FZ9: 7.7 | GA9: -3.7 | GB9: -2.6 | GC9: -0.7 | GD9: -1.2 | GE9: 1.3 | GF9: 2 | GG9: 0.8 | GH9: 1.1 | GI9: 0 | GJ9: -0.1 | GK9: 0.4 | GL9: 6.8 | GM9: -1.8 | GN9: -0.8 | GO9: -1.9 | GP9: -2 | GQ9: 0.2 | GR9: 2.3 | GS9: 2.4 | GT9: 2.5 | GU9: 2.1 | GV9: 2.8 | GW9: 4.1 | GX9: 10.6 | GY9: -3.3 | GZ9: -1.3 | HA9: -0.8 | HB9: 1.3 | HC9: 2.9 | HD9: 5.6 | HE9: 6 | HF9: 5.6 | HG9: 5.5 | HH9: 5 | HI9: 5.5 | HJ9: 10.8 | HK9: -4 | HL9: -3.1 | HM9: -3.8 | HN9: -2.1 | HO9: -2.5 | HP9: 0.4 | HQ9: 0.6 | HR9: 1.5 | HS9: 3.7 | HT9: 2.4 | HU9: 4.2 | HV9: 10.3 | HW9: -2.1 | HX9: 0.7 | HY9: 5.3 | HZ9: 8.9 | IA9: 10.9 | IB9: 16.6 | IC9: 17.7 | ID9: 21.6 | IE9: 23.7 | IF9: 24.1 | IG9: 27.4 | IH9: 33.2 | II9: -0.8 | IJ9: 1.2 | IK9: 1.3 | IL9: 3.9 | IM9: 4.7 | IN9: 6.2 | IO9: 5.5 | IP9: 6.2 | IQ9: 6.8 | IR9: 6.3 | IS9: 8.7 | IT9: 13.3 | IU9: -0.3 | IV9: 3.4 | IW9: -3.2 | IX9: -4.8 | IY9: -3.6 | IZ9: 1.2 | JA9: 4.5 | JB9: 8.4 | JC9: 12.8 | JD9: 14.8 | JE9: 15.2 | JF9: 22.2 | JG9: 2.1 | JH9: 3.6 | JI9: 3 | JJ9: 4 | JK9: 8 | JL9: 10.1 | JM9: 12.5 | JN9: 12.9 | JO9: 11.3 | JP9: 10.5 | JQ9: 8.8 | JR9: 12.9 | JS9: -2.2 | JT9: -0.6 | JU9: -0.7 | JV9: 0.9 | JW9: 0.6 | JX9: 1.2 | JY9: 2.8 | JZ9: 1.8 | KA9: 2.3 | KB9: -0.2 | KC9: -2.3 | KD9: 4.1 | KE9: -1.3 | KF9: -0.2 | KG9: -1.1 | KH9: -1.3 | KI9: -0.6 | KJ9: 1.3 | KK9: 1.6 | KL9: 2.3 | KM9: 2.5 | KN9: 3.3 | KO9: 4.3 | KP9: 8.1 | KQ9: -1.8 | KR9: 1.3 | KS9: 2.6 | KT9: 5.2 | KU9: 7.4 | KV9: 9.7 | KW9: 9.8
A10: Other deposits in rubles | C10: 1.1 | D10: 5.7 | E10: 9.2 | F10: 9.3 | G10: 9.8 | H10: 13.7 | I10: 16.9 | J10: 21.1 | K10: 26 | L10: 32.1 | M10: 41.1 | N10: 51.3 | O10: 3.3 | P10: 7.1 | Q10: 11.2 | R10: 15.2 | S10: 17.7 | T10: 21 | U10: 23.7 | V10: 29.1 | W10: 32.4 | X10: 38.5 | Y10: 43.5 | Z10: 50.3 | AA10: 1.7 | AB10: 7.5 | AC10: 12.1 | AD10: 17.2 | AE10: 21.7 | AF10: 27.4 | AG10: 32.6 | AH10: 35.9 | AI10: 39.2 | AJ10: 43.8 | AK10: 49.2 | AL10: 62.7 | AM10: 5.4 | AN10: 10.5 | AO10: 14.3 | AP10: 19.4 | AQ10: 20.6 | AR10: 22.5 | AS10: 22.4 | AT10: 24.9 | AU10: 27.2 | AV10: 31.6 | AW10: 36 | AX10: 46.4 | AY10: 0.1 | AZ10: 2.4 | BA10: 6.7 | BB10: 11.2 | BC10: 13.9 | BD10: 18 | BE10: 20.7 | BF10: 25.2 | BG10: 26.8 | BH10: 30.4 | BI10: 33.4 | BJ10: 44.1 | BK10: -0.1 | BL10: 2.2 | BM10: 5.8 | BN10: 9.9 | BO10: 13.6 | BP10: 19.3 | BQ10: 24.6 | BR10: 28 | BS10: 32.4 | BT10: 37.3 | BU10: 42.2 | BV10: 55.3 | BW10: -0.1 | BX10: 3.7 | BY10: 7.1 | BZ10: 12.9 | CA10: 17 | CB10: 22.9 | CC10: 24.9 | CD10: 27.9 | CE10: 29.5 | CF10: 38.4 | CG10: 43.3 | CH10: 55.5 | CI10: -1.7 | CJ10: 2.1 | CK10: 5.3 | CL10: 7.9 | CM10: 10.4 | CN10: 12.8 | CO10: 15.3 | CP10: 18.4 | CQ10: 14 | CR10: 5.2 | CS10: -0.5 | CT10: 0.4 | CU10: -10 | CV10: -7.8 | CW10: -6.1 | CX10: -3.2 | CY10: 1.7 | CZ10: 2.4 | DA10: 3.9 | DB10: 5.4 | DC10: 8.9 | DD10: 14 | DE10: 17.2 | DF10: 30.4 | DG10: -1.1 | DH10: 1 | DI10: 5.2 | DJ10: 9.2 | DK10: 11 | DL10: 13.1 | DM10: 15.1 | DN10: 18.1 | DO10: 18.7 | DP10: 20.6 | DQ10: 23 | DR10: 31.8 | DS10: -2.7 | DT10: -1.8 | DU10: 1.6 | DV10: 4 | DW10: 4.8 | DX10: 6.6 | DY10: 7.8 | DZ10: 8.9 | EA10: 10.6 | EB10: 11.8 | EC10: 15.4 | ED10: 25.1 | EE10: -2.6 | EF10: -0.9 | EG10: 0.8 | EH10: 2.8 | EI10: 3.3 | EJ10: 3.9 | EK10: 4.2 | EL10: 5.8 | EM10: 5.8 | EN10: 7.2 | EO10: 8.7 | EP10: 17.7 | EQ10: -1.7 | ER10: 0.8 | ES10: 2.5 | ET10: 4.7 | EU10: 5.5 | EV10: 5.6 | EW10: 7.2 | EX10: 8.8 | EY10: 7.7 | EZ10: 8.4 | FA10: 9.9 | FB10: 16.1 | FC10: -3.1 | FD10: -2.9 | FE10: -5.5 | FF10: -3.5 | FG10: -2.9 | FH10: -3.3 | FI10: -1.6 | FJ10: -0.6 | FK10: -0.6 | FL10: -0.5 | FM10: -1.4 | FN10: 4 | FO10: -1.2 | FP10: 0.2 | FQ10: 0 | FR10: 4.1 | FS10: 4.4 | FT10: 3.9 | FU10: 5 | FV10: 4.9 | FW10: 4.9 | FX10: 6.7 | FY10: 7.5 | FZ10: 14.7 | GA10: -3.4 | GB10: -2.4 | GC10: -2 | GD10: 0.7 | GE10: 1.3 | GF10: 1.8 | GG10: 3.9 | GH10: 4.2 | GI10: 5.1 | GJ10: 4.8 | GK10: 6.3 | GL10: 11.3 | GM10: -0.4 | GN10: 0.9 | GO10: 2.3 | GP10: 2.9 | GQ10: 3.7 | GR10: 3.9 | GS10: 2.1 | GT10: 2.7 | GU10: 3.8 | GV10: 3.6 | GW10: 4.7 | GX10: 10.4 | GY10: -0.9 | GZ10: -0.6 | HA10: 0.4 | HB10: 1.9 | HC10: 1.1 | HD10: 2.6 | HE10: 1.3 | HF10: 3.7 | HG10: 3.3 | HH10: 3.5 | HI10: 6 | HJ10: 11.1 | HK10: -2 | HL10: -0.9 | HM10: -0.6 | HN10: -0.9 | HO10: 0.6 | HP10: 0.6 | HQ10: 0.5 | HR10: 0.6 | HS10: 1.4 | HT10: 1.8 | HU10: 4.6 | HV10: 9.1 | HW10: -1.9 | HX10: -1.8 | HY10: -2.2 | HZ10: -3 | IA10: -4.3 | IB10: -4.4 | IC10: -4.3 | ID10: -5.5 | IE10: -4.6 | IF10: -5.6 | IG10: -7.4 | IH10: -3.4 | II10: -2.9 | IJ10: -3.1 | IK10: -3 | IL10: -2.6 | IM10: -3.5 | IN10: -3.9 | IO10: -3.7 | IP10: -3 | IQ10: -0.7 | IR10: 0.5 | IS10: 3.4 | IT10: 12.6 | IU10: -2.7 | IV10: -2.8 | IW10: 10.2 | IX10: 13.1 | IY10: 13.3 | IZ10: 9.7 | JA10: 9.7 | JB10: 13.5 | JC10: 14.1 | JD10: 13.5 | JE10: 17 | JF10: 26.9 | JG10: -2.9 | JH10: -0.1 | JI10: 2.8 | JJ10: 1.3 | JK10: 0.8 | JL10: 1.2 | JM10: 1.1 | JN10: 5.3 | JO10: 8.5 | JP10: 10.8 | JQ10: 16.4 | JR10: 26.9 | JS10: 1.1 | JT10: 2.8 | JU10: 3.2 | JV10: 8.8 | JW10: 7.9 | JX10: 9.4 | JY10: 9.3 | JZ10: 14.3 | KA10: 16.6 | KB10: 21.9 | KC10: 28.3 | KD10: 34.6 | KE10: 0 | KF10: 0.9 | KG10: -0.3 | KH10: 1.5 | KI10: 2 | KJ10: 1.7 | KK10: 3 | KL10: 4.8 | KM10: 4.1 | KN10: 6.2 | KO10: 8 | KP10: 12.5 | KQ10: -1 | KR10: 1 | KS10: -1.1 | KT10: -0.7 | KU10: -0.1 | KV10: -0.2 | KW10: 0.8
