Workbook

Sheet labor market
A1: SDDS Data Category | B1: Unit Description | C1: 01.2015 | D1: 02.2015 | E1: 03.2015 | F1: 04.2015 | G1: 05.2015 | H1: 06.2015 | I1: 07.2015 | J1: 08.2015 | K1: 09.2015 | L1: 10.2015 | M1: 11.2015 | N1: 12.2015 | O1: 01.2016 | P1: 02.2016 | Q1: 03.2016 | R1: 04.2016 | S1: 05.2016 | T1: 06.2016 | U1: 07.2016 | V1: 08.2016 | W1: 09.2016 | X1: 10.2016 | Y1: 11.2016 | Z1: 12.2016 | AA1: 01.2017 | AB1: 02.2017 | AC1: 03.2017 | AD1: 04.2017 | AE1: 05.2017 | AF1: 06.2017 | AG1: 07.2017 | AH1: 08.2017 | AI1: 09.2017 | AJ1: 10.2017 | AK1: 11.2017 | AL1: 12.2017 | AM1: 01.2018 | AN1: 02.2018 | AO1: 03.2018 | AP1: 04.2018 | AQ1: 05.2018 | AR1: 06.2018 | AS1: 07.2018 | AT1: 08.2018 | AU1: 09.2018 | AV1: 10.2018 | AW1: 11.2018 | AX1: 12.2018 | AY1: 01.2019 | AZ1: 02.2019 | BA1: 03.2019 | BB1: 04.2019 | BC1: 05.2019 | BD1: 06.2019 | BE1: 07.2019 | BF1: 08.2019 | BG1: 09.2019 | BH1: 10.2019 | BI1: 11.2019 | BJ1: 12.2019 | BK1: 01.2020 | BL1: 02.2020 | BM1: 03.2020 | BN1: 04.2020 | BO1: 05.2020 | BP1: 06.2020 | BQ1: 07.2020 | BR1: 08.2020 | BS1: 09.2020 | BT1: 10.2020 | BU1: 11.2020 | BV1: 12.2020 | BW1: 01.2021 | BX1: 02.2021 | BY1: 03.2021 | BZ1: 04.2021 | CA1: 05.2021 | CB1: 06.2021 | CC1: 07.2021 | CD1: 08.2021 | CE1: 09.2021 | CF1: 10.2021 | CG1: 11.2021 | CH1: 12.2021 | CI1: 01.2022 | CJ1: 02.2022 | CK1: 03.2022 | CL1: 04.2022 | CM1: 05.2022 | CN1: 06.2022 | CO1: 07.2022 | CP1: 08.2022 | CQ1: 09.2022 | CR1: 10.2022 | CS1: 11.2022 | CT1: 11.2022 | CU1: 01.2023 | CV1: 02.2023 | CW1: 03.2023 | CX1: 04.2023 | CY1: 05.2023 | CZ1: 06.2023 | DA1: 07.2023 | DB1: 08.2023 | DC1: 09.2023 | DD1: 10.2023 | DE1: 11.2023 | DF1: 12.2023 | DG1: 01.2024 | DH1: 02.2024 | DI1: 03.2024 | DJ1: 04.2024 | DK1: 05.2024 | DL1: 06.2024 | DM1: 07.2024 | DN1: 08.2024 | DO1: 09.2024 | DP1: 10.2024 | DQ1: 11.2024 | DR1: 12.2024 | DS1: 01.2025 | DT1: 02.2025 | DU1: 03.2025 | DV1: 04.2025 | DW1: 05.2025 | DX1: 06.2025 | DY1: 07.2025 | DZ1: 08.2025 | EA1: 09.2025 | EB1: 10.2025 | EC1: 11.2025 | ED1: 12.2025 | EE1: 01.2026 | EF1: 02.2026 | EG1: 03.2026 | EH1: 04.2026 | EI1: 05.2026 | EJ1: 06.2026
A2: Economically active population 1,2,3 | B2: Million people | C2: =C3+C4 -> 76.094966 | D2: =D3+D4 -> 75.971228 | E2: =E3+E4 -> 76.311964 | F2: =F3+F4 -> 76.216945 | G2: =G3+G4 -> 77.205418 | H2: =H3+H4 -> 76.626918 | I2: =I3+I4 -> 77.371109 | J2: =J3+J4 -> 77.597656 | ... N2: =N3+N4 -> 76.86875 | O2: 76.05549 | P2: 76.244326 | Q2: 76.439726 | R2: 76.575017 | S2: 76.840309 | T2: 77.144494 | U2: 77.544454 | V2: 77.806473 | W2: 77.410986 | X2: 76.957644 | Y2: 77.016065 | Z2: 77.157027 | AA2: 76.489193 | AB2: 76.008773 | AC2: 76.395993 | AD2: 76.274364 | AE2: 76.416611 | AF2: 76.536326 | AG2: 76.790102 | AH2: 77.238529 | AI2: 77.159314 | AJ2: 76.98062 | AK2: 76.749205 | AL2: 76.870902 | AM2: 76.275965 | AN2: 76.205629 | AO2: 76.513561 | AP2: 76.430009 | AQ2: 76.594328 | AR2: 76.496864 | AS2: 76.697306 | AT2: 77.316787 | AU2: 77.021969 | AV2: 76.542204 | AW2: 76.705323 | AX2: 76.755701 | AY2: 75.353751 | AZ2: 75.637783 | BA2: 75.49077 | BB2: 75.43091 | BC2: 75.435067 | BD2: 75.772676 | BE2: 76.080702 | BF2: 76.22376 | BG2: 76.059442 | BH2: 76.032079 | BI2: 76.669332 | BJ2: 76.37839 | BK2: 75.389585 | BL2: 75.089706 | BM2: 75.408651 | BN2: 75.041566 | BO2: 75.082115 | BP2: 75.21098 | BQ2: 75.499562 | BR2: 75.868756 | BS2: 75.795705 | BT2: 75.561617 | BU2: 75.895148 | BV2: 75.751503 | BW2: 75.648833 | BX2: 75.663855 | BY2: 75.624461 | BZ2: 75.78123 | CA2: 75.941862 | CB2: 75.979469 | CC2: 76.076068 | CD2: 76.259039 | CE2: 76.214899 | CF2: 76.124312 | CG2: 76.031483 | CH2: 76.285449 | CI2: 75.524078 | CJ2: 75.521127 | CK2: 75.169698 | CL2: 75.574988 | CM2: 75.57707 | CN2: 75.600329 | CO2: 75.720301 | CP2: 76.217888 | CQ2: 75.541599 | CR2: 75.718811 | CS2: 75.838896 | CT2: 75.584312 | CU2: 75.600321 | CV2: 75.431419 | CW2: 75.621407 | CX2: 75.811605 | CY2: 75.793017 | CZ2: 75.944103 | DA2: 76.300884 | DB2: 76.507285 | DC2: 76.3 | DD2: 76.3 | DE2: 76.278855 | DF2: 76.525721 | DG2: 75.381449 | DH2: 75.525699 | DI2: 75.644903 | DJ2: 75.95327 | DK2: 76.109286 | DL2: 76.308084 | DM2: 76.310109 | DN2: 76.374986 | DO2: 76.301963 | DP2: 76.333658 | DQ2: 76.630234 | DR2: 76.382306 | DS2: 75.267387 | DT2: 75.494554 | DU2: 75.807685 | DV2: 75.9 | DW2: 76.2 | DX2: 76.3 | DY2: 76.6 | DZ2: 76.5 | EA2: 76.2 | EB2: 76.5 | EC2: 76.3 | ED2: 76.321381 | EE2: 76.173749 | EF2: 76.252029 | EG2: 76.244811 | EH2: 76.188483 | EI2: 76.330564 | EJ2: 76.51523
A3: Employed 1,2,3 | B3: Million people | C3: 71.919803 | D3: 71.567026 | E3: 71.80302 | F3: 71.7998 | G3: 72.912751 | H3: 72.540592 | I3: 73.300655 | J3: 73.52827 | K3: 73.09375 | L3: 72.712655 | M3: 72.326461 | N3: 72.438612 | O3: 71.617333 | P3: 71.809333 | Q3: 71.862814 | R3: 72.055557 | S3: 72.533649 | T3: 72.959798 | U3: 73.419908 | V3: 73.766017 | W3: 73.38686 | X3: 72.851369 | Y3: 72.896783 | Z3: 73.050995 | AA3: 72.181822 | AB3: 71.773425 | AC3: 72.266604 | AD3: 72.210532 | AE3: 72.454062 | AF3: 72.665803 | AG3: 72.869155 | AH3: 73.430597 | AI3: 73.328729 | AJ3: 73.111705 | AK3: 72.853483 | AL3: 72.985009 | AM3: 72.34528 | AN3: 72.390255 | AO3: 72.683031 | AP3: 72.702808 | AQ3: 72.97455 | AR3: 72.938321 | AS3: 73.07723 | AT3: 73.794197 | AU3: 73.573024 | AV3: 72.918738 | AW3: 73.040334 | AX3: 73.04246 | AY3: 71.664944 | AZ3: 71.961687 | BA3: 71.953889 | BB3: 71.857219 | BC3: 72.008258 | BD3: 72.412705 | BE3: 72.682423 | BF3: 72.954316 | BG3: 72.66907 | BH3: 72.541141 | BI3: 73.127113 | BJ3: 72.876686 | BK3: 71.892077 | BL3: 71.63612 | BM3: 71.9043 | BN3: 70.730608 | BO3: 70.535121 | BP3: 70.567677 | BQ3: 70.734339 | BR3: 71.029264 | BS3: 70.979282 | BT3: 70.830641 | BU3: 71.251638 | BV3: 71.297066 | BW3: 71.285542 | BX3: 71.358786 | BY3: 71.534087 | BZ3: 71.842897 | CA3: 72.218363 | CB3: 72.356391 | CC3: 72.603354 | CD3: 72.872819 | CE3: 72.90573 | CF3: 72.816247 | CG3: 72.761361 | CH3: 73.019063 | CI3: 72.196806 | CJ3: 72.422351 | CK3: 72.062723 | CL3: 72.538116 | CM3: 72.592091 | CN3: 72.612577 | CO3: 72.7784 | CP3: 73.31427 | CQ3: 72.608386 | CR3: 72.781928 | CS3: 73.049315 | CT3: 72.770283 | CU3: 72.866717 | CV3: 72.796062 | CW3: 73.012004 | CX3: 73.345723 | CY3: 73.387098 | CZ3: 73.592999 | DA3: 74.025273 | DB3: 74.239065 | DC3: 74 | DD3: 74.1 | DE3: 74.045573 | DF3: 74.236676 | DG3: 73.231915 | DH3: 73.416463 | DI3: 73.619276 | DJ3: 73.991963 | DK3: 74.104086 | DL3: 74.447981 | DM3: 74.445449 | DN3: 74.533587 | DO3: 74.477817 | DP3: 74.581043 | DQ3: 74.833631 | DR3: 74.594281 | DS3: 73.458813 | DT3: 73.708336 | DU3: 74.07847 | DV3: 74.2 | DW3: 74.5 | DX3: 74.6 | DY3: 75 | DZ3: 75 | EA3: 74.6 | EB3: 74.8 | EC3: 74.7 | ED3: 74.7 | EE3: 74.513415 | EF3: 74.61629 | EG3: 74.571002 | EH3: 74.512199 | EI3: 74.712332 | EJ3: 74.812401
A4: Unemployed 1,2,3 | B4: Million people | C4: 4.1751635 | D4: 4.4042016 | E4: 4.5089437 | F4: 4.4171448 | G4: 4.2926677 | H4: 4.0863261 | I4: 4.0704535 | J4: 4.0693861 | K4: 4.0447584 | L4: 4.2658666 | M4: 4.4385099 | N4: 4.4301375 | O4: 4.4381572 | P4: 4.4349928 | Q4: 4.5769116 | R4: 4.5194594 | S4: 4.3066598 | T4: 4.1846964 | U4: 4.1245454 | V4: 4.0404565 | W4: 4.0241268 | X4: 4.1062755 | Y4: 4.1192826 | Z4: 4.1060317 | AA4: 4.3073714 | AB4: 4.2353482 | AC4: 4.1293887 | AD4: 4.063832 | AE4: 3.9625489 | AF4: 3.8705232 | AG4: 3.9209471 | AH4: 3.8079323 | AI4: 3.8305845 | AJ4: 3.8689151 | AK4: 3.8957218 | AL4: 3.8858931 | AM4: 3.9306855 | AN4: 3.8153741 | AO4: 3.8305298 | AP4: 3.7272017 | AQ4: 3.6197782 | AR4: 3.5585422 | AS4: 3.6200764 | AT4: 3.5225906 | AU4: 3.448945 | AV4: 3.6234659 | AW4: 3.6649894 | AX4: 3.7132415 | AY4: 3.6888064 | AZ4: 3.6760964 | BA4: 3.5368813 | BB4: 3.5736904 | BC4: 3.4268098 | BD4: 3.359971 | BE4: 3.3982789 | BF4: 3.2694443 | BG4: 3.3903722 | BH4: 3.4909375 | BI4: 3.5422182 | BJ4: 3.5017039 | BK4: 3.4975081 | BL4: 3.4535851 | BM4: 3.5043512 | BN4: 4.310958 | BO4: 4.5469942 | BP4: 4.6433034 | BQ4: 4.7652226 | BR4: 4.8394923 | BS4: 4.8164237 | BT4: 4.7309762 | BU4: 4.6435099 | BV4: 4.454437 | BW4: 4.3632911 | BX4: 4.3050692 | BY4: 4.0903748 | BZ4: 3.9383329 | CA4: 3.7234996 | CB4: 3.6230785 | CC4: 3.4727146 | CD4: 3.3862196 | CE4: 3.3091685 | CF4: 3.3080657 | CG4: 3.2701223 | CH4: 3.2663859 | CI4: 3.3272719 | CJ4: 3.0987757 | CK4: 3.1069749 | CL4: 3.0368719 | CM4: 2.9849786 | CN4: 2.987752 | CO4: 2.9419005 | CP4: 2.9036181 | CQ4: 2.9332139 | CR4: 2.9368831 | CS4: 2.7895811 | CT4: 2.8140284 | CU4: 2.7336042 | CV4: 2.6353569 | CW4: 2.6094029 | CX4: 2.465882 | CY4: 2.4059191 | CZ4: 2.3511041 | DA4: 2.2756109 | DB4: 2.2682196 | DC4: 2.3 | DD4: 2.2 | DE4: 2.2332821 | DF4: 2.2890443 | DG4: 2.1495339 | DH4: 2.1092368 | DI4: 2.0256262 | DJ4: 1.9613078 | DK4: 2.0052004 | DL4: 1.8601029 | DM4: 1.8646604 | DN4: 1.8413997 | DO4: 1.824146 | DP4: 1.7526158 | DQ4: 1.7966026 | DR4: 1.7880246 | DS4: 1.808574 | DT4: 1.7862187 | DU4: 1.7292154 | DV4: 1.7 | DW4: 1.7 | DX4: 1.7 | DY4: 1.6 | DZ4: 1.6 | EA4: 1.6 | EB4: 1.7 | EC4: 1.6 | ED4: 1.6 | EE4: 1.6603334 | EF4: 1.635739 | EG4: 1.6738082 | EH4: 1.6762844 | EI4: 1.6182318 | EJ4: 1.7028284
A5: Unemplyment Rate | B5: % | C5: =C4/C2 -> 0.054867801 | D5: =D4/D2 -> 0.057971968 | E5: =E4/E2 -> 0.059085672 | F5: =F4/F2 -> 0.057954892 | G5: =G4/G2 -> 0.055600602 | H5: =H4/H2 -> 0.053327553 | I5: =I4/I2 -> 0.052609476 | J5: =J4/J2 -> 0.052442127 | ... EJ5: =EJ4/EJ2 -> 0.022254765
A6: Unemployed, officially registered in the employment services, at the end of the period 2 | B6: Million people | C6: 0.9241 | D6: 0.990622 | E6: 1.001497 | F6: 1.016757 | G6: 1.004358 | H6: 0.973868 | I6: 0.975128 | J6: 0.956174 | K6: 0.918886 | L6: 0.911149 | M6: 0.941033 | N6: 1.001132 | O6: 1.017308 | P6: 1.069907 | Q6: 1.062008 | R6: 1.055625 | S6: 1.008955 | T6: 0.967829 | U6: 0.944509 | V6: 0.908815 | W6: 0.861608 | X6: 0.833434 | Y6: 0.847914 | Z6: 0.894623 | AA6: 0.897285 | AB6: 0.927382 | AC6: 0.911272 | AD6: 0.879476 | AE6: 0.842905 | AF6: 0.815714 | AG6: 0.79698 | AH6: 0.772605 | AI6: 0.731878 | AJ6: 0.707353 | AK6: 0.732056 | AL6: 0.775541 | AM6: 0.777972 | AN6: 0.798852 | AO6: 0.784225 | AP6: 0.757949 | AQ6: 0.7304 | AR6: 0.705651 | AS6: 0.690495 | AT6: 0.679415 | AU6: 0.649265 | AV6: 0.631436 | AW6: 0.660876 | AX6: 0.693205 | AY6: 0.733221 | AZ6: 0.798001 | BA6: 0.818379 | BB6: 0.81699 | BC6: 0.776165 | BD6: 0.745796 | BE6: 0.727024 | BF6: 0.712277 | BG6: 0.665698 | BH6: 0.645388 | BI6: 0.664455 | BJ6: 0.691397 | BK6: 0.699518 | BL6: 0.729713 | BM6: 0.726559 | BN6: 1.334913 | BO6: 2.153095 | BP6: 2.787337 | BQ6: 3.310893 | BR6: 3.643849 | BS6: 3.68707 | BT6: 3.4699 | BU6: 3.133216 | BV6: 2.773147 | BW6: 2.529495 | BX6: 2.219614 | BY6: 1.748329 | BZ6: 1.540545 | CA6: 1.354954 | CB6: 1.18221 | CC6: 1.078756 | CD6: 0.984459 | CE6: 0.876977 | CF6: 0.830381 | CG6: 0.794461 | CH6: 0.776911 | CI6: 0.705411 | CJ6: 0.682803 | CK6: 0.66497 | CL6: 0.687575 | CM6: 0.681015 | CN6: 0.68418 | CO6: 0.677763 | CP6: 0.662884 | CQ6: 0.621557 | CR6: 0.568376 | CS6: 0.556419 | CT6: 0.564122 | CU6: 0.545813 | CV6: 0.55213 | CW6: 0.540868 | CX6: 0.525033 | CY6: 0.520093 | CZ6: 0.509137 | DA6: 0.495707 | DB6: 0.482775 | DC6: 0.5 | DD6: 0.4 | DE6: 0.421357 | DF6: 0.423982 | DG6: 0.405558 | DH6: 0.406302 | DI6: 0.392719 | DJ6: 0.377118 | DK6: 0.377289 | DL6: 0.368697 | DM6: 0.360986 | DN6: 0.348059 | DO6: 0.315316 | DP6: 0.287193 | DQ6: 0.283654 | DR6: 0.289191 | DS6: 0.277993 | DT6: 0.282957 | DU6: 0.272756 | DV6: 0.3 | DW6: 0.3 | DX6: 0.3 | DY6: 0.3 | DZ6: 0.3 | EA6: 0.3 | EB6: 0.3 | EC6: 0.3 | ED6: 0.3 | EE6: 0.287193 | EF6: 0.301684 | EG6: 0.291958 | EH6: 0.293704 | EI6: 0.301763 | EJ6: 0.300621
A7: Average monthly accrued wages of employees in the economy 2 | B7: Rubles | C7: 30929 | D7: 31325 | E7: 32642 | F7: 34377 | G7: 34380 | H7: 35395 | I7: 33901 | J7: 32176 | K7: 32911 | L7: 33357 | M7: 33347 | N7: 43408 | O7: 32660 | P7: 33873 | Q7: 35501 | R7: 36497 | S7: 37270 | T7: 38447 | U7: 35888 | V7: 35405 | W7: 35843 | X7: 35749 | Y7: 36195 | Z7: 47554 | AA7: 34422 | AB7: 35497 | AC7: 37899 | AD7: 39225 | AE7: 39679 | AF7: 41454 | AG7: 38073 | AH7: 37099 | AI7: 38047 | AJ7: 38333 | AK7: 38848 | AL7: 51197 | AM7: 39017 | AN7: 40443 | AO7: 42364 | AP7: 43381 | AQ7: 44076 | AR7: 45848 | AS7: 42413 | AT7: 41364 | AU7: 41774 | AV7: 42332 | AW7: 42595 | AX7: 55569 | AY7: 42263 | AZ7: 43062 | BA7: 46324 | BB7: 48030 | BC7: 47926 | BD7: 49348 | BE7: 46509 | BF7: 44961 | BG7: 45541 | BH7: 46549 | BI7: 46285 | BJ7: 62239 | BK7: 46674 | BL7: 47257 | BM7: 50948 | BN7: 49306 | BO7: 50747 | BP7: 52123 | BQ7: 50145 | BR7: 47649 | BS7: 49259 | BT7: 49539 | BU7: 49274 | BV7: 69278 | BW7: 49516 | BX7: 51229 | BY7: 55208 | BZ7: 56614 | CA7: 56171 | CB7: 58782 | CC7: 55170 | CD7: 52355 | CE7: 54687 | CF7: 54649 | CG7: 55639 | CH7: 77994 | CI7: 55717 | CJ7: 57344 | CK7: 66757 | CL7: 62269 | CM7: 62457 | CN7: 66572 | CO7: 62200 | CP7: 59907 | CQ7: 61879 | CR7: 62470 | CS7: 63060 | CT7: 88468 | CU7: 63260 | CV7: 65094 | CW7: 71334 | CX7: 71204 | CY7: 72851 | CZ7: 76604 | DA7: 71419 | DB7: 69439 | DC7: 70922 | DD7: 73830 | DE7: 73383 | DF7: 103815 | DG7: 75034 | DH7: 78432 | DI7: 87740 | DJ7: 83875 | DK7: 86384 | DL7: 89145 | DM7: 85017 | DN7: 82218 | DO7: 84324 | DP7: 86582 | DQ7: 86399 | DR7: 128665 | DS7: 88981 | DT7: 89646 | DU7: 97645 | DV7: 97375 | DW7: 99422 | DX7: 103183 | DY7: 99305 | DZ7: 92866 | EA7: 96182 | EB7: 99707 | EC7: 98193 | ED7: 139727 | EE7: 103612 | EF7: 103900 | EG7: 112654 | EH7: 109052 | EI7: 110216
A9: 1 Since January 2017 the data on the basis of the Labor Force Sample Survey are provided for people aged 15 years and older.
A10: 2 Excluding statistical information on: Lugansk People’s Republic, Donetsk People’s Republic, Kherson Region and Zaporozhye Region.

Sheet Sheet1
A1: Date | C1: DATE | D1: ='labor market'!A5 -> Unemplyment Rate
A2: {=TRANSPOSE('labor market'!C1:EJ1)} -> 01.2015 | B2: 42005 | C2: =TEXT(B2,"yyyy-mm-01") -> 2015-01-01 | D2: {=TRANSPOSE('labor market'!C5:EJ5)} -> 0.054867801
A3: 02.2015 | B3: 42036 | C3: =TEXT(B3,"yyyy-mm-01") -> 2015-02-01 | D3: 0.057971968
A4: 03.2015 | B4: 42064 | C4: =TEXT(B4,"yyyy-mm-01") -> 2015-03-01 | D4: 0.059085672
A5: 04.2015 | B5: 42095 | C5: =TEXT(B5,"yyyy-mm-01") -> 2015-04-01 | D5: 0.057954892
A6: 05.2015 | B6: 42125 | C6: =TEXT(B6,"yyyy-mm-01") -> 2015-05-01 | D6: 0.055600602
A7: 06.2015 | B7: 42156 | C7: =TEXT(B7,"yyyy-mm-01") -> 2015-06-01 | D7: 0.053327553
A8: 07.2015 | B8: 42186 | C8: =TEXT(B8,"yyyy-mm-01") -> 2015-07-01 | D8: 0.052609476
A9: 08.2015 | B9: 42217 | C9: =TEXT(B9,"yyyy-mm-01") -> 2015-08-01 | D9: 0.052442127
A10: 09.2015 | B10: 42248 | C10: =TEXT(B10,"yyyy-mm-01") -> 2015-09-01 | D10: 0.052435009
A11: 10.2015 | B11: 42278 | C11: =TEXT(B11,"yyyy-mm-01") -> 2015-10-01 | D11: 0.055416323
A12: 11.2015 | B12: 42309 | C12: =TEXT(B12,"yyyy-mm-01") -> 2015-11-01 | D12: 0.05781947
A13: 12.2015 | B13: 42339 | C13: =TEXT(B13,"yyyy-mm-01") -> 2015-12-01 | D13: 0.057632491
A14: 01.2016 | B14: 42370 | C14: =TEXT(B14,"yyyy-mm-01") -> 2016-01-01 | D14: 0.058354199
... A139: 06.2026 | B139: 46174 | C139: =TEXT(B139,"yyyy-mm-01") -> 2026-06-01 | D139: 0.022254765

Sheet Final Cleaned
A1: date | B1: ru_unemp_m
A2: =Sheet1!C2 -> 2015-01-01 | B2: =Sheet1!D2 -> 0.054867801
A3: =Sheet1!C3 -> 2015-02-01 | B3: =Sheet1!D3 -> 0.057971968
A4: =Sheet1!C4 -> 2015-03-01 | B4: =Sheet1!D4 -> 0.059085672
A5: =Sheet1!C5 -> 2015-04-01 | B5: =Sheet1!D5 -> 0.057954892
A6: =Sheet1!C6 -> 2015-05-01 | B6: =Sheet1!D6 -> 0.055600602
A7: =Sheet1!C7 -> 2015-06-01 | B7: =Sheet1!D7 -> 0.053327553
A8: =Sheet1!C8 -> 2015-07-01 | B8: =Sheet1!D8 -> 0.052609476
A9: =Sheet1!C9 -> 2015-08-01 | B9: =Sheet1!D9 -> 0.052442127
A10: =Sheet1!C10 -> 2015-09-01 | B10: =Sheet1!D10 -> 0.052435009
A11: =Sheet1!C11 -> 2015-10-01 | B11: =Sheet1!D11 -> 0.055416323
A12: =Sheet1!C12 -> 2015-11-01 | B12: =Sheet1!D12 -> 0.05781947
A13: =Sheet1!C13 -> 2015-12-01 | B13: =Sheet1!D13 -> 0.057632491
... A139: =Sheet1!C139 -> 2026-06-01 | B139: =Sheet1!D139 -> 0.022254765
