Workbook

Sheet README
A1: FRED Graph Observations
A2: Federal Reserve Economic Data, Federal Reserve Bank of St. Louis
A3: Link: https://fred.stlouisfed.org
A4: Help: https://fredhelp.stlouisfed.org
A5: This data may be copyrighted. Please refer to the Terms of Use: https://fred.stlouisfed.org/legal#fred-terms-faq
A6: File Created: 2026-08-16 10:15 am CDT
A8: NGDPRNSAXDCRUQ | B8: Real Gross Domestic Product for Russia, Millions of Domestic Currency, Quarterly, Not Seasonally Adjusted | C8: Data Updated: 2026-07-13

Sheet Quarterly
A1: observation_date | B1: NGDPRNSAXDCRUQ
A2: 40544 | B2: 18440084
A3: 40634 | B3: 19714798
A4: 40725 | B4: 20978424
A5: 40817 | B5: 22617264
A6: 40909 | B6: 19492308
A7: 41000 | B7: 20672447
A8: 41091 | B8: 21711575
A9: 41183 | B9: 23163953
A10: 41275 | B10: 19712531
A11: 41365 | B11: 21028104
A12: 41456 | B12: 22039092
A13: 41548 | B13: 23753372
... A62: 46023 | B62: 32837291

Sheet IPI
A1: SDDS Data Category | B1: Unit Description | C1: 01.2015 | D1: 02.2015 | E1: 03.2015 | F1: 04.2015 | G1: 05.2015 | H1: 06.2015 | I1: 07.2015 | J1: 08.2015 | K1: 09.2015 | L1: 10.2015 | M1: 11.2015 | N1: 12.2015 | O1: 01.2016 | P1: 02.2016 | Q1: 03.2016 | R1: 04.2016 | S1: 05.2016 | T1: 06.2016 | U1: 07.2016 | V1: 08.2016 | W1: 09.2016 | X1: 10.2016 | Y1: 11.2016 | Z1: 12.2016 | AA1: 01.2017 | AB1: 02.2017 | AC1: 03.2017 | AD1: 04.2017 | AE1: 05.2017 | AF1: 06.2017 | AG1: 07.2017 | AH1: 08.2017 | AI1: 09.2017 | AJ1: 10.2017 | AK1: 11.2017 | AL1: 12.2017 | AM1: 01.2018 | AN1: 02.2018 | AO1: 03.2018 | AP1: 04.2018 | AQ1: 05.2018 | AR1: 06.2018 | AS1: 07.2018 | AT1: 08.2018 | AU1: 09.2018 | AV1: 10.2018 | AW1: 11.2018 | AX1: 12.2018 | AY1: 01.2019 | AZ1: 02.2019 | BA1: 03.2019 | BB1: 04.2019 | BC1: 05.2019 | BD1: 06.2019 | BE1: 07.2019 | BF1: 08.2019 | BG1: 09.2019 | BH1: 10.2019 | BI1: 11.2019 | BJ1: 12.2019 | BK1: 01.2020 | BL1: 02.2020 | BM1: 03.2020 | BN1: 04.2020 | BO1: 05.2020 | BP1: 06.2020 | BQ1: 07.2020 | BR1: 08.2020 | BS1: 09.2020 | BT1: 10.2020 | BU1: 11.2020 | BV1: 12.2020 | BW1: 01.2021 | BX1: 02.2021 | BY1: 03.2021 | BZ1: 04.2021 | CA1: 05.2021 | CB1: 06.2021 | CC1: 07.2021 | CD1: 08.2021 | CE1: 09.2021 | CF1: 10.2021 | CG1: 11.2021 | CH1: 12.2021 | CI1: 01.2022 | CJ1: 02.2022 | CK1: 03.2022 | CL1: 04.2022 | CM1: 05.2022 | CN1: 06.2022 | CO1: 07.2022 | CP1: 08.2022 | CQ1: 09.2022 | CR1: 10.2022 | CS1: 11.2022 | CT1: 12.2022 | CU1: 01.2023 | CV1: 02.2023 | CW1: 03.2023 | CX1: 04.2023 | CY1: 05.2023 | CZ1: 06.2023 | DA1: 07.2023 | DB1: 08.2023 | DC1: 09.2023 | DD1: 10.2023 | DE1: 11.2023 | DF1: 12.2023 | DG1: 01.2024 | DH1: 02.2024 | DI1: 03.2024 | DJ1: 04.2024 | DK1: 05.2024 | DL1: 06.2024 | DM1: 07.2024 | DN1: 08.2024 | DO1: 09.2024 | DP1: 10.2024 | DQ1: 11.2024 | DR1: 12.2024 | DS1: 01.2025 | DT1: 02.2025 | DU1: 03.2025 | DV1: 04.2025 | DW1: 05.2025 | DX1: 06.2025 | DY1: 07.2025 | DZ1: 08.2025 | EA1: 09.2025 | EB1: 10.2025 | EC1: 11.2025 | ED1: 12.2025 | EE1: 01.2026 | EF1: 02.2026 | EG1: 03.2026 | EH1: 04.2026 | EI1: 05.2026 | EJ1: 06.2026
A2: Industrial Production Index * | B2: 2023=100 | C2: 76.4 | D2: 74.2 | E2: 82.3 | F2: 78.4 | G2: 77.6 | H2: 78.8 | I2: 79.8 | J2: 80.2 | K2: 81 | L2: 85.3 | M2: 84.8 | N2: 91.5 | O2: 75.7 | P2: 75.8 | Q2: 83.1 | R2: 78.4 | S2: 78 | T2: 79.8 | U2: 80.2 | V2: 82 | W2: 83.1 | X2: 87.9 | Y2: 89.3 | Z2: 95.2 | AA2: 80.8 | AB2: 77.1 | AC2: 86.2 | AD2: 81.9 | AE2: 83 | AF2: 84.2 | AG2: 83.9 | AH2: 86.3 | AI2: 86.5 | AJ2: 89.9 | AK2: 90.3 | AL2: 95.5 | AM2: 82.9 | AN2: 79.5 | AO2: 88.5 | AP2: 84.4 | AQ2: 85.8 | AR2: 86 | AS2: 86.8 | AT2: 88.7 | AU2: 88.5 | AV2: 94.7 | AW2: 94.3 | AX2: 101.6 | AY2: 85.2 | AZ2: 82.8 | BA2: 91 | BB2: 88.9 | BC2: 86.8 | BD2: 88.8 | BE2: 90.6 | BF2: 92.2 | BG2: 93 | BH2: 98.9 | BI2: 95.7 | BJ2: 104.3 | BK2: 86.6 | BL2: 87 | BM2: 93.5 | BN2: 84.9 | BO2: 79.9 | BP2: 82.8 | BQ2: 85.4 | BR2: 88.4 | BS2: 89.6 | BT2: 93.5 | BU2: 94.6 | BV2: 108.1 | BW2: 85.1 | BX2: 84.6 | BY2: 96.1 | BZ2: 92.5 | CA2: 90.4 | CB2: 92.3 | CC2: 92.2 | CD2: 93.4 | CE2: 96.7 | CF2: 101.4 | CG2: 102.2 | CH2: 116.3 | CI2: 92.8 | CJ2: 90.2 | CK2: 99.6 | CL2: 90.8 | CM2: 89.1 | CN2: 91.1 | CO2: 92.7 | CP2: 94.2 | CQ2: 94.7 | CR2: 99.9 | CS2: 102 | CT2: 113.8 | CU2: 91 | CV2: 89.1 | CW2: 101.1 | CX2: 95.6 | CY2: 95.6 | CZ2: 96.6 | DA2: 98.2 | DB2: 100.4 | DC2: 101.1 | DD2: 106.1 | DE2: 107.3 | DF2: 118 | DG2: 95.8 | DH2: 97.1 | DI2: 105.5 | DJ2: 100.5 | DK2: 101.6 | DL2: 99.2 | DM2: 102 | DN2: 103.4 | DO2: 104 | DP2: 111.8 | DQ2: 111.3 | DR2: 128.2 | DS2: 96.7 | DT2: 96.1 | DU2: 105.6 | DV2: 101.8 | DW2: 102.7 | DX2: 101.3 | DY2: 103.5 | DZ2: 104.5 | EA2: 105.3 | EB2: 114.6 | EC2: 111.7 | ED2: 132.9 | EE2: 101.4 | EF2: 100.2 | EG2: 112.6 | EH2: 108 | EI2: 106.2 | EJ2: 105.5
A4: * The indicator “Industrial Production Index” are calculated by types of activity: “Mining and quarrying of natural minerals”, “Manufacturing”, “Electricity, gas and steam supply; air conditioning”, “Water supply; water disposal, organizing of collection and utilization of wastes, activities on liquidation of pollution”. Data by month are given in % to the average monthly value for 2023. Excluding statistical information on: Lugansk People’s Republic, Donetsk People’s Republic, Kherson Region and Zaporozhye Region.
A6: 01.2015 | B6: 2015 | C6: =B6&"-"&TEXT(A6,"00") -> 2015-01 | D6: 76.4
A7: 02.2015 | B7: 2015 | C7: =B7&"-"&TEXT(A7,"00") -> 2015-02 | D7: 74.2
A8: 03.2015 | B8: 2015 | C8: =B8&"-"&TEXT(A8,"00") -> 2015-03 | D8: 82.3
A9: 04.2015 | B9: 2015 | C9: =B9&"-"&TEXT(A9,"00") -> 2015-04 | D9: 78.4
A10: 05.2015 | B10: 2015 | C10: =B10&"-"&TEXT(A10,"00") -> 2015-05 | D10: 77.6
A11: 06.2015 | B11: 2015 | C11: =B11&"-"&TEXT(A11,"00") -> 2015-06 | D11: 78.8
A12: 07.2015 | B12: 2015 | C12: =B12&"-"&TEXT(A12,"00") -> 2015-07 | D12: 79.8
A13: 08.2015 | B13: 2015 | C13: =B13&"-"&TEXT(A13,"00") -> 2015-08 | D13: 80.2
A14: 09.2015 | B14: 2015 | C14: =B14&"-"&TEXT(A14,"00") -> 2015-09 | D14: 81
A15: 10.2015 | B15: 2015 | C15: =B15&"-"&TEXT(A15,"00") -> 2015-10 | D15: 85.3
A16: 11.2015 | B16: 2015 | C16: =B16&"-"&TEXT(A16,"00") -> 2015-11 | D16: 84.8
A17: 12.2015 | B17: 2015 | C17: =B17&"-"&TEXT(A17,"00") -> 2015-12 | D17: 91.5
... A143: 06.2026 | B143: 2026 | C143: =B143&"-"&TEXT(A143,"00") -> 2026-06 | D143: 105.5

Sheet Sheet1
A1: Date Full | B1: GDP | C1: IPI Date | D1: IPI Quarter | E1: Index Value | F1: Quarterly sum | G1: Monthly proportion | H1: Monthly GDP
A2: =DATE(2011,1,1) -> 40544 | B2: =VLOOKUP(A2,Quarterly!$A$2:$B$62,2,FALSE) -> 18440084
A3: =EDATE(A2,1) -> 40575 | B3: =B2 -> 18440084
A4: =EDATE(A3,1) -> 40603 | B4: =B3 -> 18440084
A5: =EDATE(A4,1) -> 40634 | B5: =VLOOKUP(A5,Quarterly!$A$2:$B$62,2,FALSE) -> 19714798
A6: =EDATE(A5,1) -> 40664 | B6: =B5 -> 19714798
A7: =EDATE(A6,1) -> 40695 | B7: =B6 -> 19714798
A8: =EDATE(A7,1) -> 40725 | B8: =VLOOKUP(A8,Quarterly!$A$2:$B$62,2,FALSE) -> 20978424
A9: =EDATE(A8,1) -> 40756 | B9: =B8 -> 20978424
A10: =EDATE(A9,1) -> 40787 | B10: =B9 -> 20978424
A11: =EDATE(A10,1) -> 40817 | B11: =VLOOKUP(A11,Quarterly!$A$2:$B$62,2,FALSE) -> 22617264
A12: =EDATE(A11,1) -> 40848 | B12: =B11 -> 22617264
A13: =EDATE(A12,1) -> 40878 | B13: =B12 -> 22617264
A14: =EDATE(A13,1) -> 40909 | B14: =VLOOKUP(A14,Quarterly!$A$2:$B$62,2,FALSE) -> 19492308
A15: =EDATE(A14,1) -> 40940 | B15: =B14 -> 19492308
A16: =EDATE(A15,1) -> 40969 | B16: =B15 -> 19492308
A17: =EDATE(A16,1) -> 41000 | B17: =VLOOKUP(A17,Quarterly!$A$2:$B$62,2,FALSE) -> 20672447
A18: =EDATE(A17,1) -> 41030 | B18: =B17 -> 20672447
A19: =EDATE(A18,1) -> 41061 | B19: =B18 -> 20672447
A20: =EDATE(A19,1) -> 41091 | B20: =VLOOKUP(A20,Quarterly!$A$2:$B$62,2,FALSE) -> 21711575
A21: =EDATE(A20,1) -> 41122 | B21: =B20 -> 21711575
A22: =EDATE(A21,1) -> 41153 | B22: =B21 -> 21711575
A23: =EDATE(A22,1) -> 41183 | B23: =VLOOKUP(A23,Quarterly!$A$2:$B$62,2,FALSE) -> 23163953
A24: =EDATE(A23,1) -> 41214 | B24: =B23 -> 23163953
A25: =EDATE(A24,1) -> 41244 | B25: =B24 -> 23163953
A26: =EDATE(A25,1) -> 41275 | B26: =VLOOKUP(A26,Quarterly!$A$2:$B$62,2,FALSE) -> 19712531
A27: =EDATE(A26,1) -> 41306 | B27: =B26 -> 19712531
A28: =EDATE(A27,1) -> 41334 | B28: =B27 -> 19712531
A29: =EDATE(A28,1) -> 41365 | B29: =VLOOKUP(A29,Quarterly!$A$2:$B$62,2,FALSE) -> 21028104
A30: =EDATE(A29,1) -> 41395 | B30: =B29 -> 21028104
A31: =EDATE(A30,1) -> 41426 | B31: =B30 -> 21028104
A32: =EDATE(A31,1) -> 41456 | B32: =VLOOKUP(A32,Quarterly!$A$2:$B$62,2,FALSE) -> 22039092
A33: =EDATE(A32,1) -> 41487 | B33: =B32 -> 22039092
A34: =EDATE(A33,1) -> 41518 | B34: =B33 -> 22039092
A35: =EDATE(A34,1) -> 41548 | B35: =VLOOKUP(A35,Quarterly!$A$2:$B$62,2,FALSE) -> 23753372
A36: =EDATE(A35,1) -> 41579 | B36: =B35 -> 23753372
A37: =EDATE(A36,1) -> 41609 | B37: =B36 -> 23753372
A38: =EDATE(A37,1) -> 41640 | B38: =VLOOKUP(A38,Quarterly!$A$2:$B$62,2,FALSE) -> 28173675
A39: =EDATE(A38,1) -> 41671 | B39: =B38 -> 28173675
A40: =EDATE(A39,1) -> 41699 | B40: =B39 -> 28173675
A41: =EDATE(A40,1) -> 41730 | B41: =VLOOKUP(A41,Quarterly!$A$2:$B$62,2,FALSE) -> 30467302
A42: =EDATE(A41,1) -> 41760 | B42: =B41 -> 30467302
A43: =EDATE(A42,1) -> 41791 | B43: =B42 -> 30467302
A44: =EDATE(A43,1) -> 41821 | B44: =VLOOKUP(A44,Quarterly!$A$2:$B$62,2,FALSE) -> 31833921
A45: =EDATE(A44,1) -> 41852 | B45: =B44 -> 31833921
A46: =EDATE(A45,1) -> 41883 | B46: =B45 -> 31833921
A47: =EDATE(A46,1) -> 41913 | B47: =VLOOKUP(A47,Quarterly!$A$2:$B$62,2,FALSE) -> 33938290
A48: =EDATE(A47,1) -> 41944 | B48: =B47 -> 33938290
A49: =EDATE(A48,1) -> 41974 | B49: =B48 -> 33938290
A50: =EDATE(A49,1) -> 42005 | B50: =VLOOKUP(A50,Quarterly!$A$2:$B$62,2,FALSE) -> 27743682 | C50: 2015-01 | D50: ="Q"&ROUNDUP(MONTH(A50)/3,0)&TEXT(A50,"-yyyy") -> Q1-2015 | E50: =VLOOKUP(C50,IPI!$C$6:$D$143,2,FALSE) -> 76.4 | F50: =SUMIFS($E$50:$E$181,$D$50:$D$181,D50) -> 232.9 | G50: =E50/F50 -> 0.32803778 | H50: =G50*B50 -> 9100976.1
A51: =EDATE(A50,1) -> 42036 | B51: =B50 -> 27743682 | C51: 2015-02 | D51: ="Q"&ROUNDUP(MONTH(A51)/3,0)&TEXT(A51,"-yyyy") -> Q1-2015 | E51: =VLOOKUP(C51,IPI!$C$6:$D$143,2,FALSE) -> 74.2 | F51: =SUMIFS($E$50:$E$181,$D$50:$D$181,D51) -> 232.9 | G51: =E51/F51 -> 0.31859167 | H51: =G51*B51 -> 8838906.1
A52: =EDATE(A51,1) -> 42064 | B52: =B51 -> 27743682 | C52: 2015-03 | D52: ="Q"&ROUNDUP(MONTH(A52)/3,0)&TEXT(A52,"-yyyy") -> Q1-2015 | E52: =VLOOKUP(C52,IPI!$C$6:$D$143,2,FALSE) -> 82.3 | F52: =SUMIFS($E$50:$E$181,$D$50:$D$181,D52) -> 232.9 | G52: =E52/F52 -> 0.35337055 | H52: =G52*B52 -> 9803800.2
A53: =EDATE(A52,1) -> 42095 | B53: =VLOOKUP(A53,Quarterly!$A$2:$B$62,2,FALSE) -> 29526184 | C53: 2015-04 | D53: ="Q"&ROUNDUP(MONTH(A53)/3,0)&TEXT(A53,"-yyyy") -> Q2-2015 | E53: =VLOOKUP(C53,IPI!$C$6:$D$143,2,FALSE) -> 78.4 | F53: =SUMIFS($E$50:$E$181,$D$50:$D$181,D53) -> 234.8 | G53: =E53/F53 -> 0.33390119 | H53: =G53*B53 -> 9858828.1
A54: =EDATE(A53,1) -> 42125 | B54: =B53 -> 29526184 | C54: 2015-05 | D54: ="Q"&ROUNDUP(MONTH(A54)/3,0)&TEXT(A54,"-yyyy") -> Q2-2015 | E54: =VLOOKUP(C54,IPI!$C$6:$D$143,2,FALSE) -> 77.6 | F54: =SUMIFS($E$50:$E$181,$D$50:$D$181,D54) -> 234.8 | G54: =E54/F54 -> 0.33049404 | H54: =G54*B54 -> 9758227.9
A55: =EDATE(A54,1) -> 42156 | B55: =B54 -> 29526184 | C55: 2015-06 | D55: ="Q"&ROUNDUP(MONTH(A55)/3,0)&TEXT(A55,"-yyyy") -> Q2-2015 | E55: =VLOOKUP(C55,IPI!$C$6:$D$143,2,FALSE) -> 78.8 | F55: =SUMIFS($E$50:$E$181,$D$50:$D$181,D55) -> 234.8 | G55: =E55/F55 -> 0.33560477 | H55: =G55*B55 -> 9909128.3
A56: =EDATE(A55,1) -> 42186 | B56: =VLOOKUP(A56,Quarterly!$A$2:$B$62,2,FALSE) -> 31292771 | C56: 2015-07 | D56: ="Q"&ROUNDUP(MONTH(A56)/3,0)&TEXT(A56,"-yyyy") -> Q3-2015 | E56: =VLOOKUP(C56,IPI!$C$6:$D$143,2,FALSE) -> 79.8 | F56: =SUMIFS($E$50:$E$181,$D$50:$D$181,D56) -> 241 | G56: =E56/F56 -> 0.33112033 | H56: =G56*B56 -> 10361673
A57: =EDATE(A56,1) -> 42217 | B57: =B56 -> 31292771 | C57: 2015-08 | D57: ="Q"&ROUNDUP(MONTH(A57)/3,0)&TEXT(A57,"-yyyy") -> Q3-2015 | E57: =VLOOKUP(C57,IPI!$C$6:$D$143,2,FALSE) -> 80.2 | F57: =SUMIFS($E$50:$E$181,$D$50:$D$181,D57) -> 241 | G57: =E57/F57 -> 0.33278008 | H57: =G57*B57 -> 10413611
A58: =EDATE(A57,1) -> 42248 | B58: =B57 -> 31292771 | C58: 2015-09 | D58: ="Q"&ROUNDUP(MONTH(A58)/3,0)&TEXT(A58,"-yyyy") -> Q3-2015 | E58: =VLOOKUP(C58,IPI!$C$6:$D$143,2,FALSE) -> 81 | F58: =SUMIFS($E$50:$E$181,$D$50:$D$181,D58) -> 241 | G58: =E58/F58 -> 0.33609959 | H58: =G58*B58 -> 10517487
A59: =EDATE(A58,1) -> 42278 | B59: =VLOOKUP(A59,Quarterly!$A$2:$B$62,2,FALSE) -> 33396226 | C59: 2015-10 | D59: ="Q"&ROUNDUP(MONTH(A59)/3,0)&TEXT(A59,"-yyyy") -> Q4-2015 | E59: =VLOOKUP(C59,IPI!$C$6:$D$143,2,FALSE) -> 85.3 | F59: =SUMIFS($E$50:$E$181,$D$50:$D$181,D59) -> 261.6 | G59: =E59/F59 -> 0.32607034 | H59: =G59*B59 -> 10889519
A60: =EDATE(A59,1) -> 42309 | B60: =B59 -> 33396226 | C60: 2015-11 | D60: ="Q"&ROUNDUP(MONTH(A60)/3,0)&TEXT(A60,"-yyyy") -> Q4-2015 | E60: =VLOOKUP(C60,IPI!$C$6:$D$143,2,FALSE) -> 84.8 | F60: =SUMIFS($E$50:$E$181,$D$50:$D$181,D60) -> 261.6 | G60: =E60/F60 -> 0.32415902 | H60: =G60*B60 -> 10825688
A61: =EDATE(A60,1) -> 42339 | B61: =B60 -> 33396226 | C61: 2015-12 | D61: ="Q"&ROUNDUP(MONTH(A61)/3,0)&TEXT(A61,"-yyyy") -> Q4-2015 | E61: =VLOOKUP(C61,IPI!$C$6:$D$143,2,FALSE) -> 91.5 | F61: =SUMIFS($E$50:$E$181,$D$50:$D$181,D61) -> 261.6 | G61: =E61/F61 -> 0.34977064 | H61: =G61*B61 -> 11681019
A62: =EDATE(A61,1) -> 42370 | B62: =VLOOKUP(A62,Quarterly!$A$2:$B$62,2,FALSE) -> 27686568 | C62: 2016-01 | D62: ="Q"&ROUNDUP(MONTH(A62)/3,0)&TEXT(A62,"-yyyy") -> Q1-2016 | E62: =VLOOKUP(C62,IPI!$C$6:$D$143,2,FALSE) -> 75.7 | F62: =SUMIFS($E$50:$E$181,$D$50:$D$181,D62) -> 234.6 | G62: =E62/F62 -> 0.3226769 | H62: =G62*B62 -> 8933815.9
A63: =EDATE(A62,1) -> 42401 | B63: =B62 -> 27686568 | C63: 2016-02 | D63: ="Q"&ROUNDUP(MONTH(A63)/3,0)&TEXT(A63,"-yyyy") -> Q1-2016 | E63: =VLOOKUP(C63,IPI!$C$6:$D$143,2,FALSE) -> 75.8 | F63: =SUMIFS($E$50:$E$181,$D$50:$D$181,D63) -> 234.6 | G63: =E63/F63 -> 0.32310315 | H63: =G63*B63 -> 8945617.5
A64: =EDATE(A63,1) -> 42430 | B64: =B63 -> 27686568 | C64: 2016-03 | D64: ="Q"&ROUNDUP(MONTH(A64)/3,0)&TEXT(A64,"-yyyy") -> Q1-2016 | E64: =VLOOKUP(C64,IPI!$C$6:$D$143,2,FALSE) -> 83.1 | F64: =SUMIFS($E$50:$E$181,$D$50:$D$181,D64) -> 234.6 | G64: =E64/F64 -> 0.35421995 | H64: =G64*B64 -> 9807134.7
A65: =EDATE(A64,1) -> 42461 | B65: =VLOOKUP(A65,Quarterly!$A$2:$B$62,2,FALSE) -> 29621129 | C65: 2016-04 | D65: ="Q"&ROUNDUP(MONTH(A65)/3,0)&TEXT(A65,"-yyyy") -> Q2-2016 | E65: =VLOOKUP(C65,IPI!$C$6:$D$143,2,FALSE) -> 78.4 | F65: =SUMIFS($E$50:$E$181,$D$50:$D$181,D65) -> 236.2 | G65: =E65/F65 -> 0.3319221 | H65: =G65*B65 -> 9831907.4
A66: =EDATE(A65,1) -> 42491 | B66: =B65 -> 29621129 | C66: 2016-05 | D66: ="Q"&ROUNDUP(MONTH(A66)/3,0)&TEXT(A66,"-yyyy") -> Q2-2016 | E66: =VLOOKUP(C66,IPI!$C$6:$D$143,2,FALSE) -> 78 | F66: =SUMIFS($E$50:$E$181,$D$50:$D$181,D66) -> 236.2 | G66: =E66/F66 -> 0.33022862 | H66: =G66*B66 -> 9781744.6
A67: =EDATE(A66,1) -> 42522 | B67: =B66 -> 29621129 | C67: 2016-06 | D67: ="Q"&ROUNDUP(MONTH(A67)/3,0)&TEXT(A67,"-yyyy") -> Q2-2016 | E67: =VLOOKUP(C67,IPI!$C$6:$D$143,2,FALSE) -> 79.8 | F67: =SUMIFS($E$50:$E$181,$D$50:$D$181,D67) -> 236.2 | G67: =E67/F67 -> 0.33784928 | H67: =G67*B67 -> 10007477
A68: =EDATE(A67,1) -> 42552 | B68: =VLOOKUP(A68,Quarterly!$A$2:$B$62,2,FALSE) -> 31311266 | C68: 2016-07 | D68: ="Q"&ROUNDUP(MONTH(A68)/3,0)&TEXT(A68,"-yyyy") -> Q3-2016 | E68: =VLOOKUP(C68,IPI!$C$6:$D$143,2,FALSE) -> 80.2 | F68: =SUMIFS($E$50:$E$181,$D$50:$D$181,D68) -> 245.3 | G68: =E68/F68 -> 0.3269466 | H68: =G68*B68 -> 10237112
A69: =EDATE(A68,1) -> 42583 | B69: =B68 -> 31311266 | C69: 2016-08 | D69: ="Q"&ROUNDUP(MONTH(A69)/3,0)&TEXT(A69,"-yyyy") -> Q3-2016 | E69: =VLOOKUP(C69,IPI!$C$6:$D$143,2,FALSE) -> 82 | F69: =SUMIFS($E$50:$E$181,$D$50:$D$181,D69) -> 245.3 | G69: =E69/F69 -> 0.33428455 | H69: =G69*B69 -> 10466872
A70: =EDATE(A69,1) -> 42614 | B70: =B69 -> 31311266 | C70: 2016-09 | D70: ="Q"&ROUNDUP(MONTH(A70)/3,0)&TEXT(A70,"-yyyy") -> Q3-2016 | E70: =VLOOKUP(C70,IPI!$C$6:$D$143,2,FALSE) -> 83.1 | F70: =SUMIFS($E$50:$E$181,$D$50:$D$181,D70) -> 245.3 | G70: =E70/F70 -> 0.33876885 | H70: =G70*B70 -> 10607282
A71: =EDATE(A70,1) -> 42644 | B71: =VLOOKUP(A71,Quarterly!$A$2:$B$62,2,FALSE) -> 33576100 | C71: 2016-10 | D71: ="Q"&ROUNDUP(MONTH(A71)/3,0)&TEXT(A71,"-yyyy") -> Q4-2016 | E71: =VLOOKUP(C71,IPI!$C$6:$D$143,2,FALSE) -> 87.9 | F71: =SUMIFS($E$50:$E$181,$D$50:$D$181,D71) -> 272.4 | G71: =E71/F71 -> 0.32268722 | H71: =G71*B71 -> 10834579
A72: =EDATE(A71,1) -> 42675 | B72: =B71 -> 33576100 | C72: 2016-11 | D72: ="Q"&ROUNDUP(MONTH(A72)/3,0)&TEXT(A72,"-yyyy") -> Q4-2016 | E72: =VLOOKUP(C72,IPI!$C$6:$D$143,2,FALSE) -> 89.3 | F72: =SUMIFS($E$50:$E$181,$D$50:$D$181,D72) -> 272.4 | G72: =E72/F72 -> 0.32782673 | H72: =G72*B72 -> 11007143
A73: =EDATE(A72,1) -> 42705 | B73: =B72 -> 33576100 | C73: 2016-12 | D73: ="Q"&ROUNDUP(MONTH(A73)/3,0)&TEXT(A73,"-yyyy") -> Q4-2016 | E73: =VLOOKUP(C73,IPI!$C$6:$D$143,2,FALSE) -> 95.2 | F73: =SUMIFS($E$50:$E$181,$D$50:$D$181,D73) -> 272.4 | G73: =E73/F73 -> 0.34948605 | H73: =G73*B73 -> 11734379
A74: =EDATE(A73,1) -> 42736 | B74: =VLOOKUP(A74,Quarterly!$A$2:$B$62,2,FALSE) -> 28049401 | C74: 2017-01 | D74: ="Q"&ROUNDUP(MONTH(A74)/3,0)&TEXT(A74,"-yyyy") -> Q1-2017 | E74: =VLOOKUP(C74,IPI!$C$6:$D$143,2,FALSE) -> 80.8 | F74: =SUMIFS($E$50:$E$181,$D$50:$D$181,D74) -> 244.1 | G74: =E74/F74 -> 0.33101188 | H74: =G74*B74 -> 9284685
A75: =EDATE(A74,1) -> 42767 | B75: =B74 -> 28049401 | C75: 2017-02 | D75: ="Q"&ROUNDUP(MONTH(A75)/3,0)&TEXT(A75,"-yyyy") -> Q1-2017 | E75: =VLOOKUP(C75,IPI!$C$6:$D$143,2,FALSE) -> 77.1 | F75: =SUMIFS($E$50:$E$181,$D$50:$D$181,D75) -> 244.1 | G75: =E75/F75 -> 0.31585416 | H75: =G75*B75 -> 8859519.9
A76: =EDATE(A75,1) -> 42795 | B76: =B75 -> 28049401 | C76: 2017-03 | D76: ="Q"&ROUNDUP(MONTH(A76)/3,0)&TEXT(A76,"-yyyy") -> Q1-2017 | E76: =VLOOKUP(C76,IPI!$C$6:$D$143,2,FALSE) -> 86.2 | F76: =SUMIFS($E$50:$E$181,$D$50:$D$181,D76) -> 244.1 | G76: =E76/F76 -> 0.35313396 | H76: =G76*B76 -> 9905196.1
A77: =EDATE(A76,1) -> 42826 | B77: =VLOOKUP(A77,Quarterly!$A$2:$B$62,2,FALSE) -> 30314841 | C77: 2017-04 | D77: ="Q"&ROUNDUP(MONTH(A77)/3,0)&TEXT(A77,"-yyyy") -> Q2-2017 | E77: =VLOOKUP(C77,IPI!$C$6:$D$143,2,FALSE) -> 81.9 | F77: =SUMIFS($E$50:$E$181,$D$50:$D$181,D77) -> 249.1 | G77: =E77/F77 -> 0.32878362 | H77: =G77*B77 -> 9967023.3
A78: =EDATE(A77,1) -> 42856 | B78: =B77 -> 30314841 | C78: 2017-05 | D78: ="Q"&ROUNDUP(MONTH(A78)/3,0)&TEXT(A78,"-yyyy") -> Q2-2017 | E78: =VLOOKUP(C78,IPI!$C$6:$D$143,2,FALSE) -> 83 | F78: =SUMIFS($E$50:$E$181,$D$50:$D$181,D78) -> 249.1 | G78: =E78/F78 -> 0.33319952 | H78: =G78*B78 -> 10100891
A79: =EDATE(A78,1) -> 42887 | B79: =B78 -> 30314841 | C79: 2017-06 | D79: ="Q"&ROUNDUP(MONTH(A79)/3,0)&TEXT(A79,"-yyyy") -> Q2-2017 | E79: =VLOOKUP(C79,IPI!$C$6:$D$143,2,FALSE) -> 84.2 | F79: =SUMIFS($E$50:$E$181,$D$50:$D$181,D79) -> 249.1 | G79: =E79/F79 -> 0.33801686 | H79: =G79*B79 -> 10246927
A80: =EDATE(A79,1) -> 42917 | B80: =VLOOKUP(A80,Quarterly!$A$2:$B$62,2,FALSE) -> 32137397 | C80: 2017-07 | D80: ="Q"&ROUNDUP(MONTH(A80)/3,0)&TEXT(A80,"-yyyy") -> Q3-2017 | E80: =VLOOKUP(C80,IPI!$C$6:$D$143,2,FALSE) -> 83.9 | F80: =SUMIFS($E$50:$E$181,$D$50:$D$181,D80) -> 256.7 | G80: =E80/F80 -> 0.32684067 | H80: =G80*B80 -> 10503808
A81: =EDATE(A80,1) -> 42948 | B81: =B80 -> 32137397 | C81: 2017-08 | D81: ="Q"&ROUNDUP(MONTH(A81)/3,0)&TEXT(A81,"-yyyy") -> Q3-2017 | E81: =VLOOKUP(C81,IPI!$C$6:$D$143,2,FALSE) -> 86.3 | F81: =SUMIFS($E$50:$E$181,$D$50:$D$181,D81) -> 256.7 | G81: =E81/F81 -> 0.33619011 | H81: =G81*B81 -> 10804275
A82: =EDATE(A81,1) -> 42979 | B82: =B81 -> 32137397 | C82: 2017-09 | D82: ="Q"&ROUNDUP(MONTH(A82)/3,0)&TEXT(A82,"-yyyy") -> Q3-2017 | E82: =VLOOKUP(C82,IPI!$C$6:$D$143,2,FALSE) -> 86.5 | F82: =SUMIFS($E$50:$E$181,$D$50:$D$181,D82) -> 256.7 | G82: =E82/F82 -> 0.33696922 | H82: =G82*B82 -> 10829314
A83: =EDATE(A82,1) -> 43009 | B83: =VLOOKUP(A83,Quarterly!$A$2:$B$62,2,FALSE) -> 33925568 | C83: 2017-10 | D83: ="Q"&ROUNDUP(MONTH(A83)/3,0)&TEXT(A83,"-yyyy") -> Q4-2017 | E83: =VLOOKUP(C83,IPI!$C$6:$D$143,2,FALSE) -> 89.9 | F83: =SUMIFS($E$50:$E$181,$D$50:$D$181,D83) -> 275.7 | G83: =E83/F83 -> 0.32607907 | H83: =G83*B83 -> 11062418
A84: =EDATE(A83,1) -> 43040 | B84: =B83 -> 33925568 | C84: 2017-11 | D84: ="Q"&ROUNDUP(MONTH(A84)/3,0)&TEXT(A84,"-yyyy") -> Q4-2017 | E84: =VLOOKUP(C84,IPI!$C$6:$D$143,2,FALSE) -> 90.3 | F84: =SUMIFS($E$50:$E$181,$D$50:$D$181,D84) -> 275.7 | G84: =E84/F84 -> 0.32752992 | H84: =G84*B84 -> 11111639
A85: =EDATE(A84,1) -> 43070 | B85: =B84 -> 33925568 | C85: 2017-12 | D85: ="Q"&ROUNDUP(MONTH(A85)/3,0)&TEXT(A85,"-yyyy") -> Q4-2017 | E85: =VLOOKUP(C85,IPI!$C$6:$D$143,2,FALSE) -> 95.5 | F85: =SUMIFS($E$50:$E$181,$D$50:$D$181,D85) -> 275.7 | G85: =E85/F85 -> 0.346391 | H85: =G85*B85 -> 11751511
A86: =EDATE(A85,1) -> 43101 | B86: =VLOOKUP(A86,Quarterly!$A$2:$B$62,2,FALSE) -> 28768440 | C86: 2018-01 | D86: ="Q"&ROUNDUP(MONTH(A86)/3,0)&TEXT(A86,"-yyyy") -> Q1-2018 | E86: =VLOOKUP(C86,IPI!$C$6:$D$143,2,FALSE) -> 82.9 | F86: =SUMIFS($E$50:$E$181,$D$50:$D$181,D86) -> 250.9 | G86: =E86/F86 -> 0.33041052 | H86: =G86*B86 -> 9505395.1
A87: =EDATE(A86,1) -> 43132 | B87: =B86 -> 28768440 | C87: 2018-02 | D87: ="Q"&ROUNDUP(MONTH(A87)/3,0)&TEXT(A87,"-yyyy") -> Q1-2018 | E87: =VLOOKUP(C87,IPI!$C$6:$D$143,2,FALSE) -> 79.5 | F87: =SUMIFS($E$50:$E$181,$D$50:$D$181,D87) -> 250.9 | G87: =E87/F87 -> 0.31685931 | H87: =G87*B87 -> 9115547.8
A88: =EDATE(A87,1) -> 43160 | B88: =B87 -> 28768440 | C88: 2018-03 | D88: ="Q"&ROUNDUP(MONTH(A88)/3,0)&TEXT(A88,"-yyyy") -> Q1-2018 | E88: =VLOOKUP(C88,IPI!$C$6:$D$143,2,FALSE) -> 88.5 | F88: =SUMIFS($E$50:$E$181,$D$50:$D$181,D88) -> 250.9 | G88: =E88/F88 -> 0.35273017 | H88: =G88*B88 -> 10147497
A89: =EDATE(A88,1) -> 43191 | B89: =VLOOKUP(A89,Quarterly!$A$2:$B$62,2,FALSE) -> 31142232 | C89: 2018-04 | D89: ="Q"&ROUNDUP(MONTH(A89)/3,0)&TEXT(A89,"-yyyy") -> Q2-2018 | E89: =VLOOKUP(C89,IPI!$C$6:$D$143,2,FALSE) -> 84.4 | F89: =SUMIFS($E$50:$E$181,$D$50:$D$181,D89) -> 256.2 | G89: =E89/F89 -> 0.32943013 | H89: =G89*B89 -> 10259190
A90: =EDATE(A89,1) -> 43221 | B90: =B89 -> 31142232 | C90: 2018-05 | D90: ="Q"&ROUNDUP(MONTH(A90)/3,0)&TEXT(A90,"-yyyy") -> Q2-2018 | E90: =VLOOKUP(C90,IPI!$C$6:$D$143,2,FALSE) -> 85.8 | F90: =SUMIFS($E$50:$E$181,$D$50:$D$181,D90) -> 256.2 | G90: =E90/F90 -> 0.33489461 | H90: =G90*B90 -> 10429366
A91: =EDATE(A90,1) -> 43252 | B91: =B90 -> 31142232 | C91: 2018-06 | D91: ="Q"&ROUNDUP(MONTH(A91)/3,0)&TEXT(A91,"-yyyy") -> Q2-2018 | E91: =VLOOKUP(C91,IPI!$C$6:$D$143,2,FALSE) -> 86 | F91: =SUMIFS($E$50:$E$181,$D$50:$D$181,D91) -> 256.2 | G91: =E91/F91 -> 0.33567525 | H91: =G91*B91 -> 10453677
A92: =EDATE(A91,1) -> 43282 | B92: =VLOOKUP(A92,Quarterly!$A$2:$B$62,2,FALSE) -> 32983895 | C92: 2018-07 | D92: ="Q"&ROUNDUP(MONTH(A92)/3,0)&TEXT(A92,"-yyyy") -> Q3-2018 | E92: =VLOOKUP(C92,IPI!$C$6:$D$143,2,FALSE) -> 86.8 | F92: =SUMIFS($E$50:$E$181,$D$50:$D$181,D92) -> 264 | G92: =E92/F92 -> 0.32878788 | H92: =G92*B92 -> 10844705
A93: =EDATE(A92,1) -> 43313 | B93: =B92 -> 32983895 | C93: 2018-08 | D93: ="Q"&ROUNDUP(MONTH(A93)/3,0)&TEXT(A93,"-yyyy") -> Q3-2018 | E93: =VLOOKUP(C93,IPI!$C$6:$D$143,2,FALSE) -> 88.7 | F93: =SUMIFS($E$50:$E$181,$D$50:$D$181,D93) -> 264 | G93: =E93/F93 -> 0.33598485 | H93: =G93*B93 -> 11082089
A94: =EDATE(A93,1) -> 43344 | B94: =B93 -> 32983895 | C94: 2018-09 | D94: ="Q"&ROUNDUP(MONTH(A94)/3,0)&TEXT(A94,"-yyyy") -> Q3-2018 | E94: =VLOOKUP(C94,IPI!$C$6:$D$143,2,FALSE) -> 88.5 | F94: =SUMIFS($E$50:$E$181,$D$50:$D$181,D94) -> 264 | G94: =E94/F94 -> 0.33522727 | H94: =G94*B94 -> 11057101
A95: =EDATE(A94,1) -> 43374 | B95: =VLOOKUP(A95,Quarterly!$A$2:$B$62,2,FALSE) -> 35024492 | C95: 2018-10 | D95: ="Q"&ROUNDUP(MONTH(A95)/3,0)&TEXT(A95,"-yyyy") -> Q4-2018 | E95: =VLOOKUP(C95,IPI!$C$6:$D$143,2,FALSE) -> 94.7 | F95: =SUMIFS($E$50:$E$181,$D$50:$D$181,D95) -> 290.6 | G95: =E95/F95 -> 0.32587749 | H95: =G95*B95 -> 11413694
A96: =EDATE(A95,1) -> 43405 | B96: =B95 -> 35024492 | C96: 2018-11 | D96: ="Q"&ROUNDUP(MONTH(A96)/3,0)&TEXT(A96,"-yyyy") -> Q4-2018 | E96: =VLOOKUP(C96,IPI!$C$6:$D$143,2,FALSE) -> 94.3 | F96: =SUMIFS($E$50:$E$181,$D$50:$D$181,D96) -> 290.6 | G96: =E96/F96 -> 0.32450103 | H96: =G96*B96 -> 11365484
A97: =EDATE(A96,1) -> 43435 | B97: =B96 -> 35024492 | C97: 2018-12 | D97: ="Q"&ROUNDUP(MONTH(A97)/3,0)&TEXT(A97,"-yyyy") -> Q4-2018 | E97: =VLOOKUP(C97,IPI!$C$6:$D$143,2,FALSE) -> 101.6 | F97: =SUMIFS($E$50:$E$181,$D$50:$D$181,D97) -> 290.6 | G97: =E97/F97 -> 0.34962147 | H97: =G97*B97 -> 12245314
A98: =EDATE(A97,1) -> 43466 | B98: =VLOOKUP(A98,Quarterly!$A$2:$B$62,2,FALSE) -> 29168260 | C98: 2019-01 | D98: ="Q"&ROUNDUP(MONTH(A98)/3,0)&TEXT(A98,"-yyyy") -> Q1-2019 | E98: =VLOOKUP(C98,IPI!$C$6:$D$143,2,FALSE) -> 85.2 | F98: =SUMIFS($E$50:$E$181,$D$50:$D$181,D98) -> 259 | G98: =E98/F98 -> 0.32895753 | H98: =G98*B98 -> 9595118.9
A99: =EDATE(A98,1) -> 43497 | B99: =B98 -> 29168260 | C99: 2019-02 | D99: ="Q"&ROUNDUP(MONTH(A99)/3,0)&TEXT(A99,"-yyyy") -> Q1-2019 | E99: =VLOOKUP(C99,IPI!$C$6:$D$143,2,FALSE) -> 82.8 | F99: =SUMIFS($E$50:$E$181,$D$50:$D$181,D99) -> 259 | G99: =E99/F99 -> 0.31969112 | H99: =G99*B99 -> 9324833.8
A100: =EDATE(A99,1) -> 43525 | B100: =B99 -> 29168260 | C100: 2019-03 | D100: ="Q"&ROUNDUP(MONTH(A100)/3,0)&TEXT(A100,"-yyyy") -> Q1-2019 | E100: =VLOOKUP(C100,IPI!$C$6:$D$143,2,FALSE) -> 91 | F100: =SUMIFS($E$50:$E$181,$D$50:$D$181,D100) -> 259 | G100: =E100/F100 -> 0.35135135 | H100: =G100*B100 -> 10248308
...

Sheet Final Cleaned
A1: date | B1: ru_gdp_m
A2: 2015-01-01 | B2: =Sheet1!H50 -> 9100976.1
A3: 2015-02-01 | B3: =Sheet1!H51 -> 8838906.1
A4: 2015-03-01 | B4: =Sheet1!H52 -> 9803800.2
A5: 2015-04-01 | B5: =Sheet1!H53 -> 9858828.1
A6: 2015-05-01 | B6: =Sheet1!H54 -> 9758227.9
A7: 2015-06-01 | B7: =Sheet1!H55 -> 9909128.3
A8: 2015-07-01 | B8: =Sheet1!H56 -> 10361673
A9: 2015-08-01 | B9: =Sheet1!H57 -> 10413611
A10: 2015-09-01 | B10: =Sheet1!H58 -> 10517487
A11: 2015-10-01 | B11: =Sheet1!H59 -> 10889519
A12: 2015-11-01 | B12: =Sheet1!H60 -> 10825688
A13: 2015-12-01 | B13: =Sheet1!H61 -> 11681019
... A136: 2026-03-01 | B136: =Sheet1!H184 -> 11767915
