Workbook

Sheet Worksheet
A1: Monetary Base and Aggregates of Broad Money
A2: mln of tenge/ end of period
A3: Initial date | B3: 08.00 | C3: 09.00 | D3: 10.00 | E3: 11.00 | F3: 12.00 | G3: 01.01 | H3: 02.01 | I3: 03.01 | J3: 04.01 | K3: 05.01 | L3: 06.01 | M3: 07.01 | N3: 08.01 | O3: 09.01 | P3: 10.01 | Q3: 11.01 | R3: 12.01 | S3: 01.02 | T3: 02.02 | U3: 03.02 | V3: 04.02 | W3: 05.02 | X3: 06.02 | Y3: 07.02 | Z3: 08.02 | AA3: 09.02 | AB3: 10.02 | AC3: 11.02 | AD3: 12.02 | AE3: 01.03 | AF3: 02.03 | AG3: 03.03 | AH3: 04.03 | AI3: 05.03 | AJ3: 06.03 | AK3: 07.03 | AL3: 08.03 | AM3: 09.03 | AN3: 10.03 | AO3: 11.03 | AP3: 12.03 | AQ3: 01.04 | AR3: 02.04 | AS3: 03.04 | AT3: 04.04 | AU3: 05.04 | AV3: 06.04 | AW3: 07.04 | AX3: 08.04 | AY3: 09.04 | AZ3: 10.04 | BA3: 11.04 | BB3: 12.04 | BC3: 01.05 | BD3: 02.05 | BE3: 03.05 | BF3: 04.05 | BG3: 05.05 | BH3: 06.05 | BI3: 07.05 | BJ3: 08.05 | BK3: 09.05 | BL3: 10.05 | BM3: 11.05 | BN3: 12.05 | BO3: 01.06 | BP3: 02.06 | BQ3: 03.06 | BR3: 04.06 | BS3: 05.06 | BT3: 06.06 | BU3: 07.06 | BV3: 08.06 | BW3: 09.06 | BX3: 10.06 | BY3: 11.06 | BZ3: 12.06 | CA3: 01.07 | CB3: 02.07 | CC3: 03.07 | CD3: 04.07 | CE3: 05.07 | CF3: 06.07 | CG3: 07.07 | CH3: 08.07 | CI3: 09.07 | CJ3: 10.07 | CK3: 11.07 | CL3: 12.07 | CM3: 01.08 | CN3: 02.08 | CO3: 03.08 | CP3: 04.08 | CQ3: 05.08 | CR3: 06.08 | CS3: 07.08 | CT3: 08.08 | CU3: 09.08 | CV3: 10.08 | CW3: 11.08 | CX3: 12.08 | CY3: 01.09 | CZ3: 02.09 | DA3: 03.09 | DB3: 04.09 | DC3: 05.09 | DD3: 06.09 | DE3: 07.09 | DF3: 08.09 | DG3: 09.09 | DH3: 10.09 | DI3: 11.09 | DJ3: 12.09 | DK3: 01.10 | DL3: 02.10 | DM3: 03.10 | DN3: 04.10 | DO3: 05.10 | DP3: 06.10 | DQ3: 07.10 | DR3: 08.10 | DS3: 09.10 | DT3: 10.10 | DU3: 11.10 | DV3: 12.10 | DW3: 01.11 | DX3: 02.11 | DY3: 03.11 | DZ3: 04.11 | EA3: 05.11 | EB3: 06.11 | EC3: 07.11 | ED3: 08.11 | EE3: 09.11 | EF3: 10.11 | EG3: 11.11 | EH3: 12.11 | EI3: 01.12 | EJ3: 02.12 | EK3: 03.12 | EL3: 04.12 | EM3: 05.12 | EN3: 06.12 | EO3: 07.12 | EP3: 08.12 | EQ3: 09.12 | ER3: 10.12 | ES3: 11.12 | ET3: 12.12 | EU3: 01.13 | EV3: 02.13 | EW3: 03.13 | EX3: 04.13 | EY3: 05.13 | EZ3: 06.13 | FA3: 07.13 | FB3: 08.13 | FC3: 09.13 | FD3: 10.13 | FE3: 11.13 | FF3: 12.13 | FG3: 01.14 | FH3: 02.14 | FI3: 03.14 | FJ3: 04.14 | FK3: 05.14 | FL3: 06.14 | FM3: 07.14 | FN3: 08.14 | FO3: 09.14 | FP3: 10.14 | FQ3: 11.14 | FR3: 12.14 | FS3: 01.15 | FT3: 02.15 | FU3: 03.15 | FV3: 04.15 | FW3: 05.15 | FX3: 06.15 | FY3: 07.15 | FZ3: 08.15 | GA3: 09.15 | GB3: 10.15 | GC3: 11.15 | GD3: 12.15 | GE3: 01.16 | GF3: 02.16 | GG3: 03.16 | GH3: 04.16 | GI3: 05.16 | GJ3: 06.16 | GK3: 07.16 | GL3: 08.16 | GM3: 09.16 | GN3: 10.16 | GO3: 11.16 | GP3: 12.16 | GQ3: 01.17 | GR3: 02.17 | GS3: 03.17 | GT3: 04.17 | GU3: 05.17 | GV3: 06.17 | GW3: 07.17 | GX3: 08.17 | GY3: 09.17 | GZ3: 10.17 | HA3: 11.17 | HB3: 12.17 | HC3: 01.18 | HD3: 02.18 | HE3: 03.18 | HF3: 04.18 | HG3: 05.18 | HH3: 06.18 | HI3: 07.18 | HJ3: 08.18 | HK3: 09.18 | HL3: 10.18 | HM3: 11.18 | HN3: 12.18 | HO3: 01.19 | HP3: 02.19 | HQ3: 03.19 | HR3: 04.19 | HS3: 05.19 | HT3: 06.19 | HU3: 07.19 | HV3: 08.19 | HW3: 09.19 | HX3: 10.19 | HY3: 11.19 | HZ3: 12.19 | IA3: 01.20 | IB3: 02.20 | IC3: 03.20 | ID3: 04.20 | IE3: 05.20 | IF3: 06.20 | IG3: 07.20 | IH3: 08.20 | II3: 09.20 | IJ3: 10.20 | IK3: 11.20 | IL3: 12.20 | IM3: 01.21 | IN3: 02.21 | IO3: 03.21 | IP3: 04.21 | IQ3: 05.21 | IR3: 06.21 | IS3: 07.21 | IT3: 08.21 | IU3: 09.21 | IV3: 10.21 | IW3: 11.21 | IX3: 12.21 | IY3: 01.22 | IZ3: 02.22 | JA3: 03.22 | JB3: 04.22 | JC3: 05.22 | JD3: 06.22 | JE3: 07.22 | JF3: 08.22 | JG3: 09.22 | JH3: 10.22 | JI3: 11.22 | JJ3: 12.22 | JK3: 01.23 | JL3: 02.23 | JM3: 03.23 | JN3: 04.23 | JO3: 05.23 | JP3: 06.23 | JQ3: 07.23 | JR3: 08.23 | JS3: 09.23 | JT3: 10.23 | JU3: 11.23 | JV3: 12.23 | JW3: 01.24 | JX3: 02.24 | JY3: 03.24 | JZ3: 04.24 | KA3: 05.24 | KB3: 06.24 | KC3: 07.24 | KD3: 08.24 | KE3: 09.24 | KF3: 10.24 | KG3: 11.24 | KH3: 12.24 | KI3: 01.25 | KJ3: 02.25 | KK3: 03.25 | KL3: 04.25 | KM3: 05.25 | KN3: 06.25 | KO3: 07.25 | KP3: 08.25 | KQ3: 09.25 | KR3: 10.25 | KS3: 11.25 | KT3: 12.25 | KU3: 01.26 | KV3: 02.26 | KW3: 03.26 | KX3: 04.26 | KY3: 05.26 | KZ3: 06.26
A4: RM (Reserve Money) | B4: 124415 | C4: 135418 | D4: 152358 | E4: 131252 | F4: 134416 | G4: 125033 | H4: 132690 | I4: 130765 | J4: 130960 | K4: 134393 | L4: 142827 | M4: 145887 | N4: 146532 | O4: 157996 | P4: 154221 | Q4: 157182 | R4: 174959 | S4: 159646 | T4: 153877 | U4: 154932 | V4: 154834 | W4: 156787 | X4: 174258 | Y4: 173083 | Z4: 179166 | AA4: 183732 | AB4: 192015 | AC4: 187461 | AD4: 208171 | AE4: 186926 | AF4: 200380 | AG4: 205995 | AH4: 214458 | AI4: 218828 | AJ4: 254077 | AK4: 257220 | AL4: 259970 | AM4: 294449 | AN4: 294114 | AO4: 292333 | AP4: 316962 | AQ4: 298521 | AR4: 307820 | AS4: 325590 | AT4: 316252 | AU4: 360360 | AV4: 388535 | AW4: 380291 | AX4: 386031 | AY4: 404209 | AZ4: 445005 | BA4: 489453 | BB4: 577841 | BC4: 485842 | BD4: 528484 | BE4: 546087 | BF4: 547683 | BG4: 549829 | BH4: 550629 | BI4: 564794 | BJ4: 554900 | BK4: 642333 | BL4: 640720 | BM4: 609723 | BN4: 663005 | BO4: 616639 | BP4: 793880 | BQ4: 1040392 | BR4: 992708 | BS4: 1041610 | BT4: 1058984 | BU4: 1162852 | BV4: 1098956 | BW4: 1196181 | BX4: 1191090 | BY4: 1181591 | BZ4: 1501328 | CA4: 1391002 | CB4: 1587979 | CC4: 1583970 | CD4: 1534440 | CE4: 1602747 | CF4: 1666674 | CG4: 1696397 | CH4: 1751136 | CI4: 1713139 | CJ4: 1502658 | CK4: 1489996 | CL4: 1464136 | CM4: 1509503 | CN4: 1579496 | CO4: 1578890 | CP4: 1534208 | CQ4: 1695073 | CR4: 1752991 | CS4: 1669857 | CT4: 1750952 | CU4: 1754914 | CV4: 1570214 | CW4: 1298552 | CX4: 1525238 | CY4: 2032438 | CZ4: 2252087 | DA4: 2236772 | DB4: 2193334 | DC4: 2261268 | DD4: 2333767 | DE4: 2707836 | DF4: 2577690 | DG4: 2747648 | DH4: 2563712 | DI4: 2502905 | DJ4: 2450836 | DK4: 2584606 | DL4: 2653023 | DM4: 2736282 | DN4: 2650779 | DO4: 2518311 | DP4: 2738397 | DQ4: 2600035 | DR4: 2523403 | DS4: 2529901 | DT4: 2744373 | DU4: 2372578 | DV4: 2572217 | DW4: 2641507 | DX4: 2630137 | DY4: 2810231 | DZ4: 2906459 | EA4: 2842547 | EB4: 2888094 | EC4: 3195563 | ED4: 2885672 | EE4: 2883088 | EF4: 3063973 | EG4: 2964336 | EH4: 2837356 | EI4: 3384140 | EJ4: 3469472 | EK4: 3282665 | EL4: 3490230 | EM4: 3304523 | EN4: 3454684 | EO4: 2951901 | EP4: 2809970 | EQ4: 2953136 | ER4: 2832517 | ES4: 2686108 | ET4: 2890061 | EU4: 2746246 | EV4: 2628804 | EW4: 3044985 | EX4: 2852896 | EY4: 3038715 | EZ4: 3094682 | FA4: 3109197 | FB4: 2906042 | FC4: 2781820 | FD4: 2776294 | FE4: 2609637 | FF4: 2825961 | FG4: 2861003 | FH4: 3240023 | FI4: 3408022 | FJ4: 3633316 | FK4: 3595581 | FL4: 3715258 | FM4: 3859730 | FN4: 3654727 | FO4: 3753134 | FP4: 3723626 | FQ4: 3414322 | FR4: 3413841 | FS4: 3109020 | FT4: 3144815 | FU4: 3287005 | FV4: 3418576 | FW4: 3644795 | FX4: 4191185 | FY4: 3871600 | FZ4: 4307271 | GA4: 4644278 | GB4: 4678045 | GC4: 4816225 | GD4: 4750746 | GE4: 4722030 | GF4: 4566189 | GG4: 4993159 | GH4: 4653021 | GI4: 4495113 | GJ4: 4894149 | GK4: 4452803 | GL4: 4524027 | GM4: 4646906 | GN4: 4347750 | GO4: 4671068 | GP4: 5162573 | GQ4: 4678806 | GR4: 4686894 | GS4: 5198807 | GT4: 5253533 | GU4: 5536229 | GV4: 5173896 | GW4: 5459616 | GX4: 5342897 | GY4: 6067983 | GZ4: 5690787 | HA4: 5782435 | HB4: 5537057 | HC4: 5208414 | HD4: 4893466 | HE4: 4565508 | HF4: 4799905 | HG4: 4787605 | HH4: 5734184 | HI4: 6367717 | HJ4: 6118672 | HK4: 6183748 | HL4: 5799325 | HM4: 5988371 | HN4: 6650873 | HO4: 6983953 | HP4: 6519013 | HQ4: 6248429 | HR4: 5694776 | HS4: 6617443 | HT4: 6346150 | HU4: 7078495 | HV4: 6602428 | HW4: 6528275 | HX4: 7058849 | HY4: 6718657 | HZ4: 6893176 | IA4: 6269522 | IB4: 6395199 | IC4: 8652501 | ID4: 8284220 | IE4: 8253667 | IF4: 8428322 | IG4: 9097118 | IH4: 9139678 | II4: 9023035 | IJ4: 9661803 | IK4: 9667538 | IL4: 9777551 | IM4: 9173822 | IN4: 9565291 | IO4: 9859517 | IP4: 9878434 | IQ4: 10317236 | IR4: 10270127 | IS4: 10300160 | IT4: 10298221 | IU4: 10689698 | IV4: 10402089 | IW4: 10476192 | IX4: 10957714 | IY4: 10683934 | IZ4: 10764863 | JA4: 10791800 | JB4: 9968049 | JC4: 9875008 | JD4: 10688772 | JE4: 11579074 | JF4: 12076477 | JG4: 11871384 | JH4: 12374432 | JI4: 11719902 | JJ4: 11874422 | JK4: 10678782 | JL4: 10047215 | JM4: 10284491 | JN4: 9854371 | JO4: 9654031 | JP4: 10440847 | JQ4: 9586967 | JR4: 9068158 | JS4: 8843495 | JT4: 9620615 | JU4: 10126464 | JV4: 11539973 | JW4: 11819843 | JX4: 11526650 | JY4: 12302588 | JZ4: 12290583 | KA4: 12681766 | KB4: 13275974 | KC4: 13477031 | KD4: 13324363 | KE4: 13741720 | KF4: 13540027 | KG4: 12546103 | KH4: 14606537 | KI4: 14012242 | KJ4: 13662625 | KK4: 13787210 | KL4: 13534795 | KM4: 13973748 | KN4: 14019117 | KO4: 14687046 | KP4: 15067944 | KQ4: 14344179 | KR4: 14842893 | KS4: 13765314 | KT4: 15678721 | KU4: 15273813 | KV4: 14262793 | KW4: 14749112 | KX4: 14919075 | KY4: 14840823 | KZ4: 15579704
A5: % changes to the previous month | B5: 2.4 | C5: 8.8 | D5: 12.5 | E5: -13.9 | F5: 2.4 | G5: -7 | H5: 6.1 | I5: -1.5 | J5: 0.1 | K5: 2.6 | L5: 6.3 | M5: 2.1 | N5: 0.4 | O5: 7.8 | P5: -2.4 | Q5: 1.9 | R5: 11.3 | S5: -8.8 | T5: -3.6 | U5: 0.7 | V5: -0.1 | W5: 1.3 | X5: 11.1 | Y5: -0.7 | Z5: 3.5 | AA5: 2.5 | AB5: 4.5 | AC5: -2.4 | AD5: 11 | AE5: -10.2 | AF5: 7.2 | AG5: 2.8 | AH5: 4.1 | AI5: 2 | AJ5: 16.1 | AK5: 1.2 | AL5: 1.1 | AM5: 13.3 | AN5: -0.1 | AO5: -0.6 | AP5: 8.4 | AQ5: -5.8 | AR5: 3.1 | AS5: 5.8 | AT5: -2.9 | AU5: 13.9 | AV5: 7.8 | AW5: -2.1 | AX5: 1.5 | AY5: 4.7 | AZ5: 10.1 | BA5: 10 | BB5: 18.1 | BC5: -15.9 | BD5: 8.8 | BE5: 3.3 | BF5: 0.3 | BG5: 0.4 | BH5: 0.1 | BI5: 2.6 | BJ5: -1.8 | BK5: 15.8 | BL5: -0.3 | BM5: -4.8 | BN5: 8.7 | BO5: -7 | BP5: 28.7 | BQ5: 31.1 | BR5: -4.6 | BS5: 4.9 | BT5: 1.7 | BU5: 9.8 | BV5: -5.5 | BW5: 8.8 | BX5: -0.4 | BY5: -0.8 | BZ5: 27.1 | CA5: -7.3 | CB5: 14.2 | CC5: -0.3 | CD5: -3.1 | CE5: 4.5 | CF5: 4 | CG5: 1.8 | CH5: 3.2 | CI5: -2.2 | CJ5: -12.3 | CK5: -0.8 | CL5: -1.7 | CM5: 3.1 | CN5: 4.6 | CP5: -2.8 | CQ5: 10.5 | CR5: 3.4 | CS5: -4.7 | CT5: 4.9 | CU5: 0.2 | CV5: -10.5 | CW5: -17.3 | CX5: 17.5 | CY5: 33.3 | CZ5: 10.8 | DA5: -0.7 | DB5: -1.9 | DC5: 3.1 | DD5: 3.2 | DE5: 16 | DF5: -4.8 | DG5: 6.6 | DH5: -6.7 | DI5: -2.4 | DJ5: -2.1 | DK5: 5.5 | DL5: 2.6 | DM5: 3.1 | DN5: -3.1 | DO5: -5 | DP5: 8.7 | DQ5: -5.1 | DR5: -2.9 | DS5: 0.3 | DT5: 8.5 | DU5: -13.5 | DV5: 8.4 | DW5: 2.7 | DX5: -0.4 | DY5: 6.8 | DZ5: 3.4 | EA5: -2.2 | EB5: 1.6 | EC5: 10.6 | ED5: -9.7 | EE5: -0.1 | EF5: 6.3 | EG5: -3.3 | EH5: -4.3 | EI5: 19.3 | EJ5: 2.5 | EK5: -5.4 | EL5: 6.3 | EM5: -5.3 | EN5: 4.5 | EO5: -14.6 | EP5: -4.8 | EQ5: 5.1 | ER5: -4.1 | ES5: -5.2 | ET5: 7.6 | EU5: -5 | EV5: -4.3 | EW5: 15.8 | EX5: -6.3 | EY5: 6.5 | EZ5: 1.8 | FA5: 0.5 | FB5: -6.5 | FC5: -4.3 | FD5: -0.2 | FE5: -6 | FF5: 8.3 | FG5: 1.2 | FH5: 13.2 | FI5: 5.2 | FJ5: 6.6 | FK5: -1 | FL5: 3.3 | FM5: 3.9 | FN5: -5.3 | FO5: 2.7 | FP5: -0.8 | FQ5: -8.3 | FS5: -8.9 | FT5: 1.2 | FU5: 4.5 | FV5: 4 | FW5: 6.6 | FX5: 15 | FY5: -7.6 | FZ5: 11.3 | GA5: 7.8 | GB5: 0.7 | GC5: 3 | GD5: -1.4 | GE5: -0.6 | GF5: -3.3 | GG5: 9.4 | GH5: -6.8 | GI5: -3.4 | GJ5: 8.9 | GK5: -9 | GL5: 1.6 | GM5: 2.7 | GN5: -6.4 | GO5: 7.4 | GP5: 10.5 | GQ5: -9.4 | GR5: 0.2 | GS5: 10.9 | GT5: 1.1 | GU5: 5.4 | GV5: -6.5 | GW5: 5.5 | GX5: -2.1 | GY5: 13.6 | GZ5: -6.2 | HA5: 1.6 | HB5: -4.2 | HC5: -6 | HD5: -6 | HE5: -6.7 | HF5: 5.1 | HG5: -0.3 | HH5: 19.8 | HI5: 11 | HJ5: -3.9 | HK5: 1.1 | HL5: -6.2 | HM5: 3.3 | HN5: 11.1 | HO5: 5 | HP5: -6.7 | HQ5: -4.2 | HR5: -8.9 | HS5: 16.2 | HT5: -4.1 | HU5: 11.5 | HV5: -6.7 | HW5: -1.1 | HX5: 8.1 | HY5: -4.8 | HZ5: 2.6 | IA5: -9 | IB5: 2 | IC5: 35.3 | ID5: -4.3 | IE5: -0.4 | IF5: 2.1 | IG5: 7.9 | IH5: 0.5 | II5: -1.3 | IJ5: 7.1 | IK5: 0.1 | IL5: 1.1 | IM5: -6.2 | IN5: 4.3 | IO5: 3.1 | IP5: 0.2 | IQ5: 4.4 | IR5: -0.5 | IS5: 0.3 | IU5: 3.8 | IV5: -2.7 | IW5: 0.7 | IX5: 4.6 | IY5: -2.5 | IZ5: 0.8 | JA5: 0.3 | JB5: -7.6 | JC5: -0.9 | JD5: 8.2 | JE5: 8.3 | JF5: 4.3 | JG5: -1.7 | JH5: 4.2 | JI5: -5.3 | JJ5: 1.3 | JK5: -10.1 | JL5: -5.9 | JM5: 2.4 | JN5: -4.2 | JO5: -2 | JP5: 8.2 | JQ5: -8.2 | JR5: -5.4 | JS5: -2.5 | JT5: 8.8 | JU5: 5.3 | JV5: 14 | JW5: 2.4 | JX5: -2.5 | JY5: 6.7 | JZ5: -0.1 | KA5: 3.2 | KB5: 4.7 | KC5: 1.5 | KD5: -1.1 | KE5: 3.1 | KF5: -1.5 | KG5: -7.3 | KH5: 16.4 | KI5: -4.1 | KJ5: -2.5 | KK5: 0.9 | KL5: -1.8 | KM5: 3.2 | KN5: 0.3 | KO5: 4.8 | KP5: 2.6 | KQ5: -4.8 | KR5: 3.5 | KS5: -7.3 | KT5: 13.9 | KU5: -2.6 | KV5: -6.6 | KW5: 3.4 | KX5: 1.2 | KY5: -0.5 | KZ5: 5
A6: % changes to December of the previous year | B6: -1.8 | C6: 6.8 | D6: 20.2 | E6: 3.6 | F6: 6 | G6: -7 | H6: -1.3 | I6: -2.7 | J6: -2.6 | L6: 6.3 | M6: 8.5 | N6: 9 | O6: 17.5 | P6: 14.7 | Q6: 16.9 | R6: 30.2 | S6: -8.8 | T6: -12 | U6: -11.4 | V6: -11.5 | W6: -10.4 | X6: -0.4 | Y6: -1.1 | Z6: 2.4 | AA6: 5 | AB6: 9.7 | AC6: 7.1 | AD6: 19 | AE6: -10.2 | AF6: -3.7 | AG6: -1 | AH6: 3 | AI6: 5.1 | AJ6: 22.1 | AK6: 23.6 | AL6: 24.9 | AM6: 41.4 | AN6: 41.3 | AO6: 40.4 | AP6: 52.3 | AQ6: -5.8 | AR6: -2.9 | AS6: 2.7 | AT6: -0.2 | AU6: 13.7 | AV6: 22.6 | AW6: 20 | AX6: 21.8 | AY6: 27.5 | AZ6: 40.4 | BA6: 54.4 | BB6: 82.3 | BC6: -15.9 | BD6: -8.5 | BE6: -5.5 | BF6: -5.2 | BG6: -4.8 | BH6: -4.7 | BI6: -2.3 | BJ6: -4 | BK6: 11.2 | BL6: 10.9 | BM6: 5.5 | BN6: 14.7 | BO6: -7 | BP6: 19.7 | BQ6: 56.9 | BR6: 49.7 | BS6: 57.1 | BT6: 59.7 | BU6: 75.4 | BV6: 65.8 | BW6: 80.4 | BX6: 79.7 | BY6: 78.2 | BZ6: 126.4 | CA6: -7.3 | CB6: 5.8 | CC6: 5.5 | CD6: 2.2 | CE6: 6.8 | CF6: 11 | CG6: 13 | CH6: 16.6 | CI6: 14.1 | CJ6: 0.1 | CK6: -0.8 | CL6: -2.5 | CM6: 3.1 | CN6: 7.9 | CO6: 7.8 | CP6: 4.8 | CQ6: 15.8 | CR6: 19.7 | CS6: 14.1 | CT6: 19.6 | CU6: 19.9 | CV6: 7.2 | CW6: -11.3 | CX6: 4.2 | CY6: 33.3 | CZ6: 47.7 | DA6: 46.7 | DB6: 43.8 | DC6: 48.3 | DD6: 53 | DE6: 77.5 | DF6: 69 | DG6: 80.1 | DH6: 68.1 | DI6: 64.1 | DJ6: 60.7 | DK6: 5.5 | DL6: 8.2 | DM6: 11.6 | DN6: 8.2 | DO6: 2.8 | DP6: 11.7 | DQ6: 6.1 | DR6: 3 | DS6: 3.2 | DT6: 12 | DU6: -3.2 | DV6: 5 | DW6: 2.7 | DX6: 2.3 | DY6: 9.3 | DZ6: 13 | EA6: 10.5 | EB6: 12.3 | EC6: 24.2 | ED6: 12.2 | EE6: 12.1 | EF6: 19.1 | EG6: 15.2 | EH6: 10.3 | EI6: 19.3 | EJ6: 22.3 | EK6: 15.7 | EL6: 23.1 | EM6: 16.5 | EN6: 21.8 | EO6: 4 | EP6: -1 | EQ6: 4.1 | ER6: -0.2 | ES6: -5.3 | ET6: 1.9 | EU6: -5 | EV6: -9 | EW6: 5.4 | EX6: -1.3 | EY6: 5.1 | EZ6: 7.1 | FA6: 7.6 | FB6: 0.6 | FC6: -3.7 | FD6: -3.9 | FE6: -9.7 | FF6: -2.2 | FG6: 1.2 | FH6: 14.7 | FI6: 20.6 | FJ6: 28.6 | FK6: 27.2 | FL6: 31.5 | FM6: 36.6 | FN6: 29.3 | FO6: 32.8 | FP6: 31.8 | FQ6: 20.8 | FR6: 20.8 | FS6: -8.9 | FT6: -7.9 | FU6: -3.7 | FV6: 0.1 | FW6: 6.8 | FX6: 22.8 | FY6: 13.4 | FZ6: 26.2 | GA6: 36 | GB6: 37 | GC6: 41.1 | GD6: 39.2 | GE6: -0.6 | GF6: -3.9 | GG6: 5.1 | GH6: -2.1 | GI6: -5.4 | GJ6: 3 | GK6: -6.3 | GL6: -4.8 | GM6: -2.2 | GN6: -8.5 | GO6: -1.7 | GP6: 8.7 | GQ6: -9.4 | GR6: -9.2 | GS6: 0.7 | GT6: 1.8 | GU6: 7.2 | GV6: 0.2 | GW6: 5.8 | GX6: 3.5 | GY6: 17.5 | GZ6: 10.2 | HA6: 12 | HB6: 7.3 | HC6: -6 | HD6: -11.7 | HE6: -17.5 | HF6: -13.3 | HG6: -13.6 | HH6: 3.5 | HI6: 15 | HJ6: 10.5 | HK6: 11.6 | HL6: 4.7 | HM6: 8.2 | HN6: 20.1 | HO6: 5 | HP6: -2 | HQ6: -6.1 | HR6: -14.4 | HS6: -0.5 | HT6: -4.6 | HU6: 6.4 | HV6: -0.7 | HW6: -1.8 | HX6: 6.1 | HY6: 1 | HZ6: 3.6 | IA6: -9 | IB6: -7.2 | IC6: 25.5 | ID6: 20.2 | IE6: 19.7 | IF6: 22.3 | IG6: 32 | IH6: 32.6 | II6: 30.9 | IJ6: 40.2 | IK6: 40.2 | IL6: 41.8 | IM6: -6.2 | IN6: -2.2 | IO6: 0.8 | IP6: 1 | IQ6: 5.5 | IR6: 5 | IS6: 5.3 | IT6: 5.3 | IU6: 9.3 | IV6: 6.4 | IW6: 7.1 | IX6: 12.1 | IY6: -2.5 | IZ6: -1.8 | JA6: -1.5 | JB6: -9 | JC6: -9.9 | JD6: -2.5 | JE6: 5.7 | JF6: 10.2 | JG6: 8.3 | JH6: 12.9 | JI6: 7 | JJ6: 8.4 | JK6: -10.1 | JL6: -15.4 | JM6: -13.4 | JN6: -17 | JO6: -18.7 | JP6: -12.1 | JQ6: -19.3 | JR6: -23.6 | JS6: -25.5 | JT6: -19 | JU6: -14.7 | JV6: -2.8 | JW6: 2.4 | JX6: -0.1 | JY6: 6.6 | JZ6: 6.5 | KA6: 9.9 | KB6: 15 | KC6: 16.8 | KD6: 15.5 | KE6: 19.1 | KF6: 17.3 | KG6: 8.7 | KH6: 26.6 | KI6: -4.1 | KJ6: -6.5 | KK6: -5.6 | KL6: -7.3 | KM6: -4.3 | KN6: -4 | KO6: 0.6 | KP6: 3.2 | KQ6: -1.8 | KR6: 1.6 | KS6: -5.8 | KT6: 7.3 | KU6: -2.6 | KV6: -9 | KW6: -5.9 | KX6: -4.8 | KY6: -5.3 | KZ6: -0.6
A7: 1.1. Currency out of the NBK | B7: 105990 | C7: 113587 | D7: 113503 | E7: 106403 | F7: 116335 | G7: 104859 | H7: 108603 | I7: 110797 | J7: 114064 | K7: 113500 | L7: 119287 | M7: 124342 | N7: 126571 | O7: 133949 | P7: 133895 | Q7: 126916 | R7: 145477 | S7: 127461 | T7: 131313 | U7: 135943 | V7: 136447 | W7: 139130 | X7: 146897 | Y7: 150729 | Z7: 155044 | AA7: 155394 | AB7: 163828 | AC7: 161509 | AD7: 177899 | AE7: 156107 | AF7: 167172 | AG7: 175794 | AH7: 180744 | AI7: 188235 | AJ7: 206088 | AK7: 218205 | AL7: 224880 | AM7: 238636 | AN7: 255598 | AO7: 246799 | AP7: 262093 | AQ7: 250756 | AR7: 261604 | AS7: 264980 | AT7: 277575 | AU7: 283250 | AV7: 303204 | AW7: 321518 | AX7: 333384 | AY7: 338635 | AZ7: 359047 | BA7: 374640 | BB7: 410898 | BC7: 377357 | BD7: 388607 | BE7: 394110 | BF7: 409766 | BG7: 417143 | BH7: 425475 | BI7: 432873 | BJ7: 442329 | BK7: 452079 | BL7: 463750 | BM7: 442955 | BN7: 458518 | BO7: 426426 | BP7: 451229 | BQ7: 480293 | BR7: 505033 | BS7: 548513 | BT7: 597037 | BU7: 625884 | BV7: 619450 | BW7: 612971 | BX7: 597813 | BY7: 602662 | BZ7: 687257 | CA7: 679704 | CB7: 698594 | CC7: 739447 | CD7: 793795 | CE7: 847279 | CF7: 891254 | CG7: 926614 | CH7: 938128 | CI7: 881985 | CJ7: 842219 | CK7: 807899 | CL7: 859852 | CM7: 784885 | CN7: 789964 | CO7: 809238 | CP7: 828327 | CQ7: 847921 | CR7: 883103 | CS7: 895149 | CT7: 908295 | CU7: 920457 | CV7: 936012 | CW7: 923606 | CX7: 986856 | CY7: 839101 | CZ7: 829446 | DA7: 836807 | DB7: 866495 | DC7: 892756 | DD7: 933014 | DE7: 927522 | DF7: 929486 | DG7: 926969 | DH7: 939778 | DI7: 967795 | DJ7: 1047795 | DK7: 1005845 | DL7: 1012610 | DM7: 1025325 | DN7: 1085661 | DO7: 1126742 | DP7: 1162403 | DQ7: 1208896 | DR7: 1213858 | DS7: 1222987 | DT7: 1242113 | DU7: 1223546 | DV7: 1306208 | DW7: 1252898 | DX7: 1248329 | DY7: 1253260 | DZ7: 1279954 | EA7: 1301055 | EB7: 1350259 | EC7: 1387916 | ED7: 1419509 | EE7: 1427688 | EF7: 1430428 | EG7: 1414237 | EH7: 1548166 | EI7: 1483816 | EJ7: 1468570 | EK7: 1492278 | EL7: 1524936 | EM7: 1531051 | EN7: 1578851 | EO7: 1591455 | EP7: 1612091 | EQ7: 1614788 | ER7: 1607736 | ES7: 1574479 | ET7: 1736646 | EU7: 1623074 | EV7: 1616718 | EW7: 1651519 | EX7: 1655412 | EY7: 1665622 | EZ7: 1736736 | FA7: 1700515 | FB7: 1694860 | FC7: 1669076 | FD7: 1658487 | FE7: 1615766 | FF7: 1762907 | FG7: 1623028 | FH7: 1673638 | FI7: 1553022 | FJ7: 1595662 | FK7: 1622671 | FL7: 1674644 | FM7: 1677389 | FN7: 1614166 | FO7: 1598778 | FP7: 1508608 | FQ7: 1457919 | FR7: 1382183 | FS7: 1254094 | FT7: 1241507 | FU7: 1273493 | FV7: 1266328 | FW7: 1305871 | FX7: 1363086 | FY7: 1356580 | FZ7: 1433202 | GA7: 1421127 | GB7: 1433498 | GC7: 1443620 | GD7: 1494930 | GE7: 1394955 | GF7: 1469812 | GG7: 1537636 | GH7: 1647545 | GI7: 1727427 | GJ7: 1825191 | GK7: 1862000 | GL7: 1828619 | GM7: 1818787 | GN7: 1834827 | GO7: 1841542 | GP7: 2050087 | GQ7: 1912365 | GR7: 1937004 | GS7: 1961113 | GT7: 2029004 | GU7: 2030794 | GV7: 2132666 | GW7: 2179024 | GX7: 2171016 | GY7: 2120089 | GZ7: 2086632 | HA7: 2102739 | HB7: 2257218 | HC7: 2104909 | HD7: 2084574 | HE7: 2101125 | HF7: 2199421 | HG7: 2225974 | HH7: 2377051 | HI7: 2489122 | HJ7: 2423059 | HK7: 2381264 | HL7: 2390923 | HM7: 2428846 | HN7: 2618852 | HO7: 2471410 | HP7: 2458568 | HQ7: 2501173 | HR7: 2536209 | HS7: 2584479 | HT7: 2541174 | HU7: 2563232 | HV7: 2600097 | HW7: 2569470 | HX7: 2559787 | HY7: 2554685 | HZ7: 2688265 | IA7: 2538014 | IB7: 2581017 | IC7: 2703786 | ID7: 2955734 | IE7: 3145959 | IF7: 3184287 | IG7: 3274440 | IH7: 3311008 | II7: 3204061 | IJ7: 3183426 | IK7: 3117539 | IL7: 3250372 | IM7: 3081432 | IN7: 3109238 | IO7: 3189736 | IP7: 3323340 | IQ7: 3367646 | IR7: 3450950 | IS7: 3458788 | IT7: 3424734 | IU7: 3382482 | IV7: 3407310 | IW7: 3343569 | IX7: 3451715 | IY7: 3429933 | IZ7: 3408116 | JA7: 3523866 | JB7: 3574720 | JC7: 3520450 | JD7: 3674234 | JE7: 3779485 | JF7: 3762229 | JG7: 3762939 | JH7: 3765032 | JI7: 3701002 | JJ7: 3823793 | JK7: 3687694 | JL7: 3630271 | JM7: 3656211 | JN7: 3793068 | JO7: 3775641 | JP7: 3914126 | JQ7: 3919342 | JR7: 3950919 | JS7: 3960098 | JT7: 3965167 | JU7: 3902340 | JV7: 4109817 | JW7: 4039710 | JX7: 4028124 | JY7: 4060834 | JZ7: 4068003 | KA7: 4134431 | KB7: 4323683 | KC7: 4408645 | KD7: 4503882 | KE7: 4415747 | KF7: 4488750 | KG7: 4525368 | KH7: 4862203 | KI7: 4735682 | KJ7: 4681680 | KK7: 4725146 | KL7: 4874328 | KM7: 4934084 | KN7: 5158676 | KO7: 5259184 | KP7: 5286624 | KQ7: 5173407 | KR7: 5179134 | KS7: 5036725 | KT7: 5271109 | KU7: 5041049 | KV7: 4959162 | KW7: 4962080 | KX7: 5091844 | KY7: 5214053 | KZ7: 5339901
A8: 1.2. Transferable deposits of Banks and other organizations in NBK | B8: 18425 | C8: 21831 | D8: 38855 | E8: 24848 | F8: 18081 | G8: 20174 | H8: 24087 | I8: 19968 | J8: 16896 | K8: 20893 | L8: 23540 | M8: 21545 | N8: 19960 | O8: 24047 | P8: 20327 | Q8: 30266 | R8: 29482 | S8: 32185 | T8: 22564 | U8: 18989 | V8: 18387 | W8: 17657 | X8: 27361 | Y8: 22354 | Z8: 24122 | AA8: 28338 | AB8: 28188 | AC8: 25952 | AD8: 30272 | AE8: 30819 | AF8: 33208 | AG8: 30202 | AH8: 33714 | AI8: 30593 | AJ8: 47989 | AK8: 39015 | AL8: 35090 | AM8: 55813 | AN8: 38517 | AO8: 45534 | AP8: 54869 | AQ8: 47765 | AR8: 46217 | AS8: 60610 | AT8: 38677 | AU8: 77110 | AV8: 85331 | AW8: 58774 | AX8: 52647 | AY8: 65574 | AZ8: 85958 | BA8: 114813 | BB8: 166943 | BC8: 108485 | BD8: 139877 | BE8: 151977 | BF8: 137917 | BG8: 132686 | BH8: 125154 | BI8: 131921 | BJ8: 112571 | BK8: 190254 | BL8: 176969 | BM8: 166768 | BN8: 204488 | BO8: 190213 | BP8: 342651 | BQ8: 560099 | BR8: 487675 | BS8: 493098 | BT8: 461947 | BU8: 536968 | BV8: 479506 | BW8: 583210 | BX8: 593277 | BY8: 578929 | BZ8: 814072 | CA8: 711298 | CB8: 889386 | CC8: 844523 | CD8: 740645 | CE8: 755468 | CF8: 775420 | CG8: 769783 | CH8: 813008 | CI8: 831154 | CJ8: 660438 | CK8: 682097 | CL8: 604283 | CM8: 724617 | CN8: 789532 | CO8: 769652 | CP8: 705881 | CQ8: 847152 | CR8: 869888 | CS8: 774708 | CT8: 842658 | CU8: 834457 | CV8: 634202 | CW8: 374946 | CX8: 538382 | CY8: 1193337 | CZ8: 1422642 | DA8: 1399965 | DB8: 1326840 | DC8: 1368511 | DD8: 1400753 | DE8: 1780314 | DF8: 1648204 | DG8: 1820679 | DH8: 1623934 | DI8: 1535110 | DJ8: 1403041 | DK8: 1578760 | DL8: 1640413 | DM8: 1710957 | DN8: 1565117 | DO8: 1391568 | DP8: 1575993 | DQ8: 1391140 | DR8: 1309545 | DS8: 1306914 | DT8: 1502260 | DU8: 1149033 | DV8: 1266009 | DW8: 1388608 | DX8: 1381808 | DY8: 1556971 | DZ8: 1626505 | EA8: 1541493 | EB8: 1537835 | EC8: 1807647 | ED8: 1466162 | EE8: 1455400 | EF8: 1633545 | EG8: 1550100 | EH8: 1289190 | EI8: 1900324 | EJ8: 2000902 | EK8: 1790387 | EL8: 1965294 | EM8: 1773472 | EN8: 1875833 | EO8: 1360446 | EP8: 1197879 | EQ8: 1338348 | ER8: 1224780 | ES8: 1111629 | ET8: 1153415 | EU8: 1123172 | EV8: 1012087 | EW8: 1393467 | EX8: 1197484 | EY8: 1373093 | EZ8: 1357945 | FA8: 1408682 | FB8: 1211181 | FC8: 1112744 | FD8: 1117807 | FE8: 993871 | FF8: 1063054 | FG8: 1237975 | FH8: 1566385 | FI8: 1855000 | FJ8: 2037654 | FK8: 1972910 | FL8: 2040614 | FM8: 2182341 | FN8: 2040561 | FO8: 2154357 | FP8: 2215018 | FQ8: 1956403 | FR8: 2031658 | FS8: 1854925 | FT8: 1903308 | FU8: 2013512 | FV8: 2152249 | FW8: 2338924 | FX8: 2828099 | FY8: 2515020 | FZ8: 2874068 | GA8: 3223151 | GB8: 3244547 | GC8: 3372604 | GD8: 3255816 | GE8: 3327075 | GF8: 3096377 | GG8: 3455522 | GH8: 3005476 | GI8: 2767686 | GJ8: 3068957 | GK8: 2590803 | GL8: 2695408 | GM8: 2828119 | GN8: 2512924 | GO8: 2829526 | GP8: 3112486 | GQ8: 2766440 | GR8: 2749890 | GS8: 3237694 | GT8: 3224530 | GU8: 3505436 | GV8: 3041231 | GW8: 3280593 | GX8: 3171881 | GY8: 3947894 | GZ8: 3604156 | HA8: 3679696 | HB8: 3279840 | HC8: 3103505 | HD8: 2808892 | HE8: 2464383 | HF8: 2600484 | HG8: 2561631 | HH8: 3357133 | HI8: 3878595 | HJ8: 3695613 | HK8: 3802485 | HL8: 3408402 | HM8: 3559526 | HN8: 4032021 | HO8: 4512543 | HP8: 4060445 | HQ8: 3747256 | HR8: 3158567 | HS8: 4032965 | HT8: 3804976 | HU8: 4515263 | HV8: 4002330 | HW8: 3958805 | HX8: 4499062 | HY8: 4163972 | HZ8: 4204912 | IA8: 3731508 | IB8: 3814182 | IC8: 5948715 | ID8: 5328486 | IE8: 5107708 | IF8: 5244034 | IG8: 5822678 | IH8: 5828670 | II8: 5818974 | IJ8: 6478377 | IK8: 6549999 | IL8: 6527179 | IM8: 6092390 | IN8: 6456053 | IO8: 6669782 | IP8: 6555093 | IQ8: 6949589 | IR8: 6819177 | IS8: 6841371 | IT8: 6873487 | IU8: 7307216 | IV8: 6994779 | IW8: 7132622 | IX8: 7505999 | IY8: 7254001 | IZ8: 7356747 | JA8: 7267934 | JB8: 6393329 | JC8: 6354557 | JD8: 7014538 | JE8: 7799589 | JF8: 8314247 | JG8: 8108445 | JH8: 8609400 | JI8: 8018900 | JJ8: 8050629 | JK8: 6991088 | JL8: 6416944 | JM8: 6628280 | JN8: 6061303 | JO8: 5878390 | JP8: 6526720 | JQ8: 5667625 | JR8: 5117238 | JS8: 4883397 | JT8: 5655448 | JU8: 6224124 | JV8: 7430156 | JW8: 7780133 | JX8: 7498526 | JY8: 8241754 | JZ8: 8222580 | KA8: 8547335 | KB8: 8952292 | KC8: 9068387 | KD8: 8820481 | KE8: 9325973 | KF8: 9051277 | KG8: 8020734 | KH8: 9744334 | KI8: 9276560 | KJ8: 8980946 | KK8: 9062064 | KL8: 8660467 | KM8: 9039664 | KN8: 8860441 | KO8: 9427863 | KP8: 9781320 | KQ8: 9170772 | KR8: 9663759 | KS8: 8728589 | KT8: 10407612 | KU8: 10232764 | KV8: 9303631 | KW8: 9787032 | KX8: 9827231 | KY8: 9626770 | KZ8: 10239802
A10: Narrow Reserve Money | BB10: 499087 | BC10: 456538 | BD10: 450069 | BE10: 471135 | BF10: 467848 | BG10: 477683 | BH10: 508180 | BI10: 517454 | BJ10: 521040 | BK10: 561381 | BL10: 577092 | BM10: 538086 | BN10: 576158 | BO10: 550390 | BP10: 644698 | BQ10: 667104 | BR10: 698783 | BS10: 764206 | BT10: 840162 | BU10: 1059969 | BV10: 1024531 | BW10: 1147889 | BX10: 1100663 | BY10: 1097734 | BZ10: 1369741 | CA10: 1234895 | CB10: 1414344 | CC10: 1274602 | CD10: 1481382 | CE10: 1481397 | CF10: 1598143 | CG10: 1678215 | CH10: 1746534 | CI10: 1708536 | CJ10: 1498706 | CK10: 1485224 | CL10: 1454198 | CM10: 1496026 | CN10: 1531857 | CO10: 1494327 | CP10: 1515879 | CQ10: 1550936 | CR10: 1532511 | CS10: 1499353 | CT10: 1479502 | CU10: 1546595 | CV10: 1461811 | CW10: 1255864 | CX10: 1492201 | CY10: 2005052 | CZ10: 2227678 | DA10: 2062628 | DB10: 2017871 | DC10: 2001691 | DD10: 1899960 | DE10: 2152736 | DF10: 2092547 | DG10: 2201643 | DH10: 2041655 | DI10: 1875175 | DJ10: 1961737 | DK10: 2045882 | DL10: 2041393 | DM10: 2027147 | DN10: 2047701 | DO10: 2057071 | DP10: 2218416 | DQ10: 2064170 | DR10: 2165466 | DS10: 2162184 | DT10: 2315949 | DU10: 2023387 | DV10: 2142999 | DW10: 2196323 | DX10: 2143030 | DY10: 2351402 | DZ10: 2350156 | EA10: 2307583 | EB10: 2358248 | EC10: 2496442 | ED10: 2620699 | EE10: 2621530 | EF10: 2874889 | EG10: 2836733 | EH10: 2740573 | EI10: 3167658 | EJ10: 3286759 | EK10: 2927870 | EL10: 3170720 | EM10: 3097798 | EN10: 3310638 | EO10: 2798001 | EP10: 2701777 | EQ10: 2856592 | ER10: 2767535 | ES10: 2645849 | ET10: 2831153 | EU10: 2669532 | EV10: 2559878 | EW10: 2835760 | EX10: 2773279 | EY10: 2975854 | EZ10: 3048522 | FA10: 3057183 | FB10: 2875535 | FC10: 2752314 | FD10: 2745289 | FE10: 2580632 | FF10: 2786556 | FG10: 2832999 | FH10: 3219520 | FI10: 3380012 | FJ10: 3461007 | FK10: 3393285 | FL10: 3524465 | FM10: 3633733 | FN10: 3529912 | FO10: 3574884 | FP10: 3654424 | FQ10: 3382108 | FR10: 3313211 | FS10: 3015908 | FT10: 3059874 | FU10: 3111316 | FV10: 3242518 | FW10: 3490223 | FX10: 3877907 | FY10: 3488674 | FZ10: 4173220 | GA10: 4535881 | GB10: 4569045 | GC10: 4704629 | GD10: 4670994 | GE10: 4637608 | GF10: 4286590 | GG10: 4127715 | GH10: 4237844 | GI10: 4108100 | GJ10: 4285886 | GK10: 4158349 | GL10: 4257599 | GM10: 4451053 | GN10: 4207541 | GO10: 4513819 | GP10: 4793020 | GQ10: 4214277 | GR10: 4136385 | GS10: 4706421 | GT10: 4778771 | GU10: 4978607 | GV10: 4862278 | GW10: 5209013 | GX10: 5049559 | GY10: 5669225 | GZ10: 5300765 | HA10: 5456802 | HB10: 5160654 | HC10: 4709222 | HD10: 4584149 | HE10: 4239021 | HF10: 4589974 | HG10: 4509878 | HH10: 5015211 | HI10: 5629231 | HJ10: 5961930 | HK10: 5844674 | HL10: 5313447 | HM10: 5749985 | HN10: 5995748 | HO10: 6452606 | HP10: 5874774 | HQ10: 5087549 | HR10: 5086454 | HS10: 5522555 | HT10: 5241736 | HU10: 6132164 | HV10: 5888989 | HW10: 5244379 | HX10: 5501981 | HY10: 5532865 | HZ10: 5430745 | IA10: 4978029 | IB10: 5347729 | IC10: 6475461 | ID10: 5196014 | IE10: 5209118 | IF10: 5036920 | IG10: 4864547 | IH10: 5230683 | II10: 4920428 | IJ10: 5317494 | IK10: 5633831 | IL10: 5087846 | IM10: 4919790 | IN10: 4874140 | IO10: 5336948 | IP10: 5743987 | IQ10: 6034911 | IR10: 6297037 | IS10: 6117688 | IT10: 6300172 | IU10: 5815599 | IV10: 5878235 | IW10: 6150888 | IX10: 6945442 | IY10: 7008007 | IZ10: 7909224 | JA10: 7211683 | JB10: 7242428 | JC10: 7037712 | JD10: 7096525 | JE10: 7574108 | JF10: 7941086 | JG10: 7210051 | JH10: 7570781 | JI10: 6897649 | JJ10: 7374898 | JK10: 6582257 | JL10: 6544293 | JM10: 6606830 | JN10: 6383209 | JO10: 6208576 | JP10: 6860013 | JQ10: 6491522 | JR10: 6551424 | JS10: 6493873 | JT10: 6529219 | JU10: 6577664 | JV10: 7142913 | JW10: 6831249 | JX10: 6713521 | JY10: 6278732 | JZ10: 6781258 | KA10: 6907991 | KB10: 6886619 | KC10: 6738224 | KD10: 6846525 | KE10: 6681236 | KF10: 6817764 | KG10: 6878649 | KH10: 7532310 | KI10: 7132184 | KJ10: 7222418 | KK10: 6912772 | KL10: 6927221 | KM10: 7058908 | KN10: 7110612 | KO10: 7539173 | KP10: 7661704 | KQ10: 8927040 | KR10: 9300659 | KS10: 9043566 | KT10: 10270708 | KU10: 9522696 | KV10: 9353794 | KW10: 9082143 | KX10: 10913338 | KY10: 10763937 | KZ10: 10898765
A11: % changes to the previous month | BB11: 14.9 | BC11: -8.5 | BD11: -1.4 | BE11: 4.7 | BF11: -0.7 | BG11: 2.1 | BH11: 6.4 | BI11: 1.8 | BJ11: 0.7 | BK11: 7.7 | BL11: 2.8 | BM11: -6.8 | BN11: 7.1 | BO11: -4.5 | BP11: 17.1 | BQ11: 3.5 | BR11: 4.7 | BS11: 9.4 | BT11: 9.9 | BU11: 26.2 | BV11: -3.3 | BW11: 12 | BX11: -4.1 | BY11: -0.3 | BZ11: 24.8 | CA11: -9.8 | CB11: 14.5 | CC11: -9.9 | CD11: 16.2 | CF11: 7.9 | CG11: 5 | CH11: 4.1 | CI11: -2.2 | CJ11: -12.3 | CK11: -0.9 | CL11: -2.1 | CM11: 2.9 | CN11: 2.4 | CO11: -2.4 | CP11: 1.4 | CQ11: 2.3 | CR11: -1.2 | CS11: -2.2 | CT11: -1.3 | CU11: 4.5 | CV11: -5.5 | CW11: -14.1 | CX11: 18.8 | CY11: 34.4 | CZ11: 11.1 | DA11: -7.4 | DB11: -2.2 | DC11: -0.8 | DD11: -5.1 | DE11: 13.3 | DF11: -2.8 | DG11: 5.2 | DH11: -7.3 | DI11: -8.2 | DJ11: 4.6 | DK11: 4.3 | DL11: -0.2 | DM11: -0.7 | DN11: 1 | DO11: 0.5 | DP11: 7.8 | DQ11: -7 | DR11: 4.9 | DS11: -0.2 | DT11: 7.1 | DU11: -12.6 | DV11: 5.9 | DW11: 2.5 | DX11: -2.4 | DY11: 9.7 | DZ11: -0.1 | EA11: -1.8 | EB11: 2.2 | EC11: 5.9 | ED11: 5 | EF11: 9.7 | EG11: -1.3 | EH11: -3.4 | EI11: 15.6 | EJ11: 3.8 | EK11: -10.9 | EL11: 8.3 | EM11: -2.3 | EN11: 6.9 | EO11: -15.5 | EP11: -3.4 | EQ11: 5.7 | ER11: -3.1 | ES11: -4.4 | ET11: 7 | EU11: -5.7 | EV11: -4.1 | EW11: 10.8 | EX11: -2.2 | EY11: 7.3 | EZ11: 2.4 | FA11: 0.3 | FB11: -5.9 | FC11: -4.3 | FD11: -0.3 | FE11: -6 | FF11: 8 | FG11: 1.7 | FH11: 13.6 | FI11: 5 | FJ11: 2.4 | FK11: -2 | FL11: 3.9 | FM11: 3.1 | FN11: -2.9 | FO11: 1.3 | FP11: 2.2 | FQ11: -7.5 | FS11: -9 | FT11: 1.5 | FU11: 1.7 | FV11: 4.2 | FW11: 7.6 | FX11: 11.1 | FY11: -10 | FZ11: 19.6 | GA11: 8.7 | GB11: 0.7 | GC11: 3 | GD11: -0.7 | GE11: -0.7 | GF11: -7.6 | GG11: -3.7 | GH11: 2.7 | GI11: -3.1 | GJ11: 4.3 | GK11: -3 | GL11: 2.4 | GM11: 4.5 | GN11: -5.5 | GO11: 7.3 | GP11: 6.2 | GQ11: -12.1 | GR11: -1.8 | GS11: 13.8 | GT11: 1.5 | GU11: 4.2 | GV11: -2.3 | GW11: 7.1 | GX11: -3.1 | GY11: 12.3 | GZ11: -6.5 | HA11: 2.9 | HB11: -5.4 | HC11: -8.8 | HD11: -2.7 | HE11: -7.5 | HF11: 8.3 | HG11: -1.7 | HH11: 11.2 | HI11: 12.2 | HJ11: 5.9 | HK11: -2 | HL11: -9.1 | HM11: 8.2 | HN11: 4.3 | HO11: 7.6 | HP11: -9 | HQ11: -13.4 | HS11: 8.6 | HT11: -5.1 | HU11: 17 | HV11: -4 | HW11: -10.9 | HX11: 4.9 | HY11: 0.6 | HZ11: -1.8 | IA11: -8.3 | IB11: 7.4 | IC11: 21.1 | ID11: -19.8 | IE11: 0.3 | IF11: -3.3 | IG11: -3.4 | IH11: 7.5 | II11: -5.9 | IJ11: 8.1 | IK11: 5.9 | IL11: -9.7 | IM11: -3.3 | IN11: -0.9 | IO11: 9.5 | IP11: 7.6 | IQ11: 5.1 | IR11: 4.3 | IS11: -2.8 | IT11: 3 | IU11: -7.7 | IV11: 1.1 | IW11: 4.6 | IX11: 12.9 | IY11: 0.9 | IZ11: 12.9 | JA11: -8.8 | JB11: 0.4 | JC11: -2.8 | JD11: 0.8 | JE11: 6.7 | JF11: 4.8 | JG11: -9.2 | JH11: 5 | JI11: -8.9 | JJ11: 6.9 | JK11: -10.7 | JL11: -0.6 | JM11: 1 | JN11: -3.4 | JO11: -2.7 | JP11: 10.5 | JQ11: -5.4 | JR11: 0.9 | JS11: -0.9 | JT11: 0.5 | JU11: 0.7 | JV11: 8.6 | JW11: -4.4 | JX11: -1.7 | JY11: -6.5 | JZ11: 8 | KA11: 1.9 | KB11: -0.3 | KC11: -2.2 | KD11: 1.6 | KE11: -2.4 | KF11: 2 | KG11: 0.9 | KH11: 9.5 | KI11: -5.3 | KJ11: 1.3 | KK11: -4.3 | KL11: 0.2 | KM11: 1.9 | KN11: 0.7 | KO11: 6 | KP11: 1.6 | KQ11: 16.5 | KR11: 4.2 | KS11: -2.8 | KT11: 13.6 | KU11: -7.3 | KV11: -1.8 | KW11: -2.9 | KX11: 20.2 | KY11: -1.4 | KZ11: 1.3
A12: % changes to December of the previous year | BB12: 67.9 | BC12: -8.5 | BD12: -9.8 | BE12: -5.6 | BF12: -6.3 | BG12: -4.3 | BH12: 1.8 | BI12: 3.7 | BJ12: 4.4 | BK12: 12.5 | BL12: 15.6 | BM12: 7.8 | BN12: 15.4 | BO12: -4.5 | BP12: 11.9 | BQ12: 15.8 | BR12: 21.3 | BS12: 32.6 | BT12: 45.8 | BU12: 84 | BV12: 77.8 | BW12: 99.2 | BX12: 91 | BY12: 90.5 | BZ12: 137.7 | CA12: -9.8 | CB12: 3.3 | CC12: -6.9 | CD12: 8.2 | CE12: 8.2 | CF12: 16.7 | CG12: 22.5 | CH12: 27.5 | CI12: 24.7 | CJ12: 9.4 | CK12: 8.4 | CL12: 6.2 | CM12: 2.9 | CN12: 5.3 | CO12: 2.8 | CP12: 4.2 | CQ12: 6.7 | CR12: 5.4 | CS12: 3.1 | CT12: 1.7 | CU12: 6.4 | CV12: 0.5 | CW12: -13.6 | CX12: 2.6 | CY12: 34.4 | CZ12: 49.3 | DA12: 38.2 | DB12: 35.2 | DC12: 34.1 | DD12: 27.3 | DE12: 44.3 | DF12: 40.2 | DG12: 47.5 | DH12: 36.8 | DI12: 25.7 | DJ12: 31.5 | DK12: 4.3 | DL12: 4.1 | DM12: 3.3 | DN12: 4.4 | DO12: 4.9 | DP12: 13.1 | DQ12: 5.2 | DR12: 10.4 | DS12: 10.2 | DT12: 18.1 | DU12: 3.1 | DV12: 9.2 | DW12: 2.5 | DY12: 9.7 | DZ12: 9.7 | EA12: 7.7 | EB12: 10 | EC12: 16.5 | ED12: 22.3 | EE12: 22.3 | EF12: 34.2 | EG12: 32.4 | EH12: 27.9 | EI12: 15.6 | EJ12: 20 | EK12: 6.9 | EL12: 15.7 | EM12: 13.1 | EN12: 20.9 | EO12: 2.1 | EP12: -1.4 | EQ12: 4.2 | ER12: 1 | ES12: -3.5 | ET12: 3.3 | EU12: -5.7 | EV12: -9.6 | EW12: 0.2 | EX12: -2 | EY12: 5.1 | EZ12: 7.7 | FA12: 8 | FB12: 1.6 | FC12: -2.8 | FD12: -3 | FE12: -8.8 | FF12: -1.6 | FG12: 1.7 | FH12: 15.5 | FI12: 21.3 | FJ12: 24.2 | FK12: 21.8 | FL12: 26.5 | FM12: 30.4 | FN12: 26.7 | FO12: 28.3 | FP12: 31.1 | FQ12: 21.4 | FR12: 18.9 | FS12: -9 | FT12: -7.6 | FU12: -6.1 | FV12: -2.1 | FW12: 5.3 | FX12: 17 | FY12: 5.3 | FZ12: 26 | GA12: 36.9 | GB12: 37.9 | GC12: 42 | GD12: 41 | GE12: -0.7 | GF12: -8.2 | GG12: -11.6 | GH12: -9.3 | GI12: -12 | GJ12: -8.2 | GK12: -11 | GL12: -8.9 | GM12: -4.7 | GN12: -9.9 | GO12: -3.4 | GP12: 2.6 | GQ12: -12.1 | GR12: -13.7 | GS12: -1.8 | GT12: -0.3 | GU12: 3.9 | GV12: 1.4 | GW12: 8.7 | GX12: 5.4 | GY12: 18.3 | GZ12: 10.6 | HA12: 13.8 | HB12: 7.7 | HC12: -8.8 | HD12: -11.2 | HE12: -17.9 | HF12: -11.1 | HG12: -12.6 | HH12: -2.9 | HI12: 9 | HJ12: 15.5 | HK12: 13.2 | HL12: 2.9 | HM12: 11.4 | HN12: 16.2 | HO12: 7.6 | HP12: -2 | HQ12: -15.1 | HR12: -15.2 | HS12: -7.9 | HT12: -12.6 | HU12: 2.3 | HV12: -1.8 | HW12: -12.5 | HX12: -8.2 | HY12: -7.7 | HZ12: -9.4 | IA12: -8.3 | IB12: -1.5 | IC12: 19.2 | ID12: -4.3 | IE12: -4.1 | IF12: -7.3 | IG12: -10.4 | IH12: -3.7 | II12: -9.4 | IJ12: -2.1 | IK12: 3.7 | IL12: -6.3 | IM12: -3.3 | IN12: -4.2 | IO12: 4.9 | IP12: 12.9 | IQ12: 18.6 | IR12: 23.8 | IS12: 20.2 | IT12: 23.8 | IU12: 14.3 | IV12: 15.5 | IW12: 20.9 | IX12: 36.5 | IY12: 0.9 | IZ12: 13.9 | JA12: 3.8 | JB12: 4.3 | JC12: 1.3 | JD12: 2.2 | JE12: 9.1 | JF12: 14.3 | JG12: 3.8 | JH12: 9 | JI12: -0.7 | JJ12: 6.2 | JK12: -10.7 | JL12: -11.3 | JM12: -10.4 | JN12: -13.4 | JO12: -15.8 | JP12: -7 | JQ12: -12 | JR12: -11.2 | JS12: -11.9 | JT12: -11.5 | JU12: -10.8 | JV12: -3.1 | JW12: -4.4 | JX12: -6 | JY12: -12.1 | JZ12: -5.1 | KA12: -3.3 | KB12: -3.6 | KC12: -5.7 | KD12: -4.1 | KE12: -6.5 | KF12: -4.6 | KG12: -3.7 | KH12: 5.5 | KI12: -5.3 | KJ12: -4.1 | KK12: -8.2 | KL12: -8 | KM12: -6.3 | KN12: -5.6 | KO12: 0.1 | KP12: 1.7 | KQ12: 18.5 | KR12: 23.5 | KS12: 20.1 | KT12: 36.4 | KU12: -7.3 | KV12: -8.9 | KW12: -11.6 | KX12: 6.3 | KY12: 4.8 | KZ12: 6.1
A13: Reserve deposits of Commercial Banks in NBK | BO13: 104246 | BP13: 167523 | BQ13: 168465 | BR13: 167478 | BS13: 198173 | BT13: 222582 | BU13: 400636 | BV13: 389420 | BW13: 499137 | BX13: 485688 | BY13: 475809 | BZ13: 665353 | CA13: 521119 | CB13: 690755 | CC13: 506133 | CD13: 650324 | CE13: 604213 | CF13: 679691 | CG13: 721718 | CH13: 784748 | CI13: 793870 | CJ13: 636931 | CK13: 633609 | CL13: 557755 | CM13: 654018 | CN13: 683779 | CO13: 630400 | CP13: 633113 | CQ13: 638629 | CR13: 591504 | CS13: 551683 | CT13: 497812 | CU13: 546268 | CV13: 457414 | CW13: 235496 | CX13: 295179 | CY13: 608632 | CZ13: 721496 | DA13: 592390 | DB13: 561115 | DC13: 550356 | DD13: 395346 | DE13: 469558 | DF13: 604502 | DG13: 695344 | DH13: 625205 | DI13: 437740 | DJ13: 460395 | DK13: 498421 | DL13: 478391 | DM13: 493153 | DN13: 452073 | DO13: 533216 | DP13: 570279 | DQ13: 400941 | DR13: 474798 | DS13: 355611 | DT13: 486109 | DU13: 372897 | DV13: 292371 | DW13: 387193 | DX13: 342311 | DY13: 499793 | DZ13: 454557 | EA13: 308051 | EB13: 329837 | EC13: 446864 | ED13: 536519 | EE13: 565031 | EF13: 849172 | EG13: 827655 | EH13: 631460 | EI13: 1091545 | EJ13: 1215195 | EK13: 806384 | EL13: 1183188 | EM13: 1096117 | EN13: 1245427 | EO13: 732578 | EP13: 656104 | EQ13: 717188 | ER13: 721985 | ES13: 672777 | ET13: 665236 | EU13: 620510 | EV13: 650272 | EW13: 904246 | EX13: 831399 | EY13: 1034969 | EZ13: 1035896 | FA13: 1079383 | FB13: 951687 | FC13: 834749 | FD13: 852001 | FE13: 747732 | FF13: 804426 | FG13: 968116 | FH13: 1257364 | FI13: 1313016 | FJ13: 1198748 | FK13: 1162201 | FL13: 1118926 | FM13: 1307312 | FN13: 1209355 | FO13: 1419282 | FP13: 1635563 | FQ13: 1517936 | FR13: 1399485 | FS13: 1309106 | FT13: 1325699 | FU13: 1360175 | FV13: 1433386 | FW13: 1446441 | FX13: 1837992 | FY13: 1555689 | FZ13: 2152225 | GA13: 2584821 | GB13: 2709436 | GC13: 2820049 | GD13: 2755913 | GE13: 2890292 | GF13: 2281180 | GG13: 2056893 | GH13: 2087059 | GI13: 1910325 | GJ13: 2041405 | GK13: 1692299 | GL13: 1954400 | GM13: 2109097 | GN13: 1985254 | GO13: 2140100 | GP13: 2310652 | GQ13: 1993542 | GR13: 1875978 | GS13: 1936390 | GT13: 1852155 | GU13: 2159960 | GV13: 1987952 | GW13: 2472084 | GX13: 2467920 | GY13: 2402189 | GZ13: 2409850 | HA13: 2652431 | HB13: 2314690 | HC13: 2088318 | HD13: 1879142 | HE13: 1600439 | HF13: 1747678 | HG13: 1644369 | HH13: 1733309 | HI13: 2543200 | HJ13: 2983842 | HK13: 2949889 | HL13: 2415811 | HM13: 2863210 | HN13: 2608448 | HO13: 2474568 | HP13: 2785612 | HQ13: 2105029 | HR13: 2035592 | HS13: 2048866 | HT13: 2078894 | HU13: 2459208 | HV13: 2523565 | HW13: 1873685 | HX13: 2140366 | HY13: 2148058 | HZ13: 1700882 | IA13: 1574798 | IB13: 1855039 | IC13: 2400428 | ID13: 1466597 | IE13: 1370114 | IF13: 1221236 | IG13: 1018849 | IH13: 1299999 | II13: 915136 | IJ13: 969462 | IK13: 1348357 | IL13: 1299270 | IM13: 1086564 | IN13: 1192837 | IO13: 1250191 | IP13: 1502393 | IQ13: 1756918 | IR13: 2018366 | IS13: 1687445 | IT13: 2038207 | IU13: 1584889 | IV13: 1691071 | IW13: 2131012 | IX13: 2074806 | IY13: 2355116 | IZ13: 3241122 | JA13: 2535485 | JB13: 2572547 | JC13: 2355292 | JD13: 2201695 | JE13: 2630146 | JF13: 2982461 | JG13: 2304152 | JH13: 2592492 | JI13: 1913640 | JJ13: 2202901 | JK13: 1643442 | JL13: 1659809 | JM13: 1654622 | JN13: 1292230 | JO13: 1139901 | JP13: 1309348 | JQ13: 1342609 | JR13: 1449843 | JS13: 1271845 | JT13: 1347906 | JU13: 1283778 | JV13: 1483719 | JW13: 1556051 | JX13: 1395575 | JY13: 1035162 | JZ13: 1209203 | KA13: 1190485 | KB13: 1073890 | KC13: 1004243 | KD13: 1084200 | KE13: 991225 | KF13: 1132641 | KG13: 1186766 | KH13: 1372456 | KI13: 1156468 | KJ13: 1255203 | KK13: 1220802 | KL13: 1130854 | KM13: 1199383 | KN13: 993761 | KO13: 1343839 | KP13: 1388616 | KQ13: 2745602 | KR13: 3093313 | KS13: 2779930 | KT13: 3742168 | KU13: 3157003 | KV13: 3078962 | KW13: 2799858 | KX13: 4494563 | KY13: 4195065 | KZ13: 4250443
A15: M0 | B15: 98705 | C15: 106105 | D15: 104356 | E15: 97267 | F15: 106428 | G15: 96126 | H15: 100186 | I15: 101993 | J15: 106168 | K15: 104479 | L15: 110538 | M15: 113806 | N15: 116879 | O15: 124234 | P15: 123057 | Q15: 117054 | R15: 131175 | S15: 116261 | T15: 119925 | U15: 123915 | V15: 124695 | W15: 127581 | X15: 134966 | Y15: 138081 | Z15: 141823 | AA15: 141360 | AB15: 149144 | AC15: 148365 | AD15: 161701 | AE15: 143087 | AF15: 153620 | AG15: 159233 | AH15: 166954 | AI15: 174283 | AJ15: 190039 | AK15: 202822 | AL15: 207974 | AM15: 217967 | AN15: 231886 | AO15: 224752 | AP15: 238545 | AQ15: 231074 | AR15: 241154 | AS15: 244817 | AT15: 256876 | AU15: 260438 | AV15: 281457 | AW15: 299014 | AX15: 305738 | AY15: 312083 | AZ15: 332032 | BA15: 345937 | BB15: 379273 | BC15: 345726 | BD15: 356828 | BE15: 364830 | BF15: 379870 | BG15: 386205 | BH15: 389452 | BI15: 399519 | BJ15: 401956 | BK15: 414713 | BL15: 416768 | BM15: 395511 | BN15: 411813 | BO15: 385714 | BP15: 404446 | BQ15: 436668 | BR15: 462704 | BS15: 503411 | BT15: 550041 | BU15: 572149 | BV15: 554974 | BW15: 550931 | BX15: 529391 | BY15: 524663 | BZ15: 600832 | CA15: 599308 | CB15: 613245 | CC15: 652146 | CD15: 699939 | CE15: 750390 | CF15: 793088 | CG15: 815401 | CH15: 806070 | CI15: 770694 | CJ15: 724686 | CK15: 686061 | CL15: 739687 | CM15: 677389 | CN15: 683895 | CO15: 696403 | CP15: 719223 | CQ15: 741460 | CR15: 769601 | CS15: 786977 | CT15: 796755 | CU15: 806775 | CV15: 815935 | CW15: 806667 | CX15: 857842 | CY15: 714096 | CZ15: 701571 | DA15: 717865 | DB15: 747225 | DC15: 779827 | DD15: 818735 | DE15: 807319 | DF15: 807062 | DG15: 809662 | DH15: 820629 | DI15: 836670 | DJ15: 913443 | DK15: 874577 | DL15: 882451 | DM15: 898241 | DN15: 957620 | DO15: 990568 | DP15: 1033962 | DQ15: 1072300 | DR15: 1069834 | DS15: 1086459 | DT15: 1096039 | DU15: 1074837 | DV15: 1148489 | DW15: 1094781 | DX15: 1091552 | DY15: 1097141 | DZ15: 1124804 | EA15: 1142660 | EB15: 1191674 | EC15: 1234223 | ED15: 1254132 | EE15: 1260656 | EF15: 1260243 | EG15: 1234734 | EH15: 1365698 | EI15: 1301396 | EJ15: 1291276 | EK15: 1307762 | EL15: 1341433 | EM15: 1350136 | EN15: 1389424 | EO15: 1398763 | EP15: 1405179 | EQ15: 1421824 | ER15: 1407553 | ES15: 1379943 | ET15: 1528077 | EU15: 1422379 | EV15: 1409475 | EW15: 1428375 | EX15: 1438927 | EY15: 1460239 | EZ15: 1523517 | FA15: 1475865 | FB15: 1467659 | FC15: 1453566 | FD15: 1437651 | FE15: 1404152 | FF15: 1512261 | FG15: 1397708 | FH15: 1399675 | FI15: 1319887 | FJ15: 1359033 | FK15: 1397801 | FL15: 1452216 | FM15: 1439601 | FN15: 1382569 | FO15: 1369299 | FP15: 1274397 | FQ15: 1221633 | FR15: 1122319 | FS15: 1035712 | FT15: 1020848 | FU15: 1037126 | FV15: 1018439 | FW15: 1086948 | FX15: 1143598 | FY15: 1135293 | FZ15: 1186211 | GA15: 1199959 | GB15: 1201559 | GC15: 1190243 | GD15: 1236973 | GE15: 1174178 | GF15: 1237519 | GG15: 1302768 | GH15: 1395984 | GI15: 1485329 | GJ15: 1582258 | GK15: 1593378 | GL15: 1548974 | GM15: 1560761 | GN15: 1572842 | GO15: 1567794 | GP15: 1748810 | GQ15: 1619063 | GR15: 1640297 | GS15: 1645407 | GT15: 1724115 | GU15: 1741857 | GV15: 1830669 | GW15: 1869034 | GX15: 1820613 | GY15: 1816089 | GZ15: 1778145 | HA15: 1766492 | HB15: 1946338 | HC15: 1817235 | HD15: 1794473 | HE15: 1810244 | HF15: 1886063 | HG15: 1940652 | HH15: 2059000 | HI15: 2103425 | HJ15: 2100151 | HK15: 2067026 | HL15: 2102866 | HM15: 2082467 | HN15: 2260157 | HO15: 2170013 | HP15: 2134988 | HQ15: 2193233 | HR15: 2207421 | HS15: 2245869 | HT15: 2231486 | HU15: 2236207 | HV15: 2247723 | HW15: 2232862 | HX15: 2231036 | HY15: 2200878 | HZ15: 2300505 | IA15: 2189815 | IB15: 2215110 | IC15: 2301265 | ID15: 2572940 | IE15: 2766404 | IF15: 2784088 | IG15: 2885316 | IH15: 2922621 | II15: 2808870 | IJ15: 2804394 | IK15: 2707107 | IL15: 2828046 | IM15: 2716272 | IN15: 2746749 | IO15: 2793576 | IP15: 2884383 | IQ15: 2964596 | IR15: 3027160 | IS15: 3034440 | IT15: 3014468 | IU15: 2984325 | IV15: 3013564 | IW15: 2905399 | IX15: 2997723 | IY15: 2990997 | IZ15: 2992529 | JA15: 3058620 | JB15: 3106580 | JC15: 3076771 | JD15: 3260227 | JE15: 3344648 | JF15: 3296689 | JG15: 3316247 | JH15: 3309675 | JI15: 3251187 | JJ15: 3360653 | JK15: 3251127 | JL15: 3196089 | JM15: 3219144 | JN15: 3363522 | JO15: 3351386 | JP15: 3495339 | JQ15: 3506866 | JR15: 3514416 | JS15: 3553371 | JT15: 3531833 | JU15: 3471926 | JV15: 3639662 | JW15: 3614419 | JX15: 3620669 | JY15: 3639093 | JZ15: 3638486 | KA15: 3702853 | KB15: 3917267 | KC15: 3967485 | KD15: 4047903 | KE15: 3991214 | KF15: 4038230 | KG15: 4062417 | KH15: 4374546 | KI15: 4281381 | KJ15: 4224931 | KK15: 4281997 | KL15: 4419978 | KM15: 4501805 | KN15: 4723999 | KO15: 4796892 | KP15: 4822508 | KQ15: 4692018 | KR15: 4652724 | KS15: 4570342 | KT15: 4749199 | KU15: 4571140 | KV15: 4485043 | KW15: 4479899 | KX15: 4590886 | KY15: 4764859 | KZ15: 4864774
A16: % changes to the previous month | B16: 1.3 | C16: 7.5 | D16: -1.6 | E16: -6.8 | F16: 9.4 | G16: -9.7 | H16: 4.2 | I16: 1.8 | J16: 4.1 | K16: -1.6 | L16: 5.8 | M16: 3 | N16: 2.7 | O16: 6.3 | P16: -0.9 | Q16: -4.9 | R16: 12.1 | S16: -11.4 | T16: 3.2 | U16: 3.3 | V16: 0.6 | W16: 2.3 | X16: 5.8 | Y16: 2.3 | Z16: 2.7 | AA16: -0.3 | AB16: 5.5 | AC16: -0.5 | AD16: 9 | AE16: -11.5 | AF16: 7.4 | AG16: 3.7 | AH16: 4.8 | AI16: 4.4 | AJ16: 9 | AK16: 6.7 | AL16: 2.5 | AM16: 4.8 | AN16: 6.4 | AO16: -3.1 | AP16: 6.1 | AQ16: -3.1 | AR16: 4.4 | AS16: 1.5 | AT16: 4.9 | AU16: 1.4 | AV16: 8.1 | AW16: 6.2 | AX16: 2.2 | AY16: 2.1 | AZ16: 6.4 | BA16: 4.2 | BB16: 9.6 | BC16: -8.8 | BD16: 3.2 | BE16: 2.2 | BF16: 4.1 | BG16: 1.7 | BH16: 0.8 | BI16: 2.6 | BJ16: 0.6 | BK16: 3.2 | BL16: 0.5 | BM16: -5.1 | BN16: 4.1 | BO16: -6.3 | BP16: 4.9 | BQ16: 8 | BR16: 6 | BS16: 8.8 | BT16: 9.3 | BU16: 4 | BV16: -3 | BW16: -0.7 | BX16: -3.9 | BY16: -0.9 | BZ16: 14.5 | CA16: -0.3 | CB16: 2.3 | CC16: 6.3 | CD16: 7.3 | CE16: 7.2 | CF16: 5.7 | CG16: 2.8 | CH16: -1.1 | CI16: -4.4 | CJ16: -6 | CK16: -5.3 | CL16: 7.8 | CM16: -8.4 | CN16: 1 | CO16: 1.8 | CP16: 3.3 | CQ16: 3.1 | CR16: 3.8 | CS16: 2.3 | CT16: 1.2 | CU16: 1.3 | CV16: 1.1 | CW16: -1.1 | CX16: 6.3 | CY16: -16.8 | CZ16: -1.8 | DA16: 2.3 | DB16: 4.1 | DC16: 4.4 | DD16: 5 | DE16: -1.4 | DG16: 0.3 | DH16: 1.4 | DI16: 2 | DJ16: 9.2 | DK16: -4.3 | DL16: 0.9 | DM16: 1.8 | DN16: 6.6 | DO16: 3.4 | DP16: 4.4 | DQ16: 3.7 | DR16: -0.2 | DS16: 1.6 | DT16: 0.9 | DU16: -1.9 | DV16: 6.9 | DW16: -4.7 | DX16: -0.3 | DY16: 0.5 | DZ16: 2.5 | EA16: 1.6 | EB16: 4.3 | EC16: 3.6 | ED16: 1.6 | EE16: 0.5 | EG16: -2 | EH16: 10.6 | EI16: -4.7 | EJ16: -0.8 | EK16: 1.3 | EL16: 2.6 | EM16: 0.6 | EN16: 2.9 | EO16: 0.7 | EP16: 0.5 | EQ16: 1.2 | ER16: -1 | ES16: -2 | ET16: 10.7 | EU16: -6.9 | EV16: -0.9 | EW16: 1.3 | EX16: 0.7 | EY16: 1.5 | EZ16: 4.3 | FA16: -3.1 | FB16: -0.6 | FC16: -1 | FD16: -1.1 | FE16: -2.3 | FF16: 7.7 | FG16: -7.6 | FH16: 0.1 | FI16: -5.7 | FJ16: 3 | FK16: 2.9 | FL16: 3.9 | FM16: -0.9 | FN16: -4 | FO16: -1 | FP16: -6.9 | FQ16: -4.1 | FS16: -7.7 | FT16: -1.4 | FU16: 1.6 | FV16: -1.8 | FW16: 6.7 | FX16: 5.2 | FY16: -0.7 | FZ16: 4.5 | GA16: 1.2 | GB16: 0.1 | GC16: -0.9 | GD16: 3.9 | GE16: -5.1 | GF16: 5.4 | GG16: 5.3 | GH16: 7.2 | GI16: 6.4 | GJ16: 6.5 | GK16: 0.7 | GL16: -2.8 | GM16: 0.8 | GN16: 0.8 | GO16: -0.3 | GP16: 11.5 | GQ16: -7.4 | GR16: 1.3 | GS16: 0.3 | GT16: 4.8 | GU16: 1 | GV16: 5.1 | GW16: 2.1 | GX16: -2.6 | GY16: -0.2 | GZ16: -2.1 | HA16: -0.7 | HB16: 10.2 | HC16: -6.6 | HD16: -1.3 | HE16: 0.9 | HF16: 4.2 | HG16: 2.9 | HH16: 6.1 | HI16: 2.2 | HJ16: -0.2 | HK16: -1.6 | HL16: 1.7 | HM16: -1 | HN16: 8.5 | HO16: -4 | HP16: -1.6 | HQ16: 2.7 | HR16: 0.6 | HS16: 1.7 | HT16: -0.6 | HU16: 0.2 | HV16: 0.5 | HW16: -0.7 | HX16: -0.1 | HY16: -1.4 | HZ16: 4.5 | IA16: -4.8 | IB16: 1.2 | IC16: 3.9 | ID16: 11.8 | IE16: 7.5 | IF16: 0.6 | IG16: 3.6 | IH16: 1.3 | II16: -3.9 | IJ16: -0.2 | IK16: -3.5 | IL16: 4.5 | IM16: -4 | IN16: 1.1 | IO16: 1.7 | IP16: 3.3 | IQ16: 2.8 | IR16: 2.1 | IS16: 0.2 | IT16: -0.7 | IU16: -1 | IV16: 1 | IW16: -3.6 | IX16: 3.2 | IY16: -0.2 | IZ16: 0.1 | JA16: 2.2 | JB16: 1.6 | JC16: -1 | JD16: 6 | JE16: 2.6 | JF16: -1.4 | JG16: 0.6 | JH16: -0.2 | JI16: -1.8 | JJ16: 3.4 | JK16: -3.3 | JL16: -1.7 | JM16: 0.7 | JN16: 4.5 | JO16: -0.4 | JP16: 4.3 | JQ16: 0.3 | JR16: 0.2 | JS16: 1.1 | JT16: -0.6 | JU16: -1.7 | JV16: 4.8 | JW16: -0.7 | JX16: 0.2 | JY16: 0.5 | KA16: 1.8 | KB16: 5.8 | KC16: 1.3 | KD16: 2 | KE16: -1.4 | KF16: 1.2 | KG16: 0.6 | KH16: 7.7 | KI16: -2.1 | KJ16: -1.3 | KK16: 1.4 | KL16: 3.2 | KM16: 1.9 | KN16: 4.9 | KO16: 1.5 | KP16: 0.5 | KQ16: -2.7 | KR16: -0.8 | KS16: -1.8 | KT16: 3.9 | KU16: -3.7 | KV16: -1.9 | KW16: -0.1 | KX16: 2.5 | KY16: 3.8 | KZ16: 2.1
A17: % changes to December of the previous year | B17: -4.6 | C17: 2.5 | D17: 0.8 | E17: -6 | F17: 2.8 | G17: -9.7 | H17: -5.9 | I17: -4.2 | J17: -0.2 | K17: -1.8 | L17: 3.9 | M17: 6.9 | N17: 9.8 | O17: 16.7 | P17: 15.6 | Q17: 10 | R17: 23.3 | S17: -11.4 | T17: -8.6 | U17: -5.5 | V17: -4.9 | W17: -2.7 | X17: 2.9 | Y17: 5.3 | Z17: 8.1 | AA17: 7.8 | AB17: 13.7 | AC17: 13.1 | AD17: 23.3 | AE17: -11.5 | AF17: -5 | AG17: -1.5 | AH17: 3.2 | AI17: 7.8 | AJ17: 17.5 | AK17: 25.4 | AL17: 28.6 | AM17: 34.8 | AN17: 43.4 | AO17: 39 | AP17: 47.5 | AQ17: -3.1 | AR17: 1.1 | AS17: 2.6 | AT17: 7.7 | AU17: 9.2 | AV17: 18 | AW17: 25.3 | AX17: 28.2 | AY17: 30.8 | AZ17: 39.2 | BA17: 45 | BB17: 59 | BC17: -8.8 | BD17: -5.9 | BE17: -3.8 | BF17: 0.2 | BG17: 1.8 | BH17: 2.7 | BI17: 5.3 | BJ17: 6 | BK17: 9.3 | BL17: 9.9 | BM17: 4.3 | BN17: 8.6 | BO17: -6.3 | BP17: -1.8 | BQ17: 6 | BR17: 12.4 | BS17: 22.2 | BT17: 33.6 | BU17: 38.9 | BV17: 34.8 | BW17: 33.8 | BX17: 28.6 | BY17: 27.4 | BZ17: 45.9 | CA17: -0.3 | CB17: 2.1 | CC17: 8.5 | CD17: 16.5 | CE17: 24.9 | CF17: 32 | CG17: 35.7 | CH17: 34.2 | CI17: 28.3 | CJ17: 20.6 | CK17: 14.2 | CL17: 23.1 | CM17: -8.4 | CN17: -7.5 | CO17: -5.9 | CP17: -2.8 | CQ17: 0.2 | CR17: 4 | CS17: 6.4 | CT17: 7.7 | CU17: 9.1 | CV17: 10.3 | CW17: 9.1 | CX17: 16 | CY17: -16.8 | CZ17: -18.2 | DA17: -16.3 | DB17: -12.9 | DC17: -9.1 | DD17: -4.6 | DE17: -5.9 | DF17: -5.9 | DG17: -5.6 | DH17: -4.3 | DI17: -2.5 | DJ17: 6.5 | DK17: -4.3 | DL17: -3.4 | DM17: -1.7 | DN17: 4.8 | DO17: 8.4 | DP17: 13.2 | DQ17: 17.4 | DR17: 17.1 | DS17: 18.9 | DT17: 20 | DU17: 17.7 | DV17: 25.7 | DW17: -4.7 | DX17: -5 | DY17: -4.5 | DZ17: -2.1 | EA17: -0.5 | EB17: 3.8 | EC17: 7.5 | ED17: 9.2 | EE17: 9.8 | EF17: 9.7 | EG17: 7.5 | EH17: 18.9 | EI17: -4.7 | EJ17: -5.4 | EK17: -4.2 | EL17: -1.8 | EM17: -1.1 | EN17: 1.7 | EO17: 2.4 | EP17: 2.9 | EQ17: 4.1 | ER17: 3.1 | ES17: 1 | ET17: 11.9 | EU17: -6.9 | EV17: -7.8 | EW17: -6.5 | EX17: -5.8 | EY17: -4.4 | EZ17: -0.3 | FA17: -3.4 | FB17: -3.9 | FC17: -4.9 | FD17: -5.9 | FE17: -8.1 | FF17: -1 | FG17: -7.6 | FH17: -7.4 | FI17: -12.7 | FJ17: -10.1 | FK17: -7.6 | FL17: -4 | FM17: -4.8 | FN17: -8.6 | FO17: -9.5 | FP17: -15.7 | FQ17: -19.2 | FR17: -25.8 | FS17: -7.7 | FT17: -9 | FU17: -7.6 | FV17: -9.3 | FW17: -3.2 | FX17: 1.9 | FY17: 1.2 | FZ17: 5.7 | GA17: 6.9 | GB17: 7.1 | GC17: 6.1 | GD17: 10.2 | GE17: -5.1 | GG17: 5.3 | GH17: 12.9 | GI17: 20.1 | GJ17: 27.9 | GK17: 28.8 | GL17: 25.2 | GM17: 26.2 | GN17: 27.2 | GO17: 26.7 | GP17: 41.4 | GQ17: -7.4 | GR17: -6.2 | GS17: -5.9 | GT17: -1.4 | GU17: -0.4 | GV17: 4.7 | GW17: 6.9 | GX17: 4.1 | GY17: 3.8 | GZ17: 1.7 | HA17: 1 | HB17: 11.3 | HC17: -6.6 | HD17: -7.8 | HE17: -7 | HF17: -3.1 | HG17: -0.3 | HH17: 5.8 | HI17: 8.1 | HJ17: 7.9 | HK17: 6.2 | HL17: 8 | HM17: 7 | HN17: 16.1 | HO17: -4 | HP17: -5.5 | HQ17: -3 | HR17: -2.3 | HS17: -0.6 | HT17: -1.3 | HU17: -1.1 | HV17: -0.6 | HW17: -1.2 | HX17: -1.3 | HY17: -2.6 | HZ17: 1.8 | IA17: -4.8 | IB17: -3.7 | ID17: 11.8 | IE17: 20.3 | IF17: 21 | IG17: 25.4 | IH17: 27 | II17: 22.1 | IJ17: 21.9 | IK17: 17.7 | IL17: 22.9 | IM17: -4 | IN17: -2.9 | IO17: -1.2 | IP17: 2 | IQ17: 4.8 | IR17: 7 | IS17: 7.3 | IT17: 6.6 | IU17: 5.5 | IV17: 6.6 | IW17: 2.7 | IX17: 6 | IY17: -0.2 | IZ17: -0.2 | JA17: 2 | JB17: 3.6 | JC17: 2.6 | JD17: 8.8 | JE17: 11.6 | JF17: 10 | JG17: 10.6 | JH17: 10.4 | JI17: 8.5 | JJ17: 12.1 | JK17: -3.3 | JL17: -4.9 | JM17: -4.2 | JN17: 0.1 | JO17: -0.3 | JP17: 4 | JQ17: 4.4 | JR17: 4.6 | JS17: 5.7 | JT17: 5.1 | JU17: 3.3 | JV17: 8.3 | JW17: -0.7 | JX17: -0.5 | KA17: 1.7 | KB17: 7.6 | KC17: 9 | KD17: 11.2 | KE17: 9.7 | KF17: 11 | KG17: 11.6 | KH17: 20.2 | KI17: -2.1 | KJ17: -3.4 | KK17: -2.1 | KL17: 1 | KM17: 2.9 | KN17: 8 | KO17: 9.7 | KP17: 10.2 | KQ17: 7.3 | KR17: 6.4 | KS17: 4.5 | KT17: 8.6 | KU17: -3.7 | KV17: -5.6 | KW17: -5.7 | KX17: -3.3 | KY17: 0.3 | KZ17: 2.4
A19: M1 | B19: 174309 | C19: 186625 | D19: 191640 | E19: 179668 | F19: 195442 | G19: 174647 | H19: 186169 | I19: 194454 | J19: 182772 | K19: 188735 | L19: 206902 | M19: 206182 | N19: 209814 | O19: 227332 | P19: 218044 | Q19: 213537 | R19: 224234 | S19: 193220 | T19: 193349 | U19: 207635 | V19: 208469 | W19: 212694 | X19: 221339 | Y19: 226896 | Z19: 239041 | AA19: 243626 | AB19: 252715 | AC19: 253642 | AD19: 287293 | AE19: 255430 | AF19: 276729 | AG19: 294907 | AH19: 307294 | AI19: 325559 | AJ19: 362465 | AK19: 370584 | AL19: 375752 | AM19: 407353 | AN19: 422702 | AO19: 420972 | AP19: 412139 | AQ19: 403279 | AR19: 427520 | AS19: 443087 | AT19: 453475 | AU19: 483869 | AV19: 515381 | AW19: 534930 | AX19: 557706 | AY19: 566350 | AZ19: 597639 | BA19: 633280 | BB19: 680632 | BC19: 616318 | BD19: 657619 | BE19: 687233 | BF19: 719537 | BG19: 719891 | BH19: 750368 | BI19: 750283 | BJ19: 757748 | BK19: 786047 | BL19: 775566 | BM19: 771401 | BN19: 799440 | BO19: 749574 | BP19: 867494 | BQ19: 913456 | BR19: 933727 | BS19: 1013748 | BT19: 1077420 | BU19: 1155872 | BV19: 1146848 | BW19: 1186755 | BX19: 1132520 | BY19: 1170277 | BZ19: 1281549 | CA19: 1250609 | CB19: 1344095 | CC19: 1393072 | CD19: 1501086 | CE19: 1586502 | CF19: 1719489 | CG19: 1666933 | CH19: 1622284 | CI19: 1649525 | CJ19: 1502444 | CK19: 1471317 | CL19: 1532688 | CM19: 1441389 | CN19: 1497436 | CO19: 1576730 | CP19: 1578419 | CQ19: 1710068 | CR19: 1778665 | CS19: 1812997 | CT19: 1808743 | CU19: 1929268 | CV19: 1786427 | CW19: 1805923 | CX19: 1947570 | CY19: 2006257 | CZ19: 2260440 | DA19: 2278690 | DB19: 2222349 | DC19: 2279615 | DD19: 2444213 | DE19: 2597617 | DF19: 2438362 | DG19: 2384658 | DH19: 2318943 | DI19: 2402657 | DJ19: 2457677 | DK19: 2536665 | DL19: 2595183 | DM19: 2707056 | DN19: 2788684 | DO19: 2641760 | DP19: 2863832 | DQ19: 2830371 | DR19: 2960520 | DS19: 3082180 | DT19: 3161605 | DU19: 2970451 | DV19: 3116049 | DW19: 3112623 | DX19: 3137096 | DY19: 3440728 | DZ19: 3489824 | EA19: 3519077 | EB19: 3684065 | EC19: 3866985 | ED19: 3673637 | EE19: 3704025 | EF19: 3627006 | EG19: 3537250 | EH19: 3844996 | EI19: 3614004 | EJ19: 3762159 | EK19: 3886272 | EL19: 3725310 | EM19: 3812954 | EN19: 3993464 | EO19: 3888499 | EP19: 3732979 | EQ19: 3811804 | ER19: 3759904 | ES19: 3579746 | ET19: 3880611 | EU19: 3719628 | EV19: 3759364 | EW19: 3844133 | EX19: 3884077 | EY19: 3811101 | EZ19: 3973997 | FA19: 3748696 | FB19: 3505672 | FC19: 3640006 | FD19: 3489379 | FE19: 3312367 | FF19: 3518418 | FG19: 3489766 | FH19: 3345979 | FI19: 3461744 | FJ19: 3559615 | FK19: 3583133 | FL19: 3958367 | FM19: 3863590 | FN19: 3773208 | FO19: 3639562 | FP19: 3406501 | FQ19: 3196190 | FR19: 2980974 | FS19: 2800476 | FT19: 2908663 | FU19: 3060341 | FV19: 3036984 | FW19: 3434338 | FX19: 3602481 | FY19: 3457335 | FZ19: 3340687 | GA19: 3284925 | GB19: 3139300 | GC19: 3012824 | GD19: 3032711 | GE19: 2971351 | GF19: 3140515 | GG19: 3587429 | GH19: 3866346 | GI19: 3955149 | GJ19: 4220880 | GK19: 4226445 | GL19: 4026363 | GM19: 4038754 | GN19: 4283330 | GO19: 4354953 | GP19: 4589768 | GQ19: 4310015 | GR19: 4454442 | GS19: 4927779 | GT19: 5046178 | GU19: 5127913 | GV19: 5010955 | GW19: 5143578 | GX19: 4738682 | GY19: 5476568 | GZ19: 4991002 | HA19: 4917595 | HB19: 4967992 | HC19: 4995811 | HD19: 4807891 | HE19: 4807409 | HF19: 4893766 | HG19: 5044409 | HH19: 5577251 | HI19: 5520420 | HJ19: 5252714 | HK19: 5122707 | HL19: 5305813 | HM19: 5051957 | HN19: 5605006 | HO19: 6412273 | HP19: 5507657 | HQ19: 5402116 | HR19: 5411541 | HS19: 5760725 | HT19: 5507695 | HU19: 5599015 | HV19: 5576525 | HW19: 5568288 | HX19: 5703278 | HY19: 5616375 | HZ19: 5928085 | IA19: 5616433 | IB19: 5687711 | IC19: 6164531 | ID19: 6251342 | IE19: 6414901 | IF19: 6640829 | IG19: 6758204 | IH19: 6760726 | II19: 6700333 | IJ19: 6864955 | IK19: 7199420 | IL19: 7186951 | IM19: 6927993 | IN19: 7292252 | IO19: 7531108 | IP19: 7514189 | IQ19: 7749131 | IR19: 7986212 | IS19: 7991971 | IT19: 7963959 | IU19: 7992290 | IV19: 7880492 | IW19: 7654661 | IX19: 8788006 | IY19: 8768737 | IZ19: 8944223 | JA19: 8926147 | JB19: 8498602 | JC19: 8378061 | JD19: 8891388 | JE19: 8884711 | JF19: 8801537 | JG19: 8707879 | JH19: 8846006 | JI19: 9042731 | JJ19: 9382455 | JK19: 8890492 | JL19: 8606227 | JM19: 8592426 | JN19: 8652229 | JO19: 8948466 | JP19: 9752118 | JQ19: 9446279 | JR19: 9358085 | JS19: 9416814 | JT19: 9421155 | JU19: 9431066 | JV19: 10380883 | JW19: 9553002 | JX19: 9658325 | JY19: 9402329 | JZ19: 9960431 | KA19: 10119371 | KB19: 10656953 | KC19: 11025171 | KD19: 10805253 | KE19: 10837433 | KF19: 10667791 | KG19: 10390724 | KH19: 11364043 | KI19: 10559684 | KJ19: 10530798 | KK19: 10231744 | KL19: 10578489 | KM19: 10607383 | KN19: 11332249 | KO19: 11072599 | KP19: 11199909 | KQ19: 11365179 | KR19: 11164141 | KS19: 11333866 | KT19: 11935072 | KU19: 11169443 | KV19: 11294457 | KW19: 11371521 | KX19: 11361233 | KY19: 11665814 | KZ19: 12114107
A20: % changes to the previous month | B20: 3.9 | C20: 7.1 | D20: 2.7 | E20: -6.2 | F20: 8.8 | G20: -10.6 | H20: 6.6 | I20: 4.4 | J20: -6 | K20: 3.3 | L20: 9.6 | M20: -0.3 | N20: 1.8 | O20: 8.3 | P20: -4.1 | Q20: -2.1 | R20: 5 | S20: -13.8 | T20: 0.1 | U20: 7.4 | V20: 0.4 | W20: 2 | X20: 4.1 | Y20: 2.5 | Z20: 5.4 | AA20: 1.9 | AB20: 3.7 | AC20: 0.4 | AD20: 13.3 | AE20: -11.1 | AF20: 8.3 | AG20: 6.6 | AH20: 4.2 | AI20: 5.9 | AJ20: 11.3 | AK20: 2.2 | AL20: 1.4 | AM20: 8.4 | AN20: 3.8 | AO20: -0.4 | AP20: -2.1 | AQ20: -2.1 | AR20: 6 | AS20: 3.6 | AT20: 2.3 | AU20: 6.7 | AV20: 6.5 | AW20: 3.8 | AX20: 4.3 | AY20: 1.5 | AZ20: 5.5 | BA20: 6 | BB20: 7.5 | BC20: -9.4 | BD20: 6.7 | BE20: 4.5 | BF20: 4.7 | BH20: 4.2 | BJ20: 1 | BK20: 3.7 | BL20: -1.3 | BM20: -0.5 | BN20: 3.6 | BO20: -6.2 | BP20: 15.7 | BQ20: 5.3 | BR20: 2.2 | BS20: 8.6 | BT20: 6.3 | BU20: 7.3 | BV20: -0.8 | BW20: 3.5 | BX20: -4.6 | BY20: 3.3 | BZ20: 9.5 | CA20: -2.4 | CB20: 7.5 | CC20: 3.6 | CD20: 7.8 | CE20: 5.7 | CF20: 8.4 | CG20: -3.1 | CH20: -2.7 | CI20: 1.7 | CJ20: -8.9 | CK20: -2.1 | CL20: 4.2 | CM20: -6 | CN20: 3.9 | CO20: 5.3 | CP20: 0.1 | CQ20: 8.3 | CR20: 4 | CS20: 1.9 | CT20: -0.2 | CU20: 6.7 | CV20: -7.4 | CW20: 1.1 | CX20: 7.8 | CY20: 3 | CZ20: 12.7 | DA20: 0.8 | DB20: -2.5 | DC20: 2.6 | DD20: 7.2 | DE20: 6.3 | DF20: -6.1 | DG20: -2.2 | DH20: -2.8 | DI20: 3.6 | DJ20: 2.3 | DK20: 3.2 | DL20: 2.3 | DM20: 4.3 | DN20: 3 | DO20: -5.3 | DP20: 8.4 | DQ20: -1.2 | DR20: 4.6 | DS20: 4.1 | DT20: 2.6 | DU20: -6 | DV20: 4.9 | DW20: -0.1 | DX20: 0.8 | DY20: 9.7 | DZ20: 1.4 | EA20: 0.8 | EB20: 4.7 | EC20: 5 | ED20: -5 | EE20: 0.8 | EF20: -2.1 | EG20: -2.5 | EH20: 8.7 | EI20: -6 | EJ20: 4.1 | EK20: 3.3 | EL20: -4.1 | EM20: 2.4 | EN20: 4.7 | EO20: -2.6 | EP20: -4 | EQ20: 2.1 | ER20: -1.4 | ES20: -4.8 | ET20: 8.4 | EU20: -4.1 | EV20: 1.1 | EW20: 2.3 | EX20: 1 | EY20: -1.9 | EZ20: 4.3 | FA20: -5.7 | FB20: -6.5 | FC20: 3.8 | FD20: -4.1 | FE20: -5.1 | FF20: 6.2 | FG20: -0.8 | FH20: -4.1 | FI20: 3.5 | FJ20: 2.8 | FK20: 0.7 | FL20: 10.5 | FM20: -2.4 | FN20: -2.3 | FO20: -3.5 | FP20: -6.4 | FQ20: -6.2 | FS20: -6.1 | FT20: 3.9 | FU20: 5.2 | FV20: -0.8 | FW20: 13.1 | FX20: 4.9 | FY20: -4 | FZ20: -3.4 | GA20: -1.7 | GB20: -4.4 | GC20: -4 | GD20: 0.7 | GE20: -2 | GF20: 5.7 | GG20: 14.2 | GH20: 7.8 | GI20: 2.3 | GJ20: 6.7 | GK20: 0.1 | GL20: -4.7 | GM20: 0.3 | GN20: 6.1 | GO20: 1.7 | GP20: 5.4 | GQ20: -6.1 | GR20: 3.4 | GS20: 10.6 | GT20: 2.4 | GU20: 1.6 | GV20: -2.3 | GW20: 2.6 | GX20: -7.9 | GY20: 15.6 | GZ20: -8.9 | HA20: -1.5 | HB20: 1 | HC20: 0.6 | HD20: -3.8 | HF20: 1.8 | HG20: 3.1 | HH20: 10.6 | HI20: -1 | HJ20: -4.8 | HK20: -2.5 | HL20: 3.6 | HM20: -4.8 | HN20: 10.9 | HO20: 14.4 | HP20: -14.1 | HQ20: -1.9 | HR20: 0.2 | HS20: 6.5 | HT20: -4.4 | HU20: 1.7 | HV20: -0.4 | HW20: -0.1 | HX20: 2.4 | HY20: -1.5 | HZ20: 5.6 | IA20: -5.3 | IB20: 1.3 | IC20: 8.4 | ID20: 1.4 | IE20: 2.6 | IF20: 3.5 | IG20: 1.8 | II20: -0.9 | IJ20: 2.5 | IK20: 4.9 | IL20: -0.2 | IM20: -3.6 | IN20: 5.3 | IO20: 3.3 | IP20: -0.2 | IQ20: 3.1 | IR20: 3.1 | IS20: 0.1 | IT20: -0.4 | IU20: 0.4 | IV20: -1.4 | IW20: -2.9 | IX20: 14.8 | IY20: -0.2 | IZ20: 2 | JA20: -0.2 | JB20: -4.8 | JC20: -1.4 | JD20: 6.1 | JE20: -0.1 | JF20: -0.9 | JG20: -1.1 | JH20: 1.6 | JI20: 2.2 | JJ20: 3.8 | JK20: -5.2 | JL20: -3.2 | JM20: -0.2 | JN20: 0.7 | JO20: 3.4 | JP20: 9 | JQ20: -3.1 | JR20: -0.9 | JS20: 0.6 | JU20: 0.1 | JV20: 10.1 | JW20: -8 | JX20: 1.1 | JY20: -2.7 | JZ20: 5.9 | KA20: 1.6 | KB20: 5.3 | KC20: 3.5 | KD20: -2 | KE20: 0.3 | KF20: -1.6 | KG20: -2.6 | KH20: 9.4 | KI20: -7.1 | KJ20: -0.3 | KK20: -2.8 | KL20: 3.4 | KM20: 0.3 | KN20: 6.8 | KO20: -2.3 | KP20: 1.1 | KQ20: 1.5 | KR20: -1.8 | KS20: 1.5 | KT20: 5.3 | KU20: -6.4 | KV20: 1.1 | KW20: 0.7 | KX20: -0.1 | KY20: 2.7 | KZ20: 3.8
A21: Изменение за период с начала года, % | B21: 7.5 | C21: 15.1 | D21: 18.2 | E21: 10.8 | F21: 20.6 | G21: -10.6 | H21: -4.7 | I21: -0.5 | J21: -6.5 | K21: -3.4 | L21: 5.9 | M21: 5.5 | N21: 7.4 | O21: 16.3 | P21: 11.6 | Q21: 9.3 | R21: 14.7 | S21: -13.8 | T21: -13.8 | U21: -7.4 | V21: -7 | W21: -5.1 | X21: -1.3 | Y21: 1.2 | Z21: 6.6 | AA21: 8.6 | AB21: 12.7 | AC21: 13.1 | AD21: 28.1 | AE21: -11.1 | AF21: -3.7 | AG21: 2.7 | AH21: 7 | AI21: 13.3 | AJ21: 26.2 | AK21: 29 | AL21: 30.8 | AM21: 41.8 | AN21: 47.1 | AO21: 46.5 | AP21: 43.5 | AQ21: -2.1 | AR21: 3.7 | AS21: 7.5 | AT21: 10 | AU21: 17.4 | AV21: 25.1 | AW21: 29.8 | AX21: 35.3 | AY21: 37.4 | AZ21: 45 | BA21: 53.7 | BB21: 65.1 | BC21: -9.4 | BD21: -3.4 | BE21: 1 | BF21: 5.7 | BG21: 5.8 | BH21: 10.2 | BI21: 10.2 | BJ21: 11.3 | BK21: 15.5 | BL21: 13.9 | BM21: 13.3 | BN21: 17.5 | BO21: -6.2 | BP21: 8.5 | BQ21: 14.3 | BR21: 16.8 | BS21: 26.8 | BT21: 34.8 | BU21: 44.6 | BV21: 43.5 | BW21: 48.4 | BX21: 41.7 | BY21: 46.4 | BZ21: 60.3 | CA21: -2.4 | CB21: 4.9 | CC21: 8.7 | CD21: 17.1 | CE21: 23.8 | CF21: 34.2 | CG21: 30.1 | CH21: 26.6 | CI21: 28.7 | CJ21: 17.2 | CK21: 14.8 | CL21: 19.6 | CM21: -6 | CN21: -2.3 | CO21: 2.9 | CP21: 3 | CQ21: 11.6 | CR21: 16 | CS21: 18.3 | CT21: 18 | CU21: 25.9 | CV21: 16.6 | CW21: 17.8 | CX21: 27.1 | CY21: 3 | CZ21: 16.1 | DA21: 17 | DB21: 14.1 | DC21: 17 | DD21: 25.5 | DE21: 33.4 | DF21: 25.2 | DG21: 22.4 | DH21: 19.1 | DI21: 23.4 | DJ21: 26.2 | DK21: 3.2 | DL21: 5.6 | DM21: 10.1 | DN21: 13.5 | DO21: 7.5 | DP21: 16.5 | DQ21: 15.2 | DR21: 20.5 | DS21: 25.4 | DT21: 28.6 | DU21: 20.9 | DV21: 26.8 | DW21: -0.1 | DX21: 0.7 | DY21: 10.4 | DZ21: 12 | EA21: 12.9 | EB21: 18.2 | EC21: 24.1 | ED21: 17.9 | EE21: 18.9 | EF21: 16.4 | EG21: 13.5 | EH21: 23.4 | EI21: -6 | EJ21: -2.2 | EK21: 1.1 | EL21: -3.1 | EM21: -0.8 | EN21: 3.9 | EO21: 1.1 | EP21: -2.9 | EQ21: -0.9 | ER21: -2.2 | ES21: -6.9 | ET21: 0.9 | EU21: -4.1 | EV21: -3.1 | EW21: -0.9 | EX21: 0.1 | EY21: -1.8 | EZ21: 2.4 | FA21: -3.4 | FB21: -9.7 | FC21: -6.2 | FD21: -10.1 | FE21: -14.6 | FF21: -9.3 | FG21: -0.8 | FH21: -4.9 | FI21: -1.6 | FJ21: 1.2 | FK21: 1.8 | FL21: 12.5 | FM21: 9.8 | FN21: 7.2 | FO21: 3.4 | FP21: -3.2 | FQ21: -9.2 | FR21: -15.3 | FS21: -6.1 | FT21: -2.4 | FU21: 2.7 | FV21: 1.9 | FW21: 15.2 | FX21: 20.8 | FY21: 16 | FZ21: 12.1 | GA21: 10.2 | GB21: 5.3 | GC21: 1.1 | GD21: 1.7 | GE21: -2 | GF21: 3.6 | GG21: 18.3 | GH21: 27.5 | GI21: 30.4 | GJ21: 39.2 | GK21: 39.4 | GL21: 32.8 | GM21: 33.2 | GN21: 41.2 | GO21: 43.6 | GP21: 51.3 | GQ21: -6.1 | GR21: -2.9 | GS21: 7.4 | GT21: 9.9 | GU21: 11.7 | GV21: 9.2 | GW21: 12.1 | GX21: 3.2 | GY21: 19.3 | GZ21: 8.7 | HA21: 7.1 | HB21: 8.2 | HC21: 0.6 | HD21: -3.2 | HE21: -3.2 | HF21: -1.5 | HG21: 1.5 | HH21: 12.3 | HI21: 11.1 | HJ21: 5.7 | HK21: 3.1 | HL21: 6.8 | HM21: 1.7 | HN21: 12.8 | HO21: 14.4 | HP21: -1.7 | HQ21: -3.6 | HR21: -3.5 | HS21: 2.8 | HT21: -1.7 | HU21: -0.1 | HV21: -0.5 | HW21: -0.7 | HX21: 1.8 | HY21: 0.2 | HZ21: 5.8 | IA21: -5.3 | IB21: -4.1 | IC21: 4 | ID21: 5.5 | IE21: 8.2 | IF21: 12 | IG21: 14 | IH21: 14 | II21: 13 | IJ21: 15.8 | IK21: 21.4 | IL21: 21.2 | IM21: -3.6 | IN21: 1.5 | IO21: 4.8 | IP21: 4.6 | IQ21: 7.8 | IR21: 11.1 | IS21: 11.2 | IT21: 10.8 | IU21: 11.2 | IV21: 9.6 | IW21: 6.5 | IX21: 22.3 | IY21: -0.2 | IZ21: 1.8 | JA21: 1.6 | JB21: -3.3 | JC21: -4.7 | JD21: 1.2 | JE21: 1.1 | JF21: 0.2 | JG21: -0.9 | JH21: 0.7 | JI21: 2.9 | JJ21: 6.8 | JK21: -5.2 | JL21: -8.3 | JM21: -8.4 | JN21: -7.8 | JO21: -4.6 | JP21: 3.9 | JQ21: 0.7 | JR21: -0.3 | JS21: 0.4 | JT21: 0.4 | JU21: 0.5 | JV21: 10.6 | JW21: -8 | JX21: -7 | JY21: -9.4 | JZ21: -4.1 | KA21: -2.5 | KB21: 2.7 | KC21: 6.2 | KD21: 4.1 | KE21: 4.4 | KF21: 2.8 | KG21: 0.1 | KH21: 9.5 | KI21: -7.1 | KJ21: -7.3 | KK21: -10 | KL21: -6.9 | KM21: -6.7 | KN21: -0.3 | KO21: -2.6 | KP21: -1.4 | KR21: -1.8 | KS21: -0.3 | KT21: 5 | KU21: -6.4 | KV21: -5.4 | KW21: -4.7 | KX21: -4.8 | KY21: -2.3 | KZ21: 1.5
A22: 3.1. Transferable deposits of individuals in national currency | B22: 13161 | C22: 13593 | D22: 13570 | E22: 13917 | F22: 15245 | G22: 14406 | H22: 14973 | I22: 15203 | J22: 15502 | K22: 15683 | L22: 16523 | M22: 17593 | N22: 16762 | O22: 16840 | P22: 16241 | Q22: 16286 | R22: 1912 | S22: 1548 | T22: 1511 | U22: 1649 | V22: 1739 | W22: 1935 | X22: 2115 | Y22: 2108 | Z22: 2107 | AA22: 2409 | AB22: 2648 | AC22: 9224 | AD22: 17799 | AE22: 16208 | AF22: 17996 | AG22: 18884 | AH22: 20256 | AI22: 21493 | AJ22: 23261 | AK22: 23733 | AL22: 25114 | AM22: 25039 | AN22: 26577 | AO22: 27130 | AP22: 29840 | AQ22: 26790 | AR22: 28855 | AS22: 29401 | AT22: 31038 | AU22: 31584 | AV22: 34274 | AW22: 35935 | AX22: 35560 | AY22: 35950 | AZ22: 37389 | BA22: 38357 | BB22: 44164 | BC22: 36921 | BD22: 40496 | BE22: 42892 | BF22: 46797 | BG22: 47147 | BH22: 48045 | BI22: 52333 | BJ22: 51206 | BK22: 52431 | BL22: 53677 | BM22: 52796 | BN22: 57879 | BO22: 54339 | BP22: 59455 | BQ22: 64364 | BR22: 68100 | BS22: 72343 | BT22: 81582 | BU22: 82085 | BV22: 80994 | BW22: 82380 | BX22: 81835 | BY22: 85340 | BZ22: 101242 | CA22: 96190 | CB22: 104629 | CC22: 107396 | CD22: 120771 | CE22: 141388 | CF22: 139533 | CG22: 137755 | CH22: 135602 | CI22: 128284 | CJ22: 119059 | CK22: 121320 | CL22: 135140 | CM22: 121082 | CN22: 128433 | CO22: 128716 | CP22: 136167 | CQ22: 138919 | CR22: 144242 | CS22: 146147 | CT22: 150223 | CU22: 145111 | CV22: 143032 | CW22: 142265 | CX22: 148793 | CY22: 129880 | CZ22: 129920 | DA22: 127220 | DB22: 136909 | DC22: 143464 | DD22: 149592 | DE22: 151743 | DF22: 180587 | DG22: 160379 | DH22: 150194 | DI22: 150252 | DJ22: 169592 | DK22: 161717 | DL22: 172135 | DM22: 166646 | DN22: 186987 | DO22: 187080 | DP22: 205639 | DQ22: 213345 | DR22: 199537 | DS22: 202811 | DT22: 205008 | DU22: 202636 | DV22: 226520 | DW22: 204599 | DX22: 215104 | DY22: 218561 | DZ22: 226724 | EA22: 222000 | EB22: 246215 | EC22: 259915 | ED22: 246697 | EE22: 250892 | EF22: 246835 | EG22: 251448 | EH22: 296807 | EI22: 262837 | EJ22: 272902 | EK22: 284395 | EL22: 303980 | EM22: 299923 | EN22: 326537 | EO22: 321080 | EP22: 314401 | EQ22: 318440 | ER22: 310089 | ES22: 317738 | ET22: 370978 | EU22: 323680 | EV22: 335744 | EW22: 345557 | EX22: 334819 | EY22: 346737 | EZ22: 377341 | FA22: 364402 | FB22: 359325 | FC22: 348368 | FD22: 343643 | FE22: 357649 | FF22: 401524 | FG22: 356605 | FH22: 345475 | FI22: 334118 | FJ22: 356584 | FK22: 363006 | FL22: 388557 | FM22: 392184 | FN22: 382754 | FO22: 364822 | FP22: 355264 | FQ22: 361868 | FR22: 359567 | FS22: 318649 | FT22: 318292 | FU22: 311498 | FV22: 311544 | FW22: 332371 | FX22: 359429 | FY22: 351050 | FZ22: 341449 | GA22: 325200 | GB22: 331750 | GC22: 334882 | GD22: 395630 | GE22: 345394 | GF22: 344655 | GG22: 359619 | GH22: 398783 | GI22: 406821 | GJ22: 454767 | GK22: 456231 | GL22: 422334 | GM22: 440333 | GN22: 438295 | GO22: 463615 | GP22: 548379 | GQ22: 460869 | GR22: 466511 | GS22: 471456 | GT22: 508767 | GU22: 506423 | GV22: 553514 | GW22: 547975 | GX22: 525540 | GY22: 528709 | GZ22: 515507 | HA22: 544401 | HB22: 632797 | HC22: 548919 | HD22: 559793 | HE22: 570050 | HF22: 617531 | HG22: 624858 | HH22: 695955 | HI22: 671920 | HJ22: 659038 | HK22: 633659 | HL22: 648451 | HM22: 678454 | HN22: 775726 | HO22: 675818 | HP22: 693459 | HQ22: 695011 | HR22: 731417 | HS22: 769245 | HT22: 805969 | HU22: 803220 | HV22: 794257 | HW22: 821208 | HX22: 808321 | HY22: 833526 | HZ22: 978601 | IA22: 837226 | IB22: 877002 | IC22: 876162 | ID22: 1098146 | IE22: 1116370 | IF22: 1147519 | IG22: 1195681 | IH22: 1166802 | II22: 1151833 | IJ22: 1129899 | IK22: 1151110 | IL22: 1319207 | IM22: 1117630 | IN22: 1518564 | IO22: 1519336 | IP22: 1527855 | IQ22: 1539645 | IR22: 1631996 | IS22: 1608622 | IT22: 1549049 | IU22: 1570849 | IV22: 1542950 | IW22: 1496477 | IX22: 1871282 | IY22: 1529328 | IZ22: 1554692 | JA22: 1620655 | JB22: 1476162 | JC22: 1423016 | JD22: 1601670 | JE22: 1551299 | JF22: 1493737 | JG22: 1555820 | JH22: 1538998 | JI22: 1563366 | JJ22: 1805022 | JK22: 1488592 | JL22: 1530180 | JM22: 1626215 | JN22: 1646464 | JO22: 1704746 | JP22: 1901905 | JQ22: 1854063 | JR22: 1762992 | JS22: 1818823 | JT22: 1822901 | JU22: 1792237 | JV22: 2132362 | JW22: 1714094 | JX22: 1784260 | JY22: 1765178 | JZ22: 1850628 | KA22: 1922026 | KB22: 2133732 | KC22: 2107354 | KD22: 2074544 | KE22: 2003948 | KF22: 2024988 | KG22: 1972671 | KH22: 2395216 | KI22: 1965188 | KJ22: 1963022 | KK22: 1943759 | KL22: 2066041 | KM22: 2074611 | KN22: 2234722 | KO22: 2185806 | KP22: 2164098 | KQ22: 2166156 | KR22: 2195308 | KS22: 2113425 | KT22: 2580055 | KU22: 2020379 | KV22: 2028445 | KW22: 2053353 | KX22: 2179568 | KY22: 2212075 | KZ22: 2409600
A23: 3.2. Transferable deposits of non-banking legal entities in national currency | B23: 62443 | C23: 66927 | D23: 73714 | E23: 68484 | F23: 73769 | G23: 64115 | H23: 71010 | I23: 77257 | J23: 61102 | K23: 68573 | L23: 79840 | M23: 74782 | N23: 76173 | O23: 86258 | P23: 78746 | Q23: 80197 | R23: 91148 | S23: 75412 | T23: 71913 | U23: 82072 | V23: 82035 | W23: 83178 | X23: 84258 | Y23: 86707 | Z23: 95111 | AA23: 99858 | AB23: 100922 | AC23: 96054 | AD23: 107792 | AE23: 96135 | AF23: 105113 | AG23: 116790 | AH23: 120084 | AI23: 129783 | AJ23: 149166 | AK23: 144028 | AL23: 142664 | AM23: 164346 | AN23: 164239 | AO23: 169090 | AP23: 143754 | AQ23: 145415 | AR23: 157511 | AS23: 168870 | AT23: 165561 | AU23: 191846 | AV23: 199650 | AW23: 199980 | AX23: 216408 | AY23: 218317 | AZ23: 228218 | BA23: 248985 | BB23: 257196 | BC23: 233670 | BD23: 260295 | BE23: 279511 | BF23: 292871 | BG23: 286540 | BH23: 312871 | BI23: 298431 | BJ23: 304586 | BK23: 318902 | BL23: 305121 | BM23: 323094 | BN23: 329748 | BO23: 309522 | BP23: 403592 | BQ23: 412424 | BR23: 402924 | BS23: 437994 | BT23: 445797 | BU23: 501638 | BV23: 510879 | BW23: 553444 | BX23: 521294 | BY23: 560274 | BZ23: 579475 | CA23: 555110 | CB23: 626221 | CC23: 633531 | CD23: 680375 | CE23: 694723 | CF23: 786868 | CG23: 713777 | CH23: 680612 | CI23: 750547 | CJ23: 658699 | CK23: 663936 | CL23: 657862 | CM23: 642918 | CN23: 685107 | CO23: 751611 | CP23: 723028 | CQ23: 829689 | CR23: 864821 | CS23: 879873 | CT23: 861765 | CU23: 977383 | CV23: 827460 | CW23: 856991 | CX23: 940935 | CY23: 1162281 | CZ23: 1428949 | DA23: 1433604 | DB23: 1338216 | DC23: 1356324 | DD23: 1475886 | DE23: 1638555 | DF23: 1450713 | DG23: 1414617 | DH23: 1348119 | DI23: 1415734 | DJ23: 1374642 | DK23: 1500371 | DL23: 1540596 | DM23: 1642169 | DN23: 1644078 | DO23: 1464112 | DP23: 1624231 | DQ23: 1544726 | DR23: 1691150 | DS23: 1792910 | DT23: 1860558 | DU23: 1692978 | DV23: 1741040 | DW23: 1813243 | DX23: 1830440 | DY23: 2125027 | DZ23: 2138295 | EA23: 2154417 | EB23: 2246175 | EC23: 2372848 | ED23: 2172808 | EE23: 2192477 | EF23: 2119928 | EG23: 2051068 | EH23: 2182491 | EI23: 2049771 | EJ23: 2197982 | EK23: 2294115 | EL23: 2079897 | EM23: 2162895 | EN23: 2277503 | EO23: 2168656 | EP23: 2013400 | EQ23: 2071540 | ER23: 2042263 | ES23: 1882065 | ET23: 1981556 | EU23: 1973569 | EV23: 2014145 | EW23: 2070202 | EX23: 2110332 | EY23: 2004125 | EZ23: 2073138 | FA23: 1908428 | FB23: 1678688 | FC23: 1838072 | FD23: 1708085 | FE23: 1550566 | FF23: 1604634 | FG23: 1735452 | FH23: 1600829 | FI23: 1807739 | FJ23: 1843998 | FK23: 1822325 | FL23: 2117594 | FM23: 2031805 | FN23: 2007885 | FO23: 1905441 | FP23: 1776840 | FQ23: 1612689 | FR23: 1499088 | FS23: 1446115 | FT23: 1569523 | FU23: 1711718 | FV23: 1707001 | FW23: 2015020 | FX23: 2099454 | FY23: 1970992 | FZ23: 1813028 | GA23: 1759767 | GB23: 1605992 | GC23: 1487700 | GD23: 1400109 | GE23: 1451779 | GF23: 1558341 | GG23: 1925042 | GH23: 2071580 | GI23: 2062999 | GJ23: 2183856 | GK23: 2176836 | GL23: 2055055 | GM23: 2037661 | GN23: 2272192 | GO23: 2323543 | GP23: 2292579 | GQ23: 2230083 | GR23: 2347635 | GS23: 2810916 | GT23: 2813296 | GU23: 2879633 | GV23: 2626772 | GW23: 2726568 | GX23: 2392529 | GY23: 3131770 | GZ23: 2697350 | HA23: 2606701 | HB23: 2388856 | HC23: 2629656 | HD23: 2453625 | HE23: 2427115 | HF23: 2390171 | HG23: 2478900 | HH23: 2822296 | HI23: 2745075 | HJ23: 2493525 | HK23: 2422022 | HL23: 2554496 | HM23: 2291036 | HN23: 2569122 | HO23: 3566442 | HP23: 2679210 | HQ23: 2513872 | HR23: 2472702 | HS23: 2745611 | HT23: 2470241 | HU23: 2559588 | HV23: 2534545 | HW23: 2514218 | HX23: 2663921 | HY23: 2581970 | HZ23: 2648979 | IA23: 2589392 | IB23: 2595599 | IC23: 2987105 | ID23: 2580257 | IE23: 2532127 | IF23: 2709221 | IG23: 2677206 | IH23: 2671303 | II23: 2739629 | IJ23: 2930663 | IK23: 3341203 | IL23: 3039698 | IM23: 3094090 | IN23: 3026939 | IO23: 3218196 | IP23: 3101952 | IQ23: 3244889 | IR23: 3327055 | IS23: 3348910 | IT23: 3400441 | IU23: 3437116 | IV23: 3323978 | IW23: 3252785 | IX23: 3919000 | IY23: 4248413 | IZ23: 4397002 | JA23: 4246873 | JB23: 3915859 | JC23: 3878273 | JD23: 4029491 | JE23: 3988764 | JF23: 4011111 | JG23: 3835813 | JH23: 3997333 | JI23: 4228178 | JJ23: 4216780 | JK23: 4150773 | JL23: 3879959 | JM23: 3747066 | JN23: 3642243 | JO23: 3892334 | JP23: 4354873 | JQ23: 4085351 | JR23: 4080677 | JS23: 4044620 | JT23: 4066421 | JU23: 4166904 | JV23: 4608860 | JW23: 4224489 | JX23: 4253396 | JY23: 3998057 | JZ23: 4471317 | KA23: 4494492 | KB23: 4605954 | KC23: 4950332 | KD23: 4682805 | KE23: 4842271 | KF23: 4604572 | KG23: 4355637 | KH23: 4594281 | KI23: 4313115 | KJ23: 4342844 | KK23: 4005988 | KL23: 4092470 | KM23: 4030967 | KN23: 4373529 | KO23: 4089901 | KP23: 4213304 | KQ23: 4507004 | KR23: 4316110 | KS23: 4650099 | KT23: 4605818 | KU23: 4577924 | KV23: 4780969 | KW23: 4838269 | KX23: 4590779 | KY23: 4688879 | KZ23: 4839732
A25: M2 | B25: 263580 | C25: 278501 | D25: 294928 | E25: 283324 | F25: 290643 | G25: 271849 | H25: 290975 | I25: 311455 | J25: 295745 | K25: 306972 | L25: 347105 | M25: 353279 | N25: 338510 | O25: 355646 | P25: 346173 | Q25: 326428 | R25: 337980 | S25: 315711 | T25: 309127 | U25: 328982 | V25: 344634 | W25: 350423 | X25: 364286 | Y25: 389855 | Z25: 395426 | AA25: 419268 | AB25: 446155 | AC25: 442830 | AD25: 498071 | AE25: 441962 | AF25: 484256 | AG25: 524631 | AH25: 533893 | AI25: 568857 | AJ25: 620186 | AK25: 640074 | AL25: 637244 | AM25: 683429 | AN25: 705866 | AO25: 701251 | AP25: 693381 | AQ25: 700991 | AR25: 733245 | AS25: 770676 | AT25: 784654 | AU25: 852629 | AV25: 891766 | AW25: 896585 | AX25: 932505 | AY25: 974227 | AZ25: 1003156 | BA25: 1173890 | BB25: 1175491 | BC25: 1108353 | BD25: 1167898 | BE25: 1263662 | BF25: 1271707 | BG25: 1321824 | BH25: 1363526 | BI25: 1359235 | BJ25: 1391764 | BK25: 1450385 | BL25: 1474028 | BM25: 1459131 | BN25: 1515970 | BO25: 1478931 | BP25: 1617525 | BQ25: 1749189 | BR25: 1779603 | BS25: 1943181 | BT25: 2097516 | BU25: 2214767 | BV25: 2264265 | BW25: 2300468 | BX25: 2416745 | BY25: 2530079 | BZ25: 2814551 | CA25: 2867170 | CB25: 2989009 | CC25: 3130333 | CD25: 3260921 | CE25: 3454167 | CF25: 3723349 | CG25: 3759581 | CH25: 3651989 | CI25: 3555596 | CJ25: 3422035 | CK25: 3470733 | CL25: 3553643 | CM25: 3443604 | CN25: 3485034 | CO25: 3606858 | CP25: 3617487 | CQ25: 3781139 | CR25: 3913425 | CS25: 4045590 | CT25: 4120310 | CU25: 4314343 | CV25: 4105566 | CW25: 4378167 | CX25: 4620329 | CY25: 4207184 | CZ25: 4476698 | DA25: 4416658 | DB25: 4391502 | DC25: 4419187 | DD25: 4736890 | DE25: 4993239 | DF25: 4857713 | DG25: 4909233 | DH25: 4796942 | DI25: 4829444 | DJ25: 5335204 | DK25: 5394164 | DL25: 5544467 | DM25: 5709675 | DN25: 5914060 | DO25: 6015559 | DP25: 6124467 | DQ25: 6300518 | DR25: 6367061 | DS25: 6581709 | DT25: 6693128 | DU25: 6615320 | DV25: 6570099 | DW25: 6649830 | DX25: 6802837 | DY25: 7167153 | DZ25: 7252484 | EA25: 7209417 | EB25: 7568969 | EC25: 8014382 | ED25: 7769597 | EE25: 8006900 | EF25: 7909954 | EG25: 7754881 | EH25: 7967502 | EI25: 7783105 | EJ25: 8050932 | EK25: 8418579 | EL25: 8618624 | EM25: 8454048 | EN25: 8490391 | EO25: 8602644 | EP25: 8409751 | EQ25: 8481616 | ER25: 8761681 | ES25: 8513774 | ET25: 8546937 | EU25: 8565684 | EV25: 8625526 | EW25: 9055443 | EX25: 9054066 | EY25: 9217374 | EZ25: 9142394 | FA25: 9015157 | FB25: 8597672 | FC25: 8767001 | FD25: 8845021 | FE25: 8553673 | FF25: 8677614 | FG25: 8852992 | FH25: 8885360 | FI25: 8929836 | FJ25: 8958985 | FK25: 9207866 | FL25: 9735037 | FM25: 9753108 | FN25: 9567604 | FO25: 9550238 | FP25: 9203084 | FQ25: 8583963 | FR25: 7963822 | FS25: 7629678 | FT25: 7652501 | FU25: 7792061 | FV25: 7593353 | FW25: 7828329 | FX25: 8521942 | FY25: 8178410 | FZ25: 8231989 | GA25: 8427924 | GB25: 8494047 | GC25: 8910779 | GD25: 8597832 | GE25: 8565618 | GF25: 8781806 | GG25: 9736667 | GH25: 9800259 | GI25: 10170296 | GJ25: 10695805 | GK25: 11270623 | GL25: 10963323 | GM25: 11214404 | GN25: 11436887 | GO25: 11861815 | GP25: 12566465 | GQ25: 12121436 | GR25: 11974737 | GS25: 12746522 | GT25: 13031740 | GU25: 13204302 | GV25: 13612005 | GW25: 13312280 | GX25: 12997472 | GY25: 14096004 | GZ25: 13643958 | HA25: 13557746 | HB25: 13513732 | HC25: 13338598 | HD25: 13291605 | HE25: 13351482 | HF25: 13537134 | HG25: 13591199 | HH25: 14433228 | HI25: 14696593 | HJ25: 13832165 | HK25: 13677123 | HL25: 13909606 | HM25: 14041534 | HN25: 14467056 | HO25: 15842962 | HP25: 14814967 | HQ25: 14641941 | HR25: 14587125 | HS25: 15132393 | HT25: 14549374 | HU25: 14960666 | HV25: 14629505 | HW25: 15200475 | HX25: 15612256 | HY25: 15276017 | HZ25: 16054341 | IA25: 15538391 | IB25: 15507593 | IC25: 16407064 | ID25: 16406269 | IE25: 16797971 | IF25: 17214619 | IG25: 17930687 | IH25: 18022538 | II25: 18379007 | IJ25: 18792360 | IK25: 18748810 | IL25: 19134928 | IM25: 19607153 | IN25: 19513171 | IO25: 20328120 | IP25: 20814132 | IQ25: 21277202 | IR25: 22005814 | IS25: 22155383 | IT25: 21887518 | IU25: 22572364 | IV25: 22746598 | IW25: 22276425 | IX25: 23750269 | IY25: 23424245 | IZ25: 23868588 | JA25: 23388580 | JB25: 23174386 | JC25: 22903738 | JD25: 24147388 | JE25: 25032674 | JF25: 24940660 | JG25: 25826059 | JH25: 26810878 | JI25: 26259950 | JJ25: 28025384 | JK25: 27666853 | JL25: 27173136 | JM25: 28110277 | JN25: 27970918 | JO25: 28327691 | JP25: 29274455 | JQ25: 28852963 | JR25: 29291631 | JS25: 29720800 | JT25: 30356335 | JU25: 30487873 | JV25: 32746913 | JW25: 32108968 | JX25: 32282269 | JY25: 32535362 | JZ25: 32526218 | KA25: 32798150 | KB25: 34127039 | KC25: 34948176 | KD25: 34791388 | KE25: 35352799 | KF25: 36406866 | KG25: 36507596 | KH25: 39254670 | KI25: 38324394 | KJ25: 38215991 | KK25: 38357906 | KL25: 39185725 | KM25: 39492750 | KN25: 40623855 | KO25: 40746378 | KP25: 41091093 | KQ25: 41626870 | KR25: 42462331 | KS25: 42192683 | KT25: 45805638 | KU25: 43816020 | KV25: 43771946 | KW25: 44720043 | KX25: 44943739 | KY25: 45687177 | KZ25: 48128861
A26: % changes to the previous month | B26: 1.1 | C26: 5.7 | D26: 5.9 | E26: -3.9 | F26: 2.6 | G26: -6.5 | H26: 7 | I26: 7 | J26: -5 | K26: 3.8 | L26: 13.1 | M26: 1.8 | N26: -4.2 | O26: 5.1 | P26: -2.7 | Q26: -5.7 | R26: 3.5 | S26: -6.6 | T26: -2.1 | U26: 6.4 | V26: 4.8 | W26: 1.7 | X26: 4 | Y26: 7 | Z26: 1.4 | AA26: 6 | AB26: 6.4 | AC26: -0.7 | AD26: 12.5 | AE26: -11.3 | AF26: 9.6 | AG26: 8.3 | AH26: 1.8 | AI26: 6.5 | AJ26: 9 | AK26: 3.2 | AL26: -0.4 | AM26: 7.2 | AN26: 3.3 | AO26: -0.7 | AP26: -1.1 | AQ26: 1.1 | AR26: 4.6 | AS26: 5.1 | AT26: 1.8 | AU26: 8.7 | AV26: 4.6 | AW26: 0.5 | AX26: 4 | AY26: 4.5 | AZ26: 3 | BA26: 17 | BB26: 0.1 | BC26: -5.7 | BD26: 5.4 | BE26: 8.2 | BF26: 0.6 | BG26: 3.9 | BH26: 3.2 | BI26: -0.3 | BJ26: 2.4 | BK26: 4.2 | BL26: 1.6 | BM26: -1 | BN26: 3.9 | BO26: -2.4 | BP26: 9.4 | BQ26: 8.1 | BR26: 1.7 | BS26: 9.2 | BT26: 7.9 | BU26: 5.6 | BV26: 2.2 | BW26: 1.6 | BX26: 5.1 | BY26: 4.7 | BZ26: 11.2 | CA26: 1.9 | CB26: 4.2 | CC26: 4.7 | CD26: 4.2 | CE26: 5.9 | CF26: 7.8 | CG26: 1 | CH26: -2.9 | CI26: -2.6 | CJ26: -3.8 | CK26: 1.4 | CL26: 2.4 | CM26: -3.1 | CN26: 1.2 | CO26: 3.5 | CP26: 0.3 | CQ26: 4.5 | CR26: 3.5 | CS26: 3.4 | CT26: 1.8 | CU26: 4.7 | CV26: -4.8 | CW26: 6.6 | CX26: 5.5 | CY26: -8.9 | CZ26: 6.4 | DA26: -1.3 | DB26: -0.6 | DC26: 0.6 | DD26: 7.2 | DE26: 5.4 | DF26: -2.7 | DG26: 1.1 | DH26: -2.3 | DI26: 0.7 | DJ26: 10.5 | DK26: 1.1 | DL26: 2.8 | DM26: 3 | DN26: 3.6 | DO26: 1.7 | DP26: 1.8 | DQ26: 2.9 | DR26: 1.1 | DS26: 3.4 | DT26: 1.7 | DU26: -1.2 | DV26: -0.7 | DW26: 1.2 | DX26: 2.3 | DY26: 5.4 | DZ26: 1.2 | EA26: -0.6 | EB26: 5 | EC26: 5.9 | ED26: -3.1 | EE26: 3.1 | EF26: -1.2 | EG26: -2 | EH26: 2.7 | EI26: -2.3 | EJ26: 3.4 | EK26: 4.6 | EL26: 2.4 | EM26: -1.9 | EN26: 0.4 | EO26: 1.3 | EP26: -2.2 | EQ26: 0.9 | ER26: 3.3 | ES26: -2.8 | ET26: 0.4 | EU26: 0.2 | EV26: 0.7 | EW26: 5 | EY26: 1.8 | EZ26: -0.8 | FA26: -1.4 | FB26: -4.6 | FC26: 2 | FD26: 0.9 | FE26: -3.3 | FF26: 1.4 | FG26: 2 | FH26: 0.4 | FI26: 0.5 | FJ26: 0.3 | FK26: 2.8 | FL26: 5.7 | FM26: 0.2 | FN26: -1.9 | FO26: -0.2 | FP26: -3.6 | FQ26: -6.7 | FS26: -4.2 | FT26: 0.3 | FU26: 1.8 | FV26: -2.6 | FW26: 3.1 | FX26: 8.9 | FY26: -4 | FZ26: 0.7 | GA26: 2.4 | GB26: 0.8 | GC26: 4.9 | GD26: -3.5 | GE26: -0.4 | GF26: 2.5 | GG26: 10.9 | GH26: 0.7 | GI26: 3.8 | GJ26: 5.2 | GK26: 5.4 | GL26: -2.7 | GM26: 2.3 | GN26: 2 | GO26: 3.7 | GP26: 5.9 | GQ26: -3.5 | GR26: -1.2 | GS26: 6.4 | GT26: 2.2 | GU26: 1.3 | GV26: 3.1 | GW26: -2.2 | GX26: -2.4 | GY26: 8.5 | GZ26: -3.2 | HA26: -0.6 | HB26: -0.3 | HC26: -1.3 | HD26: -0.4 | HE26: 0.5 | HF26: 1.4 | HG26: 0.4 | HH26: 6.2 | HI26: 1.8 | HJ26: -5.9 | HK26: -1.1 | HL26: 1.7 | HM26: 0.9 | HN26: 3 | HO26: 9.5 | HP26: -6.5 | HQ26: -1.2 | HR26: -0.4 | HS26: 3.7 | HT26: -3.9 | HU26: 2.8 | HV26: -2.2 | HW26: 3.9 | HX26: 2.7 | HY26: -2.2 | HZ26: 5.1 | IA26: -3.2 | IB26: -0.2 | IC26: 5.8 | IE26: 2.4 | IF26: 2.5 | IG26: 4.2 | IH26: 0.5 | II26: 2 | IJ26: 2.2 | IK26: -0.2 | IL26: 2.1 | IM26: 2.5 | IN26: -0.5 | IO26: 4.2 | IP26: 2.4 | IQ26: 2.2 | IR26: 3.4 | IS26: 0.7 | IT26: -1.2 | IU26: 3.1 | IV26: 0.8 | IW26: -2.1 | IX26: 6.6 | IY26: -1.4 | IZ26: 1.9 | JA26: -2 | JB26: -0.9 | JC26: -1.2 | JD26: 5.4 | JE26: 3.7 | JF26: -0.4 | JG26: 3.6 | JH26: 3.8 | JI26: -2.1 | JJ26: 6.7 | JK26: -1.3 | JL26: -1.8 | JM26: 3.4 | JN26: -0.5 | JO26: 1.3 | JP26: 3.3 | JQ26: -1.4 | JR26: 1.5 | JS26: 1.5 | JT26: 2.1 | JU26: 0.4 | JV26: 7.4 | JW26: -1.9 | JX26: 0.5 | JY26: 0.8 | KA26: 0.8 | KB26: 4.1 | KC26: 2.4 | KD26: -0.4 | KE26: 1.6 | KF26: 3 | KG26: 0.3 | KH26: 7.5 | KI26: -2.4 | KJ26: -0.3 | KK26: 0.4 | KL26: 2.2 | KM26: 0.8 | KN26: 2.9 | KO26: 0.3 | KP26: 0.8 | KQ26: 1.3 | KR26: 2 | KS26: -0.6 | KT26: 8.6 | KU26: -4.3 | KV26: -0.1 | KW26: 2.2 | KX26: 0.5 | KY26: 1.7 | KZ26: 5.3
A27: % changes to December of the previous year | B27: 11.1 | C27: 17.4 | D27: 24.3 | E27: 19.4 | F27: 22.5 | G27: -6.5 | H27: 0.1 | I27: 7.2 | J27: 1.8 | K27: 5.6 | L27: 19.4 | M27: 21.6 | N27: 16.5 | O27: 22.4 | P27: 19.1 | Q27: 12.3 | R27: 16.3 | S27: -6.6 | T27: -8.5 | U27: -2.7 | V27: 2 | W27: 3.7 | X27: 7.8 | Y27: 15.3 | Z27: 17 | AA27: 24.1 | AB27: 32 | AC27: 31 | AD27: 47.4 | AE27: -11.3 | AF27: -2.8 | AG27: 5.3 | AH27: 7.2 | AI27: 14.2 | AJ27: 24.5 | AK27: 28.5 | AL27: 27.9 | AM27: 37.2 | AN27: 41.7 | AO27: 40.8 | AP27: 39.2 | AQ27: 1.1 | AR27: 5.7 | AS27: 11.1 | AT27: 13.2 | AU27: 23 | AV27: 28.6 | AW27: 29.3 | AX27: 34.5 | AY27: 40.5 | AZ27: 44.7 | BA27: 69.3 | BB27: 69.5 | BC27: -5.7 | BD27: -0.6 | BE27: 7.5 | BF27: 8.2 | BG27: 12.4 | BH27: 16 | BI27: 15.6 | BJ27: 18.4 | BK27: 23.4 | BL27: 25.4 | BM27: 24.1 | BN27: 29 | BO27: -2.4 | BP27: 6.7 | BQ27: 15.4 | BR27: 17.4 | BS27: 28.2 | BT27: 38.4 | BU27: 46.1 | BV27: 49.4 | BW27: 51.7 | BX27: 59.4 | BY27: 66.9 | BZ27: 85.7 | CA27: 1.9 | CB27: 6.2 | CC27: 11.2 | CD27: 15.9 | CE27: 22.7 | CF27: 32.3 | CG27: 33.6 | CH27: 29.8 | CI27: 26.3 | CJ27: 21.6 | CK27: 23.3 | CL27: 26.3 | CM27: -3.1 | CN27: -1.9 | CO27: 1.5 | CP27: 1.8 | CQ27: 6.4 | CR27: 10.1 | CS27: 13.8 | CT27: 15.9 | CU27: 21.4 | CV27: 15.5 | CW27: 23.2 | CX27: 30 | CY27: -8.9 | CZ27: -3.1 | DA27: -4.4 | DB27: -5 | DC27: -4.4 | DD27: 2.5 | DE27: 8.1 | DF27: 5.1 | DG27: 6.3 | DH27: 3.8 | DI27: 4.5 | DJ27: 15.5 | DK27: 1.1 | DL27: 3.9 | DM27: 7 | DN27: 10.8 | DO27: 12.8 | DP27: 14.8 | DQ27: 18.1 | DR27: 19.3 | DS27: 23.4 | DT27: 25.5 | DU27: 24 | DV27: 23.1 | DW27: 1.2 | DX27: 3.5 | DY27: 9.1 | DZ27: 10.4 | EA27: 9.7 | EB27: 15.2 | EC27: 22 | ED27: 18.3 | EE27: 21.9 | EF27: 20.4 | EG27: 18 | EH27: 21.3 | EI27: -2.3 | EJ27: 1 | EK27: 5.7 | EL27: 8.2 | EM27: 6.1 | EN27: 6.6 | EO27: 8 | EP27: 5.6 | EQ27: 6.5 | ER27: 10 | ES27: 6.9 | ET27: 7.3 | EU27: 0.2 | EV27: 0.9 | EW27: 6 | EX27: 5.9 | EY27: 7.8 | EZ27: 7 | FA27: 5.5 | FB27: 0.6 | FC27: 2.6 | FD27: 3.5 | FE27: 0.1 | FF27: 1.5 | FG27: 2 | FH27: 2.4 | FI27: 2.9 | FJ27: 3.2 | FK27: 6.1 | FL27: 12.1 | FM27: 12.4 | FN27: 10.3 | FO27: 10.1 | FP27: 6 | FQ27: -1.1 | FR27: -8.2 | FS27: -4.2 | FT27: -3.9 | FU27: -2.2 | FV27: -4.7 | FW27: -1.7 | FX27: 7 | FY27: 2.7 | FZ27: 3.4 | GA27: 5.8 | GB27: 6.7 | GC27: 11.9 | GD27: 8 | GE27: -0.4 | GF27: 2.1 | GG27: 13.2 | GH27: 14 | GI27: 18.3 | GJ27: 24.4 | GK27: 31.1 | GL27: 27.5 | GM27: 30.4 | GN27: 33 | GO27: 38 | GP27: 46.2 | GQ27: -3.5 | GR27: -4.7 | GS27: 1.4 | GT27: 3.7 | GU27: 5.1 | GV27: 8.3 | GW27: 5.9 | GX27: 3.4 | GY27: 12.2 | GZ27: 8.6 | HA27: 7.9 | HB27: 7.5 | HC27: -1.3 | HD27: -1.6 | HE27: -1.2 | HF27: 0.2 | HG27: 0.6 | HH27: 6.8 | HI27: 8.8 | HJ27: 2.4 | HK27: 1.2 | HL27: 2.9 | HM27: 3.9 | HN27: 7.1 | HO27: 9.5 | HP27: 2.4 | HQ27: 1.2 | HR27: 0.8 | HS27: 4.6 | HT27: 0.6 | HU27: 3.4 | HV27: 1.1 | HW27: 5.1 | HX27: 7.9 | HY27: 5.6 | HZ27: 11 | IA27: -3.2 | IB27: -3.4 | IC27: 2.2 | ID27: 2.2 | IE27: 4.6 | IF27: 7.2 | IG27: 11.7 | IH27: 12.3 | II27: 14.5 | IJ27: 17.1 | IK27: 16.8 | IL27: 19.2 | IM27: 2.5 | IN27: 2 | IO27: 6.2 | IP27: 8.8 | IQ27: 11.2 | IR27: 15 | IS27: 15.8 | IT27: 14.4 | IU27: 18 | IV27: 18.9 | IW27: 16.4 | IX27: 24.1 | IY27: -1.4 | IZ27: 0.5 | JA27: -1.5 | JB27: -2.4 | JC27: -3.6 | JD27: 1.7 | JE27: 5.4 | JF27: 5 | JG27: 8.7 | JH27: 12.9 | JI27: 10.6 | JJ27: 18 | JK27: -1.3 | JL27: -3 | JM27: 0.3 | JN27: -0.2 | JO27: 1.1 | JP27: 4.5 | JQ27: 3 | JR27: 4.5 | JS27: 6 | JT27: 8.3 | JU27: 8.8 | JV27: 16.8 | JW27: -1.9 | JX27: -1.4 | JY27: -0.6 | JZ27: -0.7 | KA27: 0.2 | KB27: 4.2 | KC27: 6.7 | KD27: 6.2 | KE27: 8 | KF27: 11.2 | KG27: 11.5 | KH27: 19.9 | KI27: -2.4 | KJ27: -2.6 | KK27: -2.3 | KL27: -0.2 | KM27: 0.6 | KN27: 3.5 | KO27: 3.8 | KP27: 4.7 | KQ27: 6 | KR27: 8.2 | KS27: 7.5 | KT27: 16.7 | KU27: -4.3 | KV27: -4.4 | KW27: -2.4 | KX27: -1.9 | KY27: -0.3 | KZ27: 5.1
A28: 4.1. Other deposits in tenge and transferable deposits of individuals in foreign currency | B28: 19582 | C28: 19647 | D28: 21363 | E28: 21704 | F28: 21662 | G28: 22027 | H28: 23238 | I28: 24622 | J28: 26567 | K28: 29144 | L28: 36393 | M28: 48403 | N28: 39742 | O28: 36281 | P28: 41712 | Q28: 37061 | R28: 48876 | S28: 48515 | T28: 51186 | U28: 52865 | V28: 54663 | W28: 55925 | X28: 58158 | Y28: 60721 | Z28: 61047 | AA28: 62958 | AB28: 63630 | AC28: 68618 | AD28: 61442 | AE28: 63275 | AF28: 66484 | AG28: 69634 | AH28: 74247 | AI28: 78387 | AJ28: 83818 | AK28: 89925 | AL28: 92378 | AM28: 94396 | AN28: 101493 | AO28: 105344 | AP28: 111214 | AQ28: 127027 | AR28: 133241 | AS28: 138438 | AT28: 142493 | AU28: 150019 | AV28: 157730 | AW28: 163754 | AX28: 170214 | AY28: 174354 | AZ28: 184508 | BA28: 200683 | BB28: 226189 | BC28: 229943 | BD28: 236683 | BE28: 244869 | BF28: 251539 | BG28: 255119 | BH28: 248452 | BI28: 247547 | BJ28: 249464 | BK28: 255486 | BL28: 261296 | BM28: 263139 | BN28: 277720 | BO28: 282946 | BP28: 299855 | BQ28: 323388 | BR28: 353556 | BS28: 400866 | BT28: 435202 | BU28: 457356 | BV28: 469794 | BW28: 482056 | BX28: 500098 | BY28: 549423 | BZ28: 613834 | CA28: 669699 | CB28: 690320 | CC28: 768079 | CD28: 783590 | CE28: 828721 | CF28: 908716 | CG28: 983641 | CH28: 884791 | CI28: 823775 | CJ28: 799199 | CK28: 794298 | CL28: 794117 | CM28: 791620 | CN28: 797793 | CO28: 827335 | CP28: 835099 | CQ28: 822009 | CR28: 805110 | CS28: 819067 | CT28: 880283 | CU28: 876600 | CV28: 857539 | CW28: 786881 | CX28: 739684 | CY28: 594499 | CZ28: 504678 | DA28: 517403 | DB28: 530155 | DC28: 527625 | DD28: 573394 | DE28: 546694 | DF28: 636919 | DG28: 645250 | DH28: 616691 | DI28: 665937 | DJ28: 730160 | DK28: 725149 | DL28: 766758 | DM28: 821117 | DN28: 835721 | DO28: 858162 | DP28: 881640 | DQ28: 910814 | DR28: 929226 | DS28: 942513 | DT28: 974186 | DU28: 1002259 | DV28: 1042679 | DW28: 1068366 | DX28: 1102930 | DY28: 1129511 | DZ28: 1159940 | EA28: 1179218 | EB28: 1221544 | EC28: 1249985 | ED28: 1274869 | EE28: 1286340 | EF28: 1268775 | EG28: 1283193 | EH28: 1332203 | EI28: 1351834 | EJ28: 1382704 | EK28: 1418215 | EL28: 1497246 | EM28: 1499367 | EN28: 1478703 | EO28: 1496522 | EP28: 1522210 | EQ28: 1561947 | ER28: 1588930 | ES28: 1634724 | ET28: 1727479 | EU28: 1800685 | EV28: 1817950 | EW28: 1846139 | EX28: 1854729 | EY28: 1861642 | EZ28: 1872456 | FA28: 1771987 | FB28: 1750162 | FC28: 1788618 | FD28: 1775117 | FE28: 1781520 | FF28: 1835828 | FG28: 1846041 | FH28: 1665053 | FI28: 1597565 | FJ28: 1644896 | FK28: 1704215 | FL28: 1690364 | FM28: 1731900 | FN28: 1625170 | FO28: 1651651 | FP28: 1489773 | FQ28: 1436935 | FR28: 1163579 | FS28: 1142768 | FT28: 1149253 | FU28: 1196232 | FV28: 1112093 | FW28: 1134317 | FX28: 1183756 | FY28: 1159464 | FZ28: 1156420 | GA28: 1150329 | GB28: 1149105 | GC28: 1190355 | GD28: 1184228 | GE28: 1238199 | GF28: 1338701 | GG28: 1535304 | GH28: 1652952 | GI28: 1800194 | GJ28: 1981845 | GK28: 2092021 | GL28: 2039956 | GM28: 2109994 | GN28: 2312069 | GO28: 2444260 | GP28: 2621803 | GQ28: 2718751 | GR28: 2774742 | GS28: 2814148 | GT28: 2961979 | GU28: 3024442 | GV28: 3128482 | GW28: 3189352 | GX28: 3115835 | GY28: 3158659 | GZ28: 3163014 | HA28: 3258909 | HB28: 3428213 | HC28: 3581342 | HD28: 3628951 | HE28: 3674848 | HF28: 3721590 | HG28: 3816593 | HH28: 3948838 | HI28: 4002867 | HJ28: 3872950 | HK28: 3799668 | HL28: 3805458 | HM28: 3838430 | HN28: 4017509 | HO28: 4184585 | HP28: 4194789 | HQ28: 4244008 | HR28: 4375453 | HS28: 4349043 | HT28: 4095920 | HU28: 4186851 | HV28: 4185089 | HW28: 4275268 | HX28: 4400070 | HY28: 4536391 | HZ28: 4630021 | IA28: 4719849 | IB28: 4816323 | IC28: 4555337 | ID28: 4628436 | IE28: 4688806 | IF28: 4812826 | IG28: 4952043 | IH28: 5057049 | II28: 5147742 | IJ28: 5250872 | IK28: 5348426 | IL28: 5612324 | IM28: 5713194 | IN28: 5846944 | IO28: 6127564 | IP28: 6321434 | IQ28: 6458667 | IR28: 6667427 | IS28: 6748196 | IT28: 6824695 | IU28: 6898798 | IV28: 7024149 | IW28: 7194766 | IX28: 7243362 | IY28: 7247166 | IZ28: 7416232 | JA28: 7232975 | JB28: 7299062 | JC28: 7409708 | JD28: 7701985 | JE28: 7956284 | JF28: 8120771 | JG28: 8364771 | JH28: 8644433 | JI28: 8884439 | JJ28: 9651760 | JK28: 9774903 | JL28: 9915763 | JM28: 10162080 | JN28: 10243922 | JO28: 10398117 | JP28: 10788267 | JQ28: 11056279 | JR28: 11249417 | JS28: 11562867 | JT28: 11813809 | JU28: 12055329 | JV28: 12884736 | JW28: 13000075 | JX28: 13182736 | JY28: 13355270 | JZ28: 13477555 | KA28: 13702633 | KB28: 14029811 | KC28: 14370902 | KD28: 14683593 | KE28: 14950784 | KF28: 15283071 | KG28: 15397428 | KH28: 16026936 | KI28: 16034376 | KJ28: 16004874 | KK28: 16171105 | KL28: 16573144 | KM28: 16795584 | KN28: 17278540 | KO28: 17674053 | KP28: 17974984 | KQ28: 18295122 | KR28: 18447225 | KS28: 18502600 | KT28: 19379302 | KU28: 19673375 | KV28: 19965126 | KW28: 20102826 | KX28: 20498155 | KY28: 20886514 | KZ28: 21600384
A29: 4.2. Other deposits in tenge and transferable deposits of non-banking legal entities in foreign currency non-banking legal entities | B29: 69690 | C29: 72229 | D29: 81924 | E29: 81951 | F29: 73539 | G29: 75176 | H29: 81568 | I29: 92379 | J29: 86407 | K29: 89093 | L29: 103810 | M29: 98695 | N29: 88953 | O29: 92033 | P29: 86418 | Q29: 75831 | R29: 64870 | S29: 73975 | T29: 64593 | U29: 68482 | V29: 81502 | W29: 81803 | X29: 84789 | Y29: 102239 | Z29: 95338 | AA29: 112683 | AB29: 129809 | AC29: 120569 | AD29: 149336 | AE29: 123258 | AF29: 141044 | AG29: 160091 | AH29: 152353 | AI29: 164912 | AJ29: 173903 | AK29: 179565 | AL29: 169114 | AM29: 181680 | AN29: 181671 | AO29: 174935 | AP29: 170028 | AQ29: 170685 | AR29: 172484 | AS29: 189151 | AT29: 188687 | AU29: 218742 | AV29: 218655 | AW29: 197901 | AX29: 204586 | AY29: 233523 | AZ29: 221009 | BA29: 339927 | BB29: 268670 | BC29: 262092 | BD29: 273596 | BE29: 331560 | BF29: 300632 | BG29: 346814 | BH29: 364707 | BI29: 361405 | BJ29: 384552 | BK29: 408852 | BL29: 437166 | BM29: 424592 | BN29: 438810 | BO29: 446410 | BP29: 450177 | BQ29: 512344 | BR29: 492321 | BS29: 528568 | BT29: 584893 | BU29: 601539 | BV29: 647624 | BW29: 631658 | BX29: 784127 | BY29: 810379 | BZ29: 919168 | CA29: 946862 | CB29: 954593 | CC29: 969183 | CD29: 976246 | CE29: 1038944 | CF29: 1095144 | CG29: 1109007 | CH29: 1144915 | CI29: 1082296 | CJ29: 1120393 | CK29: 1205119 | CL29: 1226837 | CM29: 1210595 | CN29: 1189805 | CO29: 1202793 | CP29: 1203970 | CQ29: 1249062 | CR29: 1329650 | CS29: 1413526 | CT29: 1431283 | CU29: 1508474 | CV29: 1461600 | CW29: 1785363 | CX29: 1933074 | CY29: 1606428 | CZ29: 1711581 | DA29: 1620565 | DB29: 1638998 | DC29: 1611946 | DD29: 1719284 | DE29: 1848928 | DF29: 1782432 | DG29: 1879324 | DH29: 1861309 | DI29: 1760851 | DJ29: 2147367 | DK29: 2132349 | DL29: 2182526 | DM29: 2181502 | DN29: 2289654 | DO29: 2515637 | DP29: 2378995 | DQ29: 2559332 | DR29: 2477315 | DS29: 2557015 | DT29: 2557337 | DU29: 2642609 | DV29: 2411371 | DW29: 2468841 | DX29: 2562811 | DY29: 2596914 | DZ29: 2602721 | EA29: 2511122 | EB29: 2663360 | EC29: 2897412 | ED29: 2821091 | EE29: 3016534 | EF29: 3014173 | EG29: 2934438 | EH29: 2790303 | EI29: 2817267 | EJ29: 2906069 | EK29: 3114092 | EL29: 3396068 | EM29: 3141727 | EN29: 3018224 | EO29: 3217622 | EP29: 3154562 | EQ29: 3107865 | ER29: 3412847 | ES29: 3299305 | ET29: 2938846 | EU29: 3045372 | EV29: 3048212 | EW29: 3365171 | EX29: 3315259 | EY29: 3544631 | EZ29: 3295941 | FA29: 3494474 | FB29: 3341837 | FC29: 3338376 | FD29: 3580524 | FE29: 3459785 | FF29: 3323367 | FG29: 3517185 | FH29: 3874329 | FI29: 3870527 | FJ29: 3754474 | FK29: 3920519 | FL29: 4086307 | FM29: 4157618 | FN29: 4169226 | FO29: 4259025 | FP29: 4306810 | FQ29: 3950838 | FR29: 3819270 | FS29: 3686434 | FT29: 3594585 | FU29: 3535488 | FV29: 3444277 | FW29: 3259673 | FX29: 3735704 | FY29: 3561610 | FZ29: 3734882 | GA29: 3992671 | GB29: 4205642 | GC29: 4707599 | GD29: 4380893 | GE29: 4356068 | GF29: 4302590 | GG29: 4613934 | GH29: 4280961 | GI29: 4414953 | GJ29: 4493080 | GK29: 4952158 | GL29: 4897004 | GM29: 5065655 | GN29: 4841489 | GO29: 5062602 | GP29: 5354894 | GQ29: 5092670 | GR29: 4745552 | GS29: 5004595 | GT29: 5023584 | GU29: 5051946 | GV29: 5472567 | GW29: 4979351 | GX29: 5142955 | GY29: 5460778 | GZ29: 5489941 | HA29: 5381242 | HB29: 5117528 | HC29: 4761445 | HD29: 4854763 | HE29: 4869225 | HF29: 4921778 | HG29: 4730197 | HH29: 4907139 | HI29: 5173306 | HJ29: 4706501 | HK29: 4754748 | HL29: 4798336 | HM29: 5151147 | HN29: 4844542 | HO29: 5246105 | HP29: 5112520 | HQ29: 4995817 | HR29: 4800131 | HS29: 5022625 | HT29: 4945759 | HU29: 5174800 | HV29: 4867891 | HW29: 5356919 | HX29: 5508908 | HY29: 5123251 | HZ29: 5496235 | IA29: 5202109 | IB29: 5003559 | IC29: 5687195 | ID29: 5526491 | IE29: 5694263 | IF29: 5760963 | IG29: 6220440 | IH29: 6204763 | II29: 6530931 | IJ29: 6676533 | IK29: 6200963 | IL29: 6335653 | IM29: 6965966 | IN29: 6373976 | IO29: 6669449 | IP29: 6978508 | IQ29: 7069404 | IR29: 7352175 | IS29: 7415215 | IT29: 7098864 | IU29: 7681275 | IV29: 7841957 | IW29: 7426998 | IX29: 7718900 | IY29: 7408342 | IZ29: 7508133 | JA29: 7229458 | JB29: 7376722 | JC29: 7115970 | JD29: 7554016 | JE29: 8191680 | JF29: 8018352 | JG29: 8753408 | JH29: 9320439 | JI29: 8332781 | JJ29: 8991169 | JK29: 9001458 | JL29: 8651145 | JM29: 9355771 | JN29: 9074767 | JO29: 8981108 | JP29: 8734070 | JQ29: 8350405 | JR29: 8684129 | JS29: 8741118 | JT29: 9121371 | JU29: 9001478 | JV29: 9481293 | JW29: 9555891 | JX29: 9441208 | JY29: 9777764 | JZ29: 9088232 | KA29: 8976146 | KB29: 9440275 | KC29: 9552103 | KD29: 9302542 | KE29: 9564583 | KF29: 10456005 | KG29: 10719443 | KH29: 11863691 | KI29: 11730333 | KJ29: 11680319 | KK29: 11955057 | KL29: 12034091 | KM29: 12089783 | KN29: 12013065 | KO29: 11999727 | KP29: 11916199 | KQ29: 11966569 | KR29: 12850965 | KS29: 12356218 | KT29: 14491303 | KU29: 12973202 | KV29: 12512364 | KW29: 13245696 | KX29: 13084351 | KY29: 13134849 | KZ29: 14414370
A31: M3 | B31: 347456 | C31: 359759 | D31: 386547 | E31: 384154 | F31: 397015 | G31: 380659 | H31: 401351 | I31: 418733 | J31: 408343 | K31: 412231 | L31: 468080 | M31: 507000 | N31: 508342 | O31: 533824 | P31: 523677 | Q31: 522239 | R31: 576023 | S31: 536985 | T31: 537735 | U31: 557682 | V31: 580237 | W31: 602079 | X31: 615729 | Y31: 634204 | Z31: 639726 | AA31: 671735 | AB31: 705723 | AC31: 694716 | AD31: 764954 | AE31: 725019 | AF31: 772479 | AG31: 793018 | AH31: 816507 | AI31: 853347 | AJ31: 892320 | AK31: 906156 | AL31: 911109 | AM31: 984875 | AN31: 991048 | AO31: 985804 | AP31: 971749 | AQ31: 970542 | AR31: 1017163 | AS31: 1054109 | AT31: 1090911 | AU31: 1147810 | AV31: 1220688 | AW31: 1231690 | AX31: 1280031 | AY31: 1329156 | AZ31: 1376670 | BA31: 1532934 | BB31: 1650115 | BC31: 1564903 | BD31: 1638876 | BE31: 1746058 | BF31: 1689293 | BG31: 1779627 | BH31: 1833320 | BI31: 1866063 | BJ31: 1881296 | BK31: 2015827 | BL31: 2035676 | BM31: 2012511 | BN31: 2065348 | BO31: 1999223 | BP31: 2175908 | BQ31: 2332591 | BR31: 2319429 | BS31: 2513937 | BT31: 2704125 | BU31: 2813266 | BV31: 2965144 | BW31: 3053146 | BX31: 3238079 | BY31: 3387724 | BZ31: 3677561 | CA31: 3608049 | CB31: 3793972 | CC31: 3935686 | CD31: 3978254 | CE31: 4231060 | CF31: 4489209 | CG31: 4617639 | CH31: 4572106 | CI31: 4478710 | CJ31: 4351803 | CK31: 4520981 | CL31: 4629829 | CM31: 4596133 | CN31: 4651452 | CO31: 4815185 | CP31: 4852705 | CQ31: 5108144 | CR31: 5195154 | CS31: 5418313 | CT31: 5887672 | CU31: 5885793 | CV31: 5685066 | CW31: 6017826 | CX31: 6267201 | CY31: 5970359 | CZ31: 6780765 | DA31: 6688419 | DB31: 6556048 | DC31: 6587385 | DD31: 6786278 | DE31: 7091743 | DF31: 7064482 | DG31: 7254980 | DH31: 7310697 | DI31: 7094533 | DJ31: 7487306 | DK31: 7496070 | DL31: 7650126 | DM31: 7758511 | DN31: 8008973 | DO31: 8050539 | DP31: 8287944 | DQ31: 8402482 | DR31: 8424651 | DS31: 8411134 | DT31: 8660047 | DU31: 8526184 | DV31: 8482828 | DW31: 8608602 | DX31: 8605665 | DY31: 8923852 | DZ31: 9016130 | EA31: 8968234 | EB31: 9360212 | EC31: 9741556 | ED31: 9514333 | EE31: 9820950 | EF31: 9818461 | EG31: 9607044 | EH31: 9752236 | EI31: 9622127 | EJ31: 9911587 | EK31: 10293056 | EL31: 10393216 | EM31: 10334946 | EN31: 10405602 | EO31: 10582891 | EP31: 10328235 | EQ31: 10514793 | ER31: 10686225 | ES31: 10465453 | ET31: 10522812 | EU31: 10495911 | EV31: 10536193 | EW31: 11078229 | EX31: 11051547 | EY31: 11318411 | EZ31: 11578872 | FA31: 11681691 | FB31: 11350572 | FC31: 11558265 | FD31: 11680146 | FE31: 11339404 | FF31: 11598118 | FG31: 11882162 | FH31: 12432486 | FI31: 12796182 | FJ31: 12782103 | FK31: 12921548 | FL31: 13411461 | FM31: 13424662 | FN31: 13352628 | FO31: 13466829 | FP31: 13550620 | FQ31: 12973924 | FR31: 12801495 | FS31: 12389730 | FT31: 12271762 | FU31: 12308527 | FV31: 12250000 | FW31: 12514449 | FX31: 13061565 | FY31: 12910216 | FZ31: 14356579 | GA31: 15460006 | GB31: 15709825 | GC31: 16616282 | GD31: 17125875 | GE31: 17618433 | GF31: 17347937 | GG31: 17715668 | GH31: 17673456 | GI31: 17929948 | GJ31: 18351082 | GK31: 19443342 | GL31: 18864139 | GM31: 19156875 | GN31: 19295184 | GO31: 19690861 | GP31: 19798592 | GQ31: 19037212 | GR31: 18649438 | GS31: 19250778 | GT31: 19425747 | GU31: 19429278 | GV31: 19638683 | GW31: 19452259 | GX31: 19414561 | GY31: 20452183 | GZ31: 19768109 | HA31: 19375573 | HB31: 19456330 | HC31: 19262850 | HD31: 19013572 | HE31: 18950272 | HF31: 19269608 | HG31: 19168274 | HH31: 19908202 | HI31: 20251145 | HJ31: 19780029 | HK31: 19715125 | HL31: 19744282 | HM31: 19896584 | HN31: 20813371 | HO31: 21412108 | HP31: 19720819 | HQ31: 19401091 | HR31: 19353989 | HS31: 19737432 | HT31: 19537417 | HU31: 19899608 | HV31: 19782528 | HW31: 20341711 | HX31: 21008255 | HY31: 20485224 | HZ31: 21322070 | IA31: 20875848 | IB31: 20793931 | IC31: 22577476 | ID31: 22222626 | IE31: 22438151 | IF31: 22651473 | IG31: 23570750 | IH31: 23603790 | II31: 24180061 | IJ31: 24741875 | IK31: 24647549 | IL31: 24917785 | IM31: 25391985 | IN31: 25293917 | IO31: 26171930 | IP31: 26853866 | IQ31: 27446609 | IR31: 28161720 | IS31: 28239533 | IT31: 28056223 | IU31: 28850310 | IV31: 29024816 | IW31: 28695916 | IX31: 30099291 | IY31: 29800211 | IZ31: 30711812 | JA31: 29516985 | JB31: 28984211 | JC31: 28319198 | JD31: 30423168 | JE31: 31396334 | JF31: 31568273 | JG31: 32479007 | JH31: 33311554 | JI31: 32768405 | JJ31: 34295955 | JK31: 33834408 | JL31: 32982975 | JM31: 33902054 | JN31: 33644434 | JO31: 33980560 | JP31: 34713586 | JQ31: 34215812 | JR31: 34486768 | JS31: 34975250 | JT31: 35566812 | JU31: 35674585 | JV31: 38301572 | JW31: 37395436 | JX31: 37751784 | JY31: 38103439 | JZ31: 37917435 | KA31: 38160695 | KB31: 39657718 | KC31: 40470122 | KD31: 40251757 | KE31: 40719718 | KF31: 41896992 | KG31: 42612787 | KH31: 45660003 | KI31: 44684135 | KJ31: 44674562 | KK31: 44753027 | KL31: 45724073 | KM31: 45942565 | KN31: 46895559 | KO31: 47189297 | KP31: 47618385 | KQ31: 48139408 | KR31: 49331768 | KS31: 49027468 | KT31: 52751740 | KU31: 50734418 | KV31: 50664257 | KW31: 51109916 | KX31: 51730547 | KY31: 52675375 | KZ31: 55000217
A32: % changes to the previous month | B32: 1.6 | C32: 3.5 | D32: 7.4 | E32: -0.6 | F32: 3.3 | G32: -4.1 | H32: 5.4 | I32: 4.3 | J32: -2.5 | K32: 1 | L32: 13.5 | M32: 8.3 | N32: 0.3 | O32: 5 | P32: -1.9 | Q32: -0.3 | R32: 10.3 | S32: -6.8 | T32: 0.1 | U32: 3.7 | V32: 4 | W32: 3.8 | X32: 2.3 | Y32: 3 | Z32: 0.9 | AA32: 5 | AB32: 5.1 | AC32: -1.6 | AD32: 10.1 | AE32: -5.2 | AF32: 6.5 | AG32: 2.7 | AH32: 3 | AI32: 4.5 | AJ32: 4.6 | AK32: 1.6 | AL32: 0.5 | AM32: 8.1 | AN32: 0.6 | AO32: -0.5 | AP32: -1.4 | AQ32: -0.1 | AR32: 4.8 | AS32: 3.6 | AT32: 3.5 | AU32: 5.2 | AV32: 6.3 | AW32: 0.9 | AX32: 3.9 | AY32: 3.8 | AZ32: 3.6 | BA32: 11.4 | BB32: 7.6 | BC32: -5.2 | BD32: 4.7 | BE32: 6.5 | BF32: -3.3 | BG32: 5.3 | BH32: 3 | BI32: 1.8 | BJ32: 0.8 | BK32: 7.2 | BL32: 1 | BM32: -1.1 | BN32: 2.6 | BO32: -3.2 | BP32: 8.8 | BQ32: 7.2 | BR32: -0.6 | BS32: 8.4 | BT32: 7.6 | BU32: 4 | BV32: 5.4 | BW32: 3 | BX32: 6.1 | BY32: 4.6 | BZ32: 8.6 | CA32: -1.9 | CB32: 5.2 | CC32: 3.7 | CD32: 1.1 | CE32: 6.4 | CF32: 6.1 | CG32: 2.9 | CH32: -1 | CI32: -2 | CJ32: -2.8 | CK32: 3.9 | CL32: 2.4 | CM32: -0.7 | CN32: 1.2 | CO32: 3.5 | CP32: 0.8 | CQ32: 5.3 | CR32: 1.7 | CS32: 4.3 | CT32: 8.7 | CV32: -3.4 | CW32: 5.9 | CX32: 4.1 | CY32: -4.7 | CZ32: 13.6 | DA32: -1.4 | DB32: -2 | DC32: 0.5 | DD32: 3 | DE32: 4.5 | DF32: -0.4 | DG32: 2.7 | DH32: 0.8 | DI32: -3 | DJ32: 5.5 | DK32: 0.1 | DL32: 2.1 | DM32: 1.4 | DN32: 3.2 | DO32: 0.5 | DP32: 2.9 | DQ32: 1.4 | DR32: 0.3 | DS32: -0.2 | DT32: 3 | DU32: -1.5 | DV32: -0.5 | DW32: 1.5 | DY32: 3.7 | DZ32: 1 | EA32: -0.5 | EB32: 4.4 | EC32: 4.1 | ED32: -2.3 | EE32: 3.2 | EG32: -2.2 | EH32: 1.5 | EI32: -1.3 | EJ32: 3 | EK32: 3.8 | EL32: 1 | EM32: -0.6 | EN32: 0.7 | EO32: 1.7 | EP32: -2.4 | EQ32: 1.8 | ER32: 1.6 | ES32: -2.1 | ET32: 0.5 | EU32: -0.3 | EV32: 0.4 | EW32: 5.1 | EX32: -0.2 | EY32: 2.4 | EZ32: 2.3 | FA32: 0.9 | FB32: -2.8 | FC32: 1.8 | FD32: 1.1 | FE32: -2.9 | FF32: 2.3 | FG32: 2.4 | FH32: 4.6 | FI32: 2.9 | FJ32: -0.1 | FK32: 1.1 | FL32: 3.8 | FM32: 0.1 | FN32: -0.5 | FO32: 0.9 | FP32: 0.6 | FQ32: -4.3 | FR32: -0.1 | FS32: -3.2 | FT32: -1 | FU32: 0.3 | FV32: -0.5 | FW32: 2.2 | FX32: 4.4 | FY32: -1.2 | FZ32: 11.2 | GA32: 7.7 | GB32: 1.6 | GC32: 5.8 | GD32: 3.1 | GE32: 2.9 | GF32: -1.5 | GG32: 2.1 | GH32: -0.2 | GI32: 1.5 | GJ32: 2.3 | GK32: 6 | GL32: -3 | GM32: 1.6 | GN32: 0.7 | GO32: 2.1 | GP32: 0.5 | GQ32: -3.8 | GR32: -2 | GS32: 3.2 | GT32: 0.9 | GV32: 1.1 | GW32: -0.9 | GX32: -0.2 | GY32: 5.3 | GZ32: -3.3 | HA32: -2 | HB32: 0.4 | HC32: -1 | HD32: -1.3 | HE32: -0.3 | HF32: 1.7 | HG32: -0.5 | HH32: 3.9 | HI32: 1.7 | HJ32: -2.3 | HK32: -0.3 | HL32: 0.1 | HM32: 0.8 | HN32: 4.6 | HO32: 2.9 | HP32: -7.9 | HQ32: -1.6 | HR32: -0.2 | HS32: 2 | HT32: -1 | HU32: 1.9 | HV32: -0.6 | HW32: 2.8 | HX32: 3.3 | HY32: -2.5 | HZ32: 4.1 | IA32: -2.1 | IB32: -0.4 | IC32: 8.6 | ID32: -1.6 | IE32: 1 | IF32: 1 | IG32: 4.1 | IH32: 0.1 | II32: 2.4 | IJ32: 2.3 | IK32: -0.4 | IL32: 1.1 | IM32: 1.9 | IN32: -0.4 | IO32: 3.5 | IP32: 2.6 | IQ32: 2.2 | IR32: 2.6 | IS32: 0.3 | IT32: -0.6 | IU32: 2.8 | IV32: 0.6 | IW32: -1.1 | IX32: 4.9 | IY32: -1 | IZ32: 3.1 | JA32: -3.9 | JB32: -1.8 | JC32: -2.3 | JD32: 7.4 | JE32: 3.2 | JF32: 0.5 | JG32: 2.9 | JH32: 2.6 | JI32: -1.6 | JJ32: 4.7 | JK32: -1.3 | JL32: -2.5 | JM32: 2.8 | JN32: -0.8 | JO32: 1 | JP32: 2.2 | JQ32: -1.4 | JR32: 0.8 | JS32: 1.4 | JT32: 1.7 | JU32: 0.3 | JV32: 7.4 | JW32: -2.4 | JX32: 1 | JY32: 0.9 | JZ32: -0.5 | KA32: 0.6 | KB32: 3.9 | KC32: 2 | KD32: -0.5 | KE32: 1.2 | KF32: 2.9 | KG32: 1.7 | KH32: 7.2 | KI32: -2.1 | KK32: 0.2 | KL32: 2.2 | KM32: 0.5 | KN32: 2.1 | KO32: 0.6 | KP32: 0.9 | KQ32: 1.1 | KR32: 2.5 | KS32: -0.6 | KT32: 7.6 | KU32: -3.8 | KV32: -0.1 | KW32: 0.9 | KX32: 1.2 | KY32: 1.8 | KZ32: 4.4
A33: % changes to December of the previous year | B33: 26.9 | C33: 31.4 | D33: 41.1 | E33: 40.3 | F33: 45 | G33: -4.1 | H33: 1.1 | I33: 5.5 | J33: 2.9 | K33: 3.8 | L33: 17.9 | M33: 27.7 | N33: 28 | O33: 34.5 | P33: 31.9 | Q33: 31.5 | R33: 45.1 | S33: -6.8 | T33: -6.6 | U33: -3.2 | V33: 0.7 | W33: 4.5 | X33: 6.9 | Y33: 10.1 | Z33: 11.1 | AA33: 16.6 | AB33: 22.5 | AC33: 20.6 | AD33: 32.8 | AE33: -5.2 | AF33: 1 | AG33: 3.7 | AH33: 6.7 | AI33: 11.6 | AJ33: 16.7 | AK33: 18.5 | AL33: 19.1 | AM33: 28.7 | AN33: 29.6 | AO33: 28.9 | AP33: 27 | AQ33: -0.1 | AR33: 4.7 | AS33: 8.5 | AT33: 12.3 | AU33: 18.1 | AV33: 25.6 | AW33: 26.7 | AX33: 31.7 | AY33: 36.8 | AZ33: 41.7 | BA33: 57.7 | BB33: 69.8 | BC33: -5.2 | BD33: -0.7 | BE33: 5.8 | BF33: 2.4 | BG33: 7.8 | BH33: 11.1 | BI33: 13.1 | BJ33: 14 | BK33: 22.2 | BL33: 23.4 | BM33: 22 | BN33: 25.2 | BO33: -3.2 | BP33: 5.4 | BQ33: 12.9 | BR33: 12.3 | BS33: 21.7 | BT33: 30.9 | BU33: 36.2 | BV33: 43.6 | BW33: 47.8 | BX33: 56.8 | BY33: 64 | BZ33: 78.1 | CA33: -1.9 | CB33: 3.2 | CC33: 7 | CD33: 8.2 | CE33: 15.1 | CF33: 22.1 | CG33: 25.6 | CH33: 24.3 | CI33: 21.8 | CJ33: 18.3 | CK33: 22.9 | CL33: 25.9 | CM33: -0.7 | CN33: 0.5 | CO33: 4 | CP33: 4.8 | CQ33: 10.3 | CR33: 12.2 | CS33: 17 | CT33: 27.2 | CU33: 27.1 | CV33: 22.8 | CW33: 30 | CX33: 35.4 | CY33: -4.7 | CZ33: 8.2 | DA33: 6.7 | DB33: 4.6 | DC33: 5.1 | DD33: 8.3 | DE33: 13.2 | DF33: 12.7 | DG33: 15.8 | DH33: 16.7 | DI33: 13.2 | DJ33: 19.5 | DK33: 0.1 | DL33: 2.2 | DM33: 3.6 | DN33: 7 | DO33: 7.5 | DP33: 10.7 | DQ33: 12.2 | DR33: 12.5 | DS33: 12.3 | DT33: 15.7 | DU33: 13.9 | DV33: 13.3 | DW33: 1.5 | DX33: 1.4 | DY33: 5.2 | DZ33: 6.3 | EA33: 5.7 | EB33: 10.3 | EC33: 14.8 | ED33: 12.2 | EE33: 15.8 | EF33: 15.7 | EG33: 13.3 | EH33: 15 | EI33: -1.3 | EJ33: 1.6 | EK33: 5.5 | EL33: 6.6 | EM33: 6 | EN33: 6.7 | EO33: 8.5 | EP33: 5.9 | EQ33: 7.8 | ER33: 9.6 | ES33: 7.3 | ET33: 7.9 | EU33: -0.3 | EV33: 0.1 | EW33: 5.3 | EX33: 5 | EY33: 7.6 | EZ33: 10 | FA33: 11 | FB33: 7.9 | FC33: 9.8 | FD33: 11 | FE33: 7.8 | FF33: 10.2 | FG33: 2.4 | FH33: 7.2 | FI33: 10.3 | FJ33: 10.2 | FK33: 11.4 | FL33: 15.6 | FM33: 15.7 | FN33: 15.1 | FO33: 16.1 | FP33: 16.8 | FQ33: 11.9 | FR33: 10.4 | FS33: -3.2 | FT33: -4.1 | FU33: -3.9 | FV33: -4.3 | FW33: -2.2 | FX33: 2 | FY33: 0.8 | FZ33: 12.1 | GA33: 20.8 | GB33: 22.7 | GC33: 29.8 | GD33: 33.8 | GE33: 2.9 | GF33: 1.3 | GG33: 3.4 | GH33: 3.2 | GI33: 4.7 | GJ33: 7.2 | GK33: 13.5 | GL33: 10.1 | GM33: 11.9 | GN33: 12.7 | GO33: 15 | GP33: 15.6 | GQ33: -3.8 | GR33: -5.8 | GS33: -2.8 | GT33: -1.9 | GU33: -1.9 | GV33: -0.8 | GW33: -1.7 | GX33: -1.9 | GY33: 3.3 | GZ33: -0.2 | HA33: -2.1 | HB33: -1.7 | HC33: -1 | HD33: -2.3 | HE33: -2.6 | HF33: -1 | HG33: -1.5 | HH33: 2.3 | HI33: 4.1 | HJ33: 1.7 | HK33: 1.3 | HL33: 1.5 | HM33: 2.3 | HN33: 7 | HO33: 2.9 | HP33: -5.2 | HQ33: -6.8 | HR33: -7 | HS33: -5.2 | HT33: -6.1 | HU33: -4.4 | HV33: -5 | HW33: -2.3 | HX33: 0.9 | HY33: -1.6 | HZ33: 2.4 | IA33: -2.1 | IB33: -2.5 | IC33: 5.9 | ID33: 4.2 | IE33: 5.2 | IF33: 6.2 | IG33: 10.5 | IH33: 10.7 | II33: 13.4 | IJ33: 16 | IK33: 15.6 | IL33: 16.9 | IM33: 1.9 | IN33: 1.5 | IO33: 5 | IP33: 7.8 | IQ33: 10.1 | IR33: 13 | IS33: 13.3 | IT33: 12.6 | IU33: 15.8 | IV33: 16.5 | IW33: 15.2 | IX33: 20.8 | IY33: -1 | IZ33: 2 | JA33: -1.9 | JB33: -3.7 | JC33: -5.9 | JD33: 1.1 | JE33: 4.3 | JF33: 4.9 | JG33: 7.9 | JH33: 10.7 | JI33: 8.9 | JJ33: 13.9 | JK33: -1.3 | JL33: -3.8 | JM33: -1.1 | JN33: -1.9 | JO33: -0.9 | JP33: 1.2 | JQ33: -0.2 | JR33: 0.6 | JS33: 2 | JT33: 3.7 | JU33: 4 | JV33: 11.7 | JW33: -2.4 | JX33: -1.4 | JY33: -0.5 | JZ33: -1 | KA33: -0.4 | KB33: 3.5 | KC33: 5.7 | KD33: 5.1 | KE33: 6.3 | KF33: 9.4 | KG33: 11.3 | KH33: 19.2 | KI33: -2.1 | KJ33: -2.2 | KK33: -2 | KL33: 0.1 | KM33: 0.6 | KN33: 2.7 | KO33: 3.3 | KP33: 4.3 | KQ33: 5.4 | KR33: 8 | KS33: 7.4 | KT33: 15.5 | KU33: -3.8 | KV33: -4 | KW33: -3.1 | KX33: -1.9 | KY33: -0.1 | KZ33: 4.3
A34: 5.1. Other deposits of individuals in foreign currency | B34: 40347 | C34: 42035 | D34: 43369 | E34: 46521 | F34: 51373 | G34: 55274 | H34: 57964 | I34: 60728 | J34: 62160 | K34: 63373 | L34: 79709 | M34: 91648 | N34: 108186 | O34: 115200 | P34: 113178 | Q34: 121337 | R34: 134077 | S34: 137407 | T34: 138773 | U34: 139990 | V34: 144544 | W34: 147241 | X34: 151534 | Y34: 154850 | Z34: 159103 | AA34: 162806 | AB34: 167578 | AC34: 162678 | AD34: 171439 | AE34: 174641 | AF34: 173574 | AG34: 176721 | AH34: 178339 | AI34: 180004 | AJ34: 177870 | AK34: 179088 | AL34: 181693 | AM34: 188566 | AN34: 191757 | AO34: 193106 | AP34: 194357 | AQ34: 180736 | AR34: 182862 | AS34: 183620 | AT34: 190740 | AU34: 188749 | AV34: 190630 | AW34: 188562 | AX34: 189310 | AY34: 188999 | AZ34: 184999 | BA34: 175168 | BB34: 170823 | BC34: 170579 | BD34: 172998 | BE34: 180161 | BF34: 185184 | BG34: 188418 | BH34: 205771 | BI34: 212197 | BJ34: 214852 | BK34: 215897 | BL34: 223222 | BM34: 234504 | BN34: 251747 | BO34: 256070 | BP34: 250988 | BQ34: 242005 | BR34: 238492 | BS34: 230333 | BT34: 223255 | BU34: 221468 | BV34: 254589 | BW34: 274906 | BX34: 286901 | BY34: 293170 | BZ34: 304628 | CA34: 283496 | CB34: 282484 | CC34: 292154 | CD34: 285711 | CE34: 297314 | CF34: 306426 | CG34: 330553 | CH34: 416819 | CI34: 441244 | CJ34: 465468 | CK34: 494954 | CL34: 503341 | CM34: 522011 | CN34: 529213 | CO34: 523699 | CP34: 518972 | CQ34: 511083 | CR34: 502988 | CS34: 505525 | CT34: 502312 | CU34: 500615 | CV34: 455131 | CW34: 514205 | CX34: 584497 | CY34: 756445 | CZ34: 958305 | DA34: 942606 | DB34: 908969 | DC34: 891744 | DD34: 883719 | DE34: 930631 | DF34: 1013364 | DG34: 1031317 | DH34: 1042400 | DI34: 990643 | DJ34: 993711 | DK34: 1004418 | DL34: 1009807 | DM34: 945586 | DN34: 941195 | DO34: 893591 | DP34: 900740 | DQ34: 921349 | DR34: 914535 | DS34: 936492 | DT34: 945968 | DU34: 938746 | DV34: 925678 | DW34: 935916 | DX34: 929259 | DY34: 928641 | DZ34: 935429 | EA34: 931758 | EB34: 972201 | EC34: 988666 | ED34: 993858 | EE34: 1033405 | EF34: 1080627 | EG34: 1082696 | EH34: 1095174 | EI34: 1121549 | EJ34: 1134042 | EK34: 1138068 | EL34: 1141496 | EM34: 1156385 | EN34: 1207406 | EO34: 1240022 | EP34: 1249345 | EQ34: 1254740 | ER34: 1257495 | ES34: 1258673 | ET34: 1273316 | EU34: 1278082 | EV34: 1317587 | EW34: 1303987 | EX34: 1320005 | EY34: 1345587 | EZ34: 1356201 | FA34: 1530277 | FB34: 1564578 | FC34: 1578634 | FD34: 1626908 | FE34: 1644616 | FF34: 1667788 | FG34: 1726384 | FH34: 2033615 | FI34: 2164007 | FJ34: 2192876 | FK34: 2175315 | FL34: 2244490 | FM34: 2282282 | FN34: 2375423 | FO34: 2327820 | FP34: 2495756 | FQ34: 2549405 | FR34: 2874239 | FS34: 2836471 | FT34: 2820003 | FU34: 2753533 | FV34: 2836077 | FW34: 2806132 | FX34: 2784054 | FY34: 2876374 | FZ34: 3670237 | GA34: 4191243 | GB34: 4350495 | GC34: 4724807 | GD34: 5212670 | GE34: 5516174 | GF34: 5241874 | GG34: 4972273 | GH34: 4641043 | GI34: 4703286 | GJ34: 4598750 | GK34: 4791204 | GL34: 4698013 | GM34: 4652607 | GN34: 4580094 | GO34: 4711237 | GP34: 4659311 | GQ34: 4443925 | GR34: 4276982 | GS34: 4215145 | GT34: 4105578 | GU34: 4045519 | GV34: 4119646 | GW34: 4203166 | GX34: 4395847 | GY34: 4431958 | GZ34: 4314723 | HA34: 4122435 | HB34: 4059908 | HC34: 3927317 | HD34: 3841910 | HE34: 3751666 | HF34: 3810504 | HG34: 3699671 | HH34: 3739978 | HI34: 3732550 | HJ34: 3987158 | HK34: 3930274 | HL34: 3869570 | HM34: 3835666 | HN34: 3863520 | HO34: 3664291 | HP34: 3549308 | HQ34: 3510953 | HR34: 3363253 | HS34: 3389088 | HT34: 3665219 | HU34: 3621814 | HV34: 3661451 | HW34: 3614161 | HX34: 3595496 | HY34: 3513397 | HZ34: 3562238 | IA34: 3538363 | IB34: 3704135 | IC34: 4312000 | ID34: 3988058 | IE34: 3839247 | IF34: 3735592 | IG34: 3834842 | IH34: 3796175 | II34: 3930644 | IJ34: 3957148 | IK34: 3917571 | IL34: 3860519 | IM34: 3900912 | IN34: 3823013 | IO34: 3835081 | IP34: 3854288 | IQ34: 3804197 | IR34: 3898335 | IS34: 3891059 | IT34: 3909554 | IU34: 3902819 | IV34: 3894609 | IW34: 4033255 | IX34: 4150280 | IY34: 4147588 | IZ34: 4625646 | JA34: 4082538 | JB34: 3873735 | JC34: 3654508 | JD34: 4058040 | JE34: 4083224 | JF34: 4025625 | JG34: 3999253 | JH34: 3949852 | JI34: 4130530 | JJ34: 4190457 | JK34: 4201277 | JL34: 4001288 | JM34: 3942882 | JN34: 3881839 | JO34: 3814890 | JP34: 3751752 | JQ34: 3652335 | JR34: 3573457 | JS34: 3609473 | JT34: 3537966 | JU34: 3457374 | JV34: 3822940 | JW34: 3660999 | JX34: 3670439 | JY34: 3617963 | JZ34: 3574906 | KA34: 3557901 | KB34: 3715633 | KC34: 3653248 | KD34: 3620692 | KE34: 3597405 | KF34: 3614476 | KG34: 3913530 | KH34: 4167527 | KI34: 4144374 | KJ34: 4202305 | KK34: 4190245 | KL34: 4195182 | KM34: 4066498 | KN34: 3983156 | KO34: 4012507 | KP34: 3988416 | KQ34: 3993516 | KR34: 4136643 | KS34: 4020078 | KT34: 4209139 | KU34: 4288074 | KV34: 4235442 | KW34: 4079475 | KX34: 3933904 | KY34: 4109894 | KZ34: 4027153
A35: 5.2. Other deposits of non-banking legal entities in foreign currency | B35: 43528 | C35: 39223 | D35: 48250 | E35: 54309 | F35: 54999 | G35: 53536 | H35: 52412 | I35: 46551 | J35: 50438 | K35: 41885 | L35: 41267 | M35: 62073 | N35: 61646 | O35: 62977 | P35: 64326 | Q35: 74474 | R35: 103967 | S35: 83868 | T35: 89834 | U35: 88709 | V35: 91059 | W35: 104416 | X35: 99909 | Y35: 89498 | Z35: 85198 | AA35: 89660 | AB35: 91991 | AC35: 89208 | AD35: 95443 | AE35: 108416 | AF35: 114649 | AG35: 91666 | AH35: 104274 | AI35: 104485 | AJ35: 94264 | AK35: 86994 | AL35: 92172 | AM35: 112880 | AN35: 93425 | AO35: 91446 | AP35: 84011 | AQ35: 88816 | AR35: 101056 | AS35: 99813 | AT35: 115517 | AU35: 106432 | AV35: 138293 | AW35: 146542 | AX35: 158216 | AY35: 165929 | AZ35: 188514 | BA35: 183876 | BB35: 303802 | BC35: 285971 | BD35: 297980 | BE35: 302236 | BF35: 232402 | BG35: 269385 | BH35: 264023 | BI35: 294630 | BJ35: 274680 | BK35: 349544 | BL35: 338426 | BM35: 318876 | BN35: 297631 | BO35: 264223 | BP35: 307395 | BQ35: 341398 | BR35: 301333 | BS35: 340424 | BT35: 383355 | BU35: 377031 | BV35: 446289 | BW35: 477772 | BX35: 534433 | BY35: 564475 | BZ35: 558381 | CA35: 457382 | CB35: 522478 | CC35: 513199 | CD35: 431621 | CE35: 479579 | CF35: 459433 | CG35: 527505 | CH35: 503298 | CI35: 481870 | CJ35: 464300 | CK35: 555294 | CL35: 572846 | CM35: 630518 | CN35: 637205 | CO35: 684628 | CP35: 716246 | CQ35: 815921 | CR35: 778740 | CS35: 867198 | CT35: 1265051 | CU35: 1070836 | CV35: 1124368 | CW35: 1125454 | CX35: 1062375 | CY35: 1006730 | CZ35: 1345762 | DA35: 1329154 | DB35: 1255578 | DC35: 1276454 | DD35: 1165669 | DE35: 1167873 | DF35: 1193405 | DG35: 1314430 | DH35: 1471355 | DI35: 1274446 | DJ35: 1158391 | DK35: 1097489 | DL35: 1095852 | DM35: 1103250 | DN35: 1153718 | DO35: 1141390 | DP35: 1262737 | DQ35: 1180615 | DR35: 1143056 | DS35: 892933 | DT35: 1020951 | DU35: 972118 | DV35: 987051 | DW35: 1022856 | DX35: 873569 | DY35: 828059 | DZ35: 828217 | EA35: 827059 | EB35: 819042 | EC35: 738507 | ED35: 750877 | EE35: 780645 | EF35: 827880 | EG35: 769467 | EH35: 689560 | EI35: 717473 | EJ35: 726613 | EK35: 736409 | EL35: 633096 | EM35: 724513 | EN35: 707804 | EO35: 740226 | EP35: 669138 | EQ35: 778437 | ER35: 667050 | ES35: 693006 | ET35: 702559 | EU35: 652145 | EV35: 593080 | EW35: 718798 | EX35: 677476 | EY35: 755451 | EZ35: 1080278 | FA35: 1136257 | FB35: 1188321 | FC35: 1212630 | FD35: 1208217 | FE35: 1141115 | FF35: 1252716 | FG35: 1302786 | FH35: 1513510 | FI35: 1702339 | FJ35: 1630243 | FK35: 1538366 | FL35: 1431933 | FM35: 1389273 | FN35: 1409602 | FO35: 1588771 | FP35: 1851780 | FQ35: 1840556 | FR35: 1963434 | FS35: 1923580 | FT35: 1799258 | FU35: 1762933 | FV35: 1820569 | FW35: 1879988 | FX35: 1755570 | FY35: 1855433 | FZ35: 2454352 | GA35: 2840838 | GB35: 2865283 | GC35: 2980696 | GD35: 3315372 | GE35: 3536641 | GF35: 3324257 | GG35: 3006728 | GH35: 3232155 | GI35: 3056366 | GJ35: 3056526 | GK35: 3381514 | GL35: 3202804 | GM35: 3289864 | GN35: 3278203 | GO35: 3117808 | GP35: 2572815 | GQ35: 2471851 | GR35: 2397719 | GS35: 2289111 | GT35: 2288428 | GU35: 2179457 | GV35: 1907032 | GW35: 1936812 | GX35: 2021242 | GY35: 1924221 | GZ35: 1809428 | HA35: 1695392 | HB35: 1882691 | HC35: 1996934 | HD35: 1880056 | HE35: 1847125 | HF35: 1921970 | HG35: 1877404 | HH35: 1734996 | HI35: 1822002 | HJ35: 1960706 | HK35: 2107727 | HL35: 1965106 | HM35: 2019384 | HN35: 2482795 | HO35: 1904855 | HP35: 1356544 | HQ35: 1248198 | HR35: 1403610 | HS35: 1215951 | HT35: 1322824 | HU35: 1317128 | HV35: 1491573 | HW35: 1527075 | HX35: 1800502 | HY35: 1695810 | HZ35: 1705491 | IA35: 1799094 | IB35: 1582203 | IC35: 1858413 | ID35: 1828300 | IE35: 1800933 | IF35: 1701262 | IG35: 1805221 | IH35: 1785077 | II35: 1870410 | IJ35: 1992367 | IK35: 1981168 | IL35: 1922337 | IM35: 1883919 | IN35: 1957732 | IO35: 2008728 | IP35: 2185447 | IQ35: 2365210 | IR35: 2257571 | IS35: 2193091 | IT35: 2259151 | IU35: 2375128 | IV35: 2383608 | IW35: 2386236 | IX35: 2198742 | IY35: 2228378 | IZ35: 2217578 | JA35: 2045866 | JB35: 1936090 | JC35: 1760951 | JD35: 2217740 | JE35: 2280435 | JF35: 2601987 | JG35: 2653695 | JH35: 2550823 | JI35: 2377925 | JJ35: 2080113 | JK35: 1966278 | JL35: 1808551 | JM35: 1848895 | JN35: 1791677 | JO35: 1837979 | JP35: 1687379 | JQ35: 1710513 | JR35: 1621680 | JS35: 1644978 | JT35: 1672512 | JU35: 1729339 | JV35: 1731719 | JW35: 1625470 | JX35: 1799076 | JY35: 1950114 | JZ35: 1816311 | KA35: 1804643 | KB35: 1815046 | KC35: 1868699 | KD35: 1839677 | KE35: 1769513 | KF35: 1875650 | KG35: 2191662 | KH35: 2237805 | KI35: 2215367 | KJ35: 2256266 | KK35: 2204877 | KL35: 2343167 | KM35: 2383316 | KN35: 2288548 | KO35: 2430411 | KP35: 2538876 | KQ35: 2519022 | KR35: 2732795 | KS35: 2814706 | KT35: 2736963 | KU35: 2630325 | KV35: 2656868 | KW35: 2310398 | KX35: 2852904 | KY35: 2878304 | KZ35: 2844203

Sheet Final Clea
A1: {=TRANSPOSE(Worksheet!A3:KZ3)} -> Initial date | B1: Formatting | C1: DATE | D1: {=TRANSPOSE(Worksheet!A25:KZ25)} -> M2 | E1: % changes to the previous month
A2: 08.00 | B2: =DATE(2000+VALUE(RIGHT(TEXT(A2,"00.00"),2)),VALUE(LEFT(TEXT(A2,"00.00"),2)),1) -> 36739 | C2: =TEXT(B2,"yyyy-mm-01") -> 2000-08-01 | D2: 263580 | E2: =Worksheet!B26% -> 0.011
A3: 09.00 | B3: =DATE(2000+VALUE(RIGHT(TEXT(A3,"00.00"),2)),VALUE(LEFT(TEXT(A3,"00.00"),2)),1) -> 36770 | C3: =TEXT(B3,"yyyy-mm-01") -> 2000-09-01 | D3: 278501 | E3: =LN(D3/D2) -> 0.055064723
A4: 10.00 | B4: =DATE(2000+VALUE(RIGHT(TEXT(A4,"00.00"),2)),VALUE(LEFT(TEXT(A4,"00.00"),2)),1) -> 36800 | C4: =TEXT(B4,"yyyy-mm-01") -> 2000-10-01 | D4: 294928 | E4: =LN(D4/D3) -> 0.057309609
A5: 11.00 | B5: =DATE(2000+VALUE(RIGHT(TEXT(A5,"00.00"),2)),VALUE(LEFT(TEXT(A5,"00.00"),2)),1) -> 36831 | C5: =TEXT(B5,"yyyy-mm-01") -> 2000-11-01 | D5: 283324 | E5: =LN(D5/D4) -> -0.04014014
A6: 12.00 | B6: =DATE(2000+VALUE(RIGHT(TEXT(A6,"00.00"),2)),VALUE(LEFT(TEXT(A6,"00.00"),2)),1) -> 36861 | C6: =TEXT(B6,"yyyy-mm-01") -> 2000-12-01 | D6: 290643 | E6: =LN(D6/D5) -> 0.025504591
A7: 01.01 | B7: =DATE(2000+VALUE(RIGHT(TEXT(A7,"00.00"),2)),VALUE(LEFT(TEXT(A7,"00.00"),2)),1) -> 36892 | C7: =TEXT(B7,"yyyy-mm-01") -> 2001-01-01 | D7: 271849 | E7: =LN(D7/D6) -> -0.066848945
A8: 02.01 | B8: =DATE(2000+VALUE(RIGHT(TEXT(A8,"00.00"),2)),VALUE(LEFT(TEXT(A8,"00.00"),2)),1) -> 36923 | C8: =TEXT(B8,"yyyy-mm-01") -> 2001-02-01 | D8: 290975 | E8: =LN(D8/D7) -> 0.067990588
A9: 03.01 | B9: =DATE(2000+VALUE(RIGHT(TEXT(A9,"00.00"),2)),VALUE(LEFT(TEXT(A9,"00.00"),2)),1) -> 36951 | C9: =TEXT(B9,"yyyy-mm-01") -> 2001-03-01 | D9: 311455 | E9: =LN(D9/D8) -> 0.068017513
A10: 04.01 | B10: =DATE(2000+VALUE(RIGHT(TEXT(A10,"00.00"),2)),VALUE(LEFT(TEXT(A10,"00.00"),2)),1) -> 36982 | C10: =TEXT(B10,"yyyy-mm-01") -> 2001-04-01 | D10: 295745 | E10: =LN(D10/D9) -> -0.051757269
A11: 05.01 | B11: =DATE(2000+VALUE(RIGHT(TEXT(A11,"00.00"),2)),VALUE(LEFT(TEXT(A11,"00.00"),2)),1) -> 37012 | C11: =TEXT(B11,"yyyy-mm-01") -> 2001-05-01 | D11: 306972 | E11: =LN(D11/D10) -> 0.037258942
A12: 06.01 | B12: =DATE(2000+VALUE(RIGHT(TEXT(A12,"00.00"),2)),VALUE(LEFT(TEXT(A12,"00.00"),2)),1) -> 37043 | C12: =TEXT(B12,"yyyy-mm-01") -> 2001-06-01 | D12: 347105 | E12: =LN(D12/D11) -> 0.12287079
A13: 07.01 | B13: =DATE(2000+VALUE(RIGHT(TEXT(A13,"00.00"),2)),VALUE(LEFT(TEXT(A13,"00.00"),2)),1) -> 37073 | C13: =TEXT(B13,"yyyy-mm-01") -> 2001-07-01 | D13: 353279 | E13: =LN(D13/D12) -> 0.017630785
A14: 08.01 | B14: =DATE(2000+VALUE(RIGHT(TEXT(A14,"00.00"),2)),VALUE(LEFT(TEXT(A14,"00.00"),2)),1) -> 37104 | C14: =TEXT(B14,"yyyy-mm-01") -> 2001-08-01 | D14: 338510 | E14: =LN(D14/D13) -> -0.042704479
... A312: 06.26 | B312: =DATE(2000+VALUE(RIGHT(TEXT(A312,"00.00"),2)),VALUE(LEFT(TEXT(A312,"00.00"),2)),1) -> 46174 | C312: =TEXT(B312,"yyyy-mm-01") -> 2026-06-01 | D312: 48128861 | E312: =LN(D312/D311) -> 0.05206435

Sheet Final Cleaned
A1: date | B1: kz_m2_m
A2: ='Final Clea'!C2 -> 2000-08-01 | B2: ='Final Clea'!D2 -> 263580
A3: ='Final Clea'!C3 -> 2000-09-01 | B3: ='Final Clea'!D3 -> 278501
A4: ='Final Clea'!C4 -> 2000-10-01 | B4: ='Final Clea'!D4 -> 294928
A5: ='Final Clea'!C5 -> 2000-11-01 | B5: ='Final Clea'!D5 -> 283324
A6: ='Final Clea'!C6 -> 2000-12-01 | B6: ='Final Clea'!D6 -> 290643
A7: ='Final Clea'!C7 -> 2001-01-01 | B7: ='Final Clea'!D7 -> 271849
A8: ='Final Clea'!C8 -> 2001-02-01 | B8: ='Final Clea'!D8 -> 290975
A9: ='Final Clea'!C9 -> 2001-03-01 | B9: ='Final Clea'!D9 -> 311455
A10: ='Final Clea'!C10 -> 2001-04-01 | B10: ='Final Clea'!D10 -> 295745
A11: ='Final Clea'!C11 -> 2001-05-01 | B11: ='Final Clea'!D11 -> 306972
A12: ='Final Clea'!C12 -> 2001-06-01 | B12: ='Final Clea'!D12 -> 347105
A13: ='Final Clea'!C13 -> 2001-07-01 | B13: ='Final Clea'!D13 -> 353279
... A312: ='Final Clea'!C312 -> 2026-06-01 | B312: ='Final Clea'!D312 -> 48128861
