Workbook

Sheet Worksheet
A1: International Reserves and foreign currency assets of the National Fund of Republic of Kazakhstan
B3: Gross international reserves | E3: Assets in CFC in International Reserves | H3: Monetary gold in International Reserves | K3: Net international reserves | N3: Foreign currency assets of the National Fund of Republic of Kazakhstan
B4: volume, million dollars | C4: change to the previous month,% | D4: change by the beginning of the year,% | E4: volume, million dollars | F4: change to the previous month,% | G4: change by the beginning of the year,% | H4: volume, million dollars | I4: change to the previous month,% | J4: change by the beginning of the year,% | K4: volume, million dollars | L4: change to the previous month,% | M4: change by the beginning of the year,% | N4: volume, million dollars | O4: change to the previous month,% | P4: change by the beginning of the year,%
A5: 08.94 | B5: 1099 | C5: 18.54 | D5: 54.6 | E5: 813 | F5: 25.69 | G5: 78.48 | H5: 286 | I5: 2.05 | J5: 12.01 | K5: 790 | L5: 1.38 | M5: 14.77 | Q5: =IF(ISNUMBER(SEARCH(".",A5)),DATE(IF(VALUE(RIGHT(A5,2))>=94,1900+VALUE(RIGHT(A5,2)),2000+VALUE(RIGHT(A5,2))),VALUE(LEFT(A5,2)),1),DATE(2000+VALUE(A5),10,1)) -> 34547 | R5: =TEXT(Q5,"yyyy-mm-01") -> 1994-08-01
A6: 09.94 | B6: 1118 | C6: 1.67 | D6: 57.17 | E6: 800 | F6: -1.67 | G6: 75.5 | H6: 318 | I6: 11.13 | J6: 24.48 | K6: 796 | L6: 0.73 | M6: 15.6 | Q6: =IF(ISNUMBER(SEARCH(".",A6)),DATE(IF(VALUE(RIGHT(A6,2))>=94,1900+VALUE(RIGHT(A6,2)),2000+VALUE(RIGHT(A6,2))),VALUE(LEFT(A6,2)),1),DATE(2000+VALUE(A6),10,1)) -> 34578 | R6: =TEXT(Q6,"yyyy-mm-01") -> 1994-09-01
A7: 10.94 | B7: 968 | C7: -13.38 | D7: 36.14 | E7: 623 | F7: -22.08 | G7: 36.76 | H7: 345 | I7: 8.49 | J7: 35.05 | K7: 761 | L7: -4.36 | M7: 10.57 | Q7: =IF(ISNUMBER(SEARCH(".",A7)),DATE(IF(VALUE(RIGHT(A7,2))>=94,1900+VALUE(RIGHT(A7,2)),2000+VALUE(RIGHT(A7,2))),VALUE(LEFT(A7,2)),1),DATE(2000+VALUE(A7),10,1)) -> 34608 | R7: =TEXT(Q7,"yyyy-mm-01") -> 1994-10-01
A8: 11.94 | B8: 952 | C8: -1.65 | D8: 33.89 | E8: 610 | F8: -2.08 | G8: 33.91 | H8: 342 | I8: -0.87 | J8: 33.87 | K8: 751 | L8: -1.38 | M8: 9.04 | Q8: =IF(ISNUMBER(SEARCH(".",A8)),DATE(IF(VALUE(RIGHT(A8,2))>=94,1900+VALUE(RIGHT(A8,2)),2000+VALUE(RIGHT(A8,2))),VALUE(LEFT(A8,2)),1),DATE(2000+VALUE(A8),10,1)) -> 34639 | R8: =TEXT(Q8,"yyyy-mm-01") -> 1994-11-01
A9: 12.94 | B9: 1215 | C9: 27.64 | D9: 70.91 | E9: 838 | F9: 37.26 | G9: 83.8 | H9: 378 | I9: 10.5 | J9: 47.92 | K9: 913 | L9: 21.63 | M9: 32.63 | Q9: =IF(ISNUMBER(SEARCH(".",A9)),DATE(IF(VALUE(RIGHT(A9,2))>=94,1900+VALUE(RIGHT(A9,2)),2000+VALUE(RIGHT(A9,2))),VALUE(LEFT(A9,2)),1),DATE(2000+VALUE(A9),10,1)) -> 34669 | R9: =TEXT(Q9,"yyyy-mm-01") -> 1994-12-01
A10: 01.95 | B10: 1142 | C10: -6.05 | D10: -6.05 | E10: 762 | F10: -9.03 | G10: -9.03 | H10: 380 | I10: 0.55 | J10: 0.55 | K10: 851 | L10: -6.79 | M10: -6.79 | Q10: =IF(ISNUMBER(SEARCH(".",A10)),DATE(IF(VALUE(RIGHT(A10,2))>=94,1900+VALUE(RIGHT(A10,2)),2000+VALUE(RIGHT(A10,2))),VALUE(LEFT(A10,2)),1),DATE(2000+VALUE(A10),10,1)) -> 34700 | R10: =TEXT(Q10,"yyyy-mm-01") -> 1995-01-01
A11: 02.95 | B11: 1159 | C11: 1.53 | D11: -4.62 | E11: 767 | F11: 0.63 | G11: -8.46 | H11: 393 | I11: 3.33 | J11: 3.9 | K11: 869 | L11: 2.13 | M11: -4.81 | Q11: =IF(ISNUMBER(SEARCH(".",A11)),DATE(IF(VALUE(RIGHT(A11,2))>=94,1900+VALUE(RIGHT(A11,2)),2000+VALUE(RIGHT(A11,2))),VALUE(LEFT(A11,2)),1),DATE(2000+VALUE(A11),10,1)) -> 34731 | R11: =TEXT(Q11,"yyyy-mm-01") -> 1995-02-01
A12: 03.95 | B12: 1387 | C12: 19.59 | D12: 14.07 | E12: 967 | F12: 26.2 | G12: 15.52 | H12: 419 | I12: 6.7 | J12: 10.86 | K12: 1089 | L12: 25.26 | M12: 19.24 | Q12: =IF(ISNUMBER(SEARCH(".",A12)),DATE(IF(VALUE(RIGHT(A12,2))>=94,1900+VALUE(RIGHT(A12,2)),2000+VALUE(RIGHT(A12,2))),VALUE(LEFT(A12,2)),1),DATE(2000+VALUE(A12),10,1)) -> 34759 | R12: =TEXT(Q12,"yyyy-mm-01") -> 1995-03-01
A13: 04.95 | B13: 1429 | C13: 3.06 | D13: 17.56 | E13: 995 | F13: 2.8 | G13: 18.75 | H13: 434 | I13: 3.68 | J13: 14.94 | K13: 1126 | L13: 3.35 | M13: 23.24 | Q13: =IF(ISNUMBER(SEARCH(".",A13)),DATE(IF(VALUE(RIGHT(A13,2))>=94,1900+VALUE(RIGHT(A13,2)),2000+VALUE(RIGHT(A13,2))),VALUE(LEFT(A13,2)),1),DATE(2000+VALUE(A13),10,1)) -> 34790 | R13: =TEXT(Q13,"yyyy-mm-01") -> 1995-04-01
A14: 05.95 | B14: 1396 | C14: -2.29 | D14: 14.87 | E14: 957 | F14: -3.81 | G14: 14.22 | H14: 440 | I14: 1.2 | J14: 16.31 | K14: 1096 | L14: -2.63 | M14: 20 | Q14: =IF(ISNUMBER(SEARCH(".",A14)),DATE(IF(VALUE(RIGHT(A14,2))>=94,1900+VALUE(RIGHT(A14,2)),2000+VALUE(RIGHT(A14,2))),VALUE(LEFT(A14,2)),1),DATE(2000+VALUE(A14),10,1)) -> 34820 | R14: =TEXT(Q14,"yyyy-mm-01") -> 1995-05-01
A15: 06.95 | B15: 1589 | C15: 13.83 | D15: 30.76 | E15: 1135 | F15: 18.62 | G15: 35.46 | H15: 455 | I15: 3.4 | J15: 20.27 | K15: 1202 | L15: 9.72 | M15: 31.66 | Q15: =IF(ISNUMBER(SEARCH(".",A15)),DATE(IF(VALUE(RIGHT(A15,2))>=94,1900+VALUE(RIGHT(A15,2)),2000+VALUE(RIGHT(A15,2))),VALUE(LEFT(A15,2)),1),DATE(2000+VALUE(A15),10,1)) -> 34851 | R15: =TEXT(Q15,"yyyy-mm-01") -> 1995-06-01
A16: 07.95 | B16: 1732 | C16: 9 | D16: 42.53 | E16: 1273 | F16: 12.2 | G16: 52.02 | H16: 459 | I16: 1.03 | J16: 21.5 | K16: 1356 | L16: 12.78 | M16: 48.49 | Q16: =IF(ISNUMBER(SEARCH(".",A16)),DATE(IF(VALUE(RIGHT(A16,2))>=94,1900+VALUE(RIGHT(A16,2)),2000+VALUE(RIGHT(A16,2))),VALUE(LEFT(A16,2)),1),DATE(2000+VALUE(A16),10,1)) -> 34881 | R16: =TEXT(Q16,"yyyy-mm-01") -> 1995-07-01
A17: 08.95 | B17: 1721 | C17: -0.64 | D17: 41.62 | E17: 1221 | F17: -4.13 | G17: 45.74 | H17: 501 | I17: 9.04 | J17: 32.49 | K17: 1359 | L17: 0.18 | M17: 48.76 | Q17: =IF(ISNUMBER(SEARCH(".",A17)),DATE(IF(VALUE(RIGHT(A17,2))>=94,1900+VALUE(RIGHT(A17,2)),2000+VALUE(RIGHT(A17,2))),VALUE(LEFT(A17,2)),1),DATE(2000+VALUE(A17),10,1)) -> 34912 | R17: =TEXT(Q17,"yyyy-mm-01") -> 1995-08-01
A18: 09.95 | B18: 1704 | C18: -1.03 | D18: 40.15 | E18: 1262 | F18: 3.39 | G18: 50.68 | H18: 442 | I18: -11.81 | J18: 16.84 | K18: 1260 | L18: -7.23 | M18: 38 | Q18: =IF(ISNUMBER(SEARCH(".",A18)),DATE(IF(VALUE(RIGHT(A18,2))>=94,1900+VALUE(RIGHT(A18,2)),2000+VALUE(RIGHT(A18,2))),VALUE(LEFT(A18,2)),1),DATE(2000+VALUE(A18),10,1)) -> 34943 | R18: =TEXT(Q18,"yyyy-mm-01") -> 1995-09-01
A19: 10.95 | B19: 1679 | C19: -1.41 | D19: 38.17 | E19: 1235 | F19: -2.13 | G19: 47.47 | H19: 444 | I19: 0.64 | J19: 17.59 | K19: 1226 | L19: -2.74 | M19: 34.22 | Q19: =IF(ISNUMBER(SEARCH(".",A19)),DATE(IF(VALUE(RIGHT(A19,2))>=94,1900+VALUE(RIGHT(A19,2)),2000+VALUE(RIGHT(A19,2))),VALUE(LEFT(A19,2)),1),DATE(2000+VALUE(A19),10,1)) -> 34973 | R19: =TEXT(Q19,"yyyy-mm-01") -> 1995-10-01
A20: 11.95 | B20: 1625 | C20: -3.26 | D20: 33.67 | E20: 1172 | F20: -5.11 | G20: 39.93 | H20: 453 | I20: 1.88 | J20: 19.8 | K20: 1095 | L20: -10.64 | M20: 19.94 | Q20: =IF(ISNUMBER(SEARCH(".",A20)),DATE(IF(VALUE(RIGHT(A20,2))>=94,1900+VALUE(RIGHT(A20,2)),2000+VALUE(RIGHT(A20,2))),VALUE(LEFT(A20,2)),1),DATE(2000+VALUE(A20),10,1)) -> 35004 | R20: =TEXT(Q20,"yyyy-mm-01") -> 1995-11-01
A21: 12.95 | B21: 1653 | C21: 1.74 | D21: 36 | E21: 1129 | F21: -3.69 | G21: 34.77 | H21: 524 | I21: 15.79 | J21: 38.71 | K21: 1170 | L21: 6.79 | M21: 28.09 | Q21: =IF(ISNUMBER(SEARCH(".",A21)),DATE(IF(VALUE(RIGHT(A21,2))>=94,1900+VALUE(RIGHT(A21,2)),2000+VALUE(RIGHT(A21,2))),VALUE(LEFT(A21,2)),1),DATE(2000+VALUE(A21),10,1)) -> 35034 | R21: =TEXT(Q21,"yyyy-mm-01") -> 1995-12-01
A22: 01.96 | B22: 1804 | C22: 9.16 | D22: 9.16 | E22: 1257 | F22: 11.36 | G22: 11.36 | H22: 548 | I22: 4.43 | J22: 4.43 | K22: 1208 | L22: 3.24 | M22: 3.24 | Q22: =IF(ISNUMBER(SEARCH(".",A22)),DATE(IF(VALUE(RIGHT(A22,2))>=94,1900+VALUE(RIGHT(A22,2)),2000+VALUE(RIGHT(A22,2))),VALUE(LEFT(A22,2)),1),DATE(2000+VALUE(A22),10,1)) -> 35065 | R22: =TEXT(Q22,"yyyy-mm-01") -> 1996-01-01
A23: 02.96 | B23: 1853 | C23: 2.72 | D23: 12.13 | E23: 1298 | F23: 3.27 | G23: 15 | H23: 555 | I23: 1.45 | J23: 5.95 | K23: 1214 | L23: 0.55 | M23: 3.81 | Q23: =IF(ISNUMBER(SEARCH(".",A23)),DATE(IF(VALUE(RIGHT(A23,2))>=94,1900+VALUE(RIGHT(A23,2)),2000+VALUE(RIGHT(A23,2))),VALUE(LEFT(A23,2)),1),DATE(2000+VALUE(A23),10,1)) -> 35096 | R23: =TEXT(Q23,"yyyy-mm-01") -> 1996-02-01
A24: 03.96 | B24: 1800 | C24: -2.88 | D24: 8.9 | E24: 1229 | F24: -5.29 | G24: 8.92 | H24: 571 | I24: 2.75 | J24: 8.86 | K24: 1275 | L24: 4.98 | M24: 8.98 | Q24: =IF(ISNUMBER(SEARCH(".",A24)),DATE(IF(VALUE(RIGHT(A24,2))>=94,1900+VALUE(RIGHT(A24,2)),2000+VALUE(RIGHT(A24,2))),VALUE(LEFT(A24,2)),1),DATE(2000+VALUE(A24),10,1)) -> 35125 | R24: =TEXT(Q24,"yyyy-mm-01") -> 1996-03-01
A25: 04.96 | B25: 1811 | C25: 0.63 | D25: 9.59 | E25: 1238 | F25: 0.72 | G25: 9.7 | H25: 573 | I25: 0.43 | J25: 9.34 | K25: 1273 | L25: -0.13 | M25: 8.84 | Q25: =IF(ISNUMBER(SEARCH(".",A25)),DATE(IF(VALUE(RIGHT(A25,2))>=94,1900+VALUE(RIGHT(A25,2)),2000+VALUE(RIGHT(A25,2))),VALUE(LEFT(A25,2)),1),DATE(2000+VALUE(A25),10,1)) -> 35156 | R25: =TEXT(Q25,"yyyy-mm-01") -> 1996-04-01
A26: 05.96 | B26: 1911 | C26: 5.47 | D26: 15.58 | E26: 1326 | F26: 7.09 | G26: 17.48 | H26: 585 | I26: 1.96 | J26: 11.48 | K26: 1324 | L26: 3.96 | M26: 13.15 | Q26: =IF(ISNUMBER(SEARCH(".",A26)),DATE(IF(VALUE(RIGHT(A26,2))>=94,1900+VALUE(RIGHT(A26,2)),2000+VALUE(RIGHT(A26,2))),VALUE(LEFT(A26,2)),1),DATE(2000+VALUE(A26),10,1)) -> 35186 | R26: =TEXT(Q26,"yyyy-mm-01") -> 1996-05-01
A27: 06.96 | B27: 1833 | C27: -4.05 | D27: 10.89 | E27: 1248 | F27: -5.85 | G27: 10.61 | H27: 585 | I27: 0.02 | J27: 11.5 | K27: 1245 | L27: -5.98 | M27: 6.39 | Q27: =IF(ISNUMBER(SEARCH(".",A27)),DATE(IF(VALUE(RIGHT(A27,2))>=94,1900+VALUE(RIGHT(A27,2)),2000+VALUE(RIGHT(A27,2))),VALUE(LEFT(A27,2)),1),DATE(2000+VALUE(A27),10,1)) -> 35217 | R27: =TEXT(Q27,"yyyy-mm-01") -> 1996-06-01
A28: 07.96 | B28: 1794 | C28: -2.12 | D28: 8.55 | E28: 1194 | F28: -4.33 | G28: 5.82 | H28: 600 | I28: 2.61 | J28: 14.41 | K28: 1200 | L28: -3.59 | M28: 2.58 | Q28: =IF(ISNUMBER(SEARCH(".",A28)),DATE(IF(VALUE(RIGHT(A28,2))>=94,1900+VALUE(RIGHT(A28,2)),2000+VALUE(RIGHT(A28,2))),VALUE(LEFT(A28,2)),1),DATE(2000+VALUE(A28),10,1)) -> 35247 | R28: =TEXT(Q28,"yyyy-mm-01") -> 1996-07-01
A29: 08.96 | B29: 1788 | C29: -0.37 | D29: 8.14 | E29: 1174 | F29: -1.67 | G29: 4.05 | H29: 613 | I29: 2.23 | J29: 16.96 | K29: 1194 | L29: -0.48 | M29: 2.09 | Q29: =IF(ISNUMBER(SEARCH(".",A29)),DATE(IF(VALUE(RIGHT(A29,2))>=94,1900+VALUE(RIGHT(A29,2)),2000+VALUE(RIGHT(A29,2))),VALUE(LEFT(A29,2)),1),DATE(2000+VALUE(A29),10,1)) -> 35278 | R29: =TEXT(Q29,"yyyy-mm-01") -> 1996-08-01
A30: 09.96 | B30: 1774 | C30: -0.76 | D30: 7.32 | E30: 1166 | F30: -0.75 | G30: 3.27 | H30: 608 | I30: -0.78 | J30: 16.05 | K30: 1161 | L30: -2.76 | M30: -0.73 | Q30: =IF(ISNUMBER(SEARCH(".",A30)),DATE(IF(VALUE(RIGHT(A30,2))>=94,1900+VALUE(RIGHT(A30,2)),2000+VALUE(RIGHT(A30,2))),VALUE(LEFT(A30,2)),1),DATE(2000+VALUE(A30),10,1)) -> 35309 | R30: =TEXT(Q30,"yyyy-mm-01") -> 1996-09-01
A31: 10.96 | B31: 1685 | C31: -5.04 | D31: 1.92 | E31: 1068 | F31: -8.35 | G31: -5.35 | H31: 616 | I31: 1.31 | J31: 17.56 | K31: 1077 | L31: -7.29 | M31: -7.97 | Q31: =IF(ISNUMBER(SEARCH(".",A31)),DATE(IF(VALUE(RIGHT(A31,2))>=94,1900+VALUE(RIGHT(A31,2)),2000+VALUE(RIGHT(A31,2))),VALUE(LEFT(A31,2)),1),DATE(2000+VALUE(A31),10,1)) -> 35339 | R31: =TEXT(Q31,"yyyy-mm-01") -> 1996-10-01
A32: 11.96 | B32: 1699 | C32: 0.88 | D32: 2.81 | E32: 1085 | F32: 1.57 | G32: -3.86 | H32: 614 | I32: -0.33 | J32: 17.18 | K32: 1089 | L32: 1.15 | M32: -6.92 | Q32: =IF(ISNUMBER(SEARCH(".",A32)),DATE(IF(VALUE(RIGHT(A32,2))>=94,1900+VALUE(RIGHT(A32,2)),2000+VALUE(RIGHT(A32,2))),VALUE(LEFT(A32,2)),1),DATE(2000+VALUE(A32),10,1)) -> 35370 | R32: =TEXT(Q32,"yyyy-mm-01") -> 1996-11-01
A33: 12.96 | B33: 1961 | C33: 15.37 | D33: 18.61 | E33: 1294 | F33: 19.26 | G33: 14.65 | H33: 667 | I33: 8.49 | J33: 27.13 | K33: 1334 | L33: 22.55 | M33: 14.07 | Q33: =IF(ISNUMBER(SEARCH(".",A33)),DATE(IF(VALUE(RIGHT(A33,2))>=94,1900+VALUE(RIGHT(A33,2)),2000+VALUE(RIGHT(A33,2))),VALUE(LEFT(A33,2)),1),DATE(2000+VALUE(A33),10,1)) -> 35400 | R33: =TEXT(Q33,"yyyy-mm-01") -> 1996-12-01
A34: 01.97 | B34: 1767 | C34: -9.86 | D34: -9.86 | E34: 1145 | F34: -11.53 | G34: -11.53 | H34: 622 | I34: -6.61 | J34: -6.61 | K34: 1162 | L34: -12.94 | M34: -12.94 | Q34: =IF(ISNUMBER(SEARCH(".",A34)),DATE(IF(VALUE(RIGHT(A34,2))>=94,1900+VALUE(RIGHT(A34,2)),2000+VALUE(RIGHT(A34,2))),VALUE(LEFT(A34,2)),1),DATE(2000+VALUE(A34),10,1)) -> 35431 | R34: =TEXT(Q34,"yyyy-mm-01") -> 1997-01-01
A35: 02.97 | B35: 1814 | C35: 2.63 | D35: -7.49 | E35: 1163 | F35: 1.58 | G35: -10.13 | H35: 651 | I35: 4.56 | J35: -2.35 | K35: 1228 | L35: 5.66 | M35: -8.01 | Q35: =IF(ISNUMBER(SEARCH(".",A35)),DATE(IF(VALUE(RIGHT(A35,2))>=94,1900+VALUE(RIGHT(A35,2)),2000+VALUE(RIGHT(A35,2))),VALUE(LEFT(A35,2)),1),DATE(2000+VALUE(A35),10,1)) -> 35462 | R35: =TEXT(Q35,"yyyy-mm-01") -> 1997-02-01
A36: 03.97 | B36: 1842 | C36: 1.56 | D36: -6.04 | E36: 1211 | F36: 4.13 | G36: -6.41 | H36: 631 | I36: -3.05 | J36: -5.33 | K36: 1254 | L36: 2.12 | M36: -6.06 | Q36: =IF(ISNUMBER(SEARCH(".",A36)),DATE(IF(VALUE(RIGHT(A36,2))>=94,1900+VALUE(RIGHT(A36,2)),2000+VALUE(RIGHT(A36,2))),VALUE(LEFT(A36,2)),1),DATE(2000+VALUE(A36),10,1)) -> 35490 | R36: =TEXT(Q36,"yyyy-mm-01") -> 1997-03-01
A37: 04.97 | B37: 1768 | C37: -4 | D37: -9.81 | E37: 1154 | F37: -4.75 | G37: -10.86 | H37: 615 | I37: -2.57 | J37: -7.76 | K37: 1192 | L37: -4.94 | M37: -10.7 | Q37: =IF(ISNUMBER(SEARCH(".",A37)),DATE(IF(VALUE(RIGHT(A37,2))>=94,1900+VALUE(RIGHT(A37,2)),2000+VALUE(RIGHT(A37,2))),VALUE(LEFT(A37,2)),1),DATE(2000+VALUE(A37),10,1)) -> 35521 | R37: =TEXT(Q37,"yyyy-mm-01") -> 1997-04-01
A38: 05.97 | B38: 1865 | C38: 5.48 | D38: -4.86 | E38: 1241 | F38: 7.56 | G38: -4.12 | H38: 625 | I38: 1.58 | J38: -6.3 | K38: 1209 | L38: 1.44 | M38: -9.42 | Q38: =IF(ISNUMBER(SEARCH(".",A38)),DATE(IF(VALUE(RIGHT(A38,2))>=94,1900+VALUE(RIGHT(A38,2)),2000+VALUE(RIGHT(A38,2))),VALUE(LEFT(A38,2)),1),DATE(2000+VALUE(A38),10,1)) -> 35551 | R38: =TEXT(Q38,"yyyy-mm-01") -> 1997-05-01
A39: 06.97 | B39: 2000 | C39: 7.22 | D39: 2.01 | E39: 1397 | F39: 12.55 | G39: 7.92 | H39: 603 | I39: -3.37 | J39: -9.46 | K39: 1391 | L39: 15.08 | M39: 4.24 | Q39: =IF(ISNUMBER(SEARCH(".",A39)),DATE(IF(VALUE(RIGHT(A39,2))>=94,1900+VALUE(RIGHT(A39,2)),2000+VALUE(RIGHT(A39,2))),VALUE(LEFT(A39,2)),1),DATE(2000+VALUE(A39),10,1)) -> 35582 | R39: =TEXT(Q39,"yyyy-mm-01") -> 1997-06-01
A40: 07.97 | B40: 2038 | C40: 1.88 | D40: 3.92 | E40: 1448 | F40: 3.71 | G40: 11.92 | H40: 589 | I40: -2.37 | J40: -11.61 | K40: 1407 | L40: 1.14 | M40: 5.43 | Q40: =IF(ISNUMBER(SEARCH(".",A40)),DATE(IF(VALUE(RIGHT(A40,2))>=94,1900+VALUE(RIGHT(A40,2)),2000+VALUE(RIGHT(A40,2))),VALUE(LEFT(A40,2)),1),DATE(2000+VALUE(A40),10,1)) -> 35612 | R40: =TEXT(Q40,"yyyy-mm-01") -> 1997-07-01
A41: 08.97 | B41: 2094 | C41: 2.77 | D41: 6.81 | E41: 1506 | F41: 3.97 | G41: 16.37 | H41: 588 | I41: -0.17 | J41: -11.76 | K41: 1532 | L41: 8.88 | M41: 14.79 | Q41: =IF(ISNUMBER(SEARCH(".",A41)),DATE(IF(VALUE(RIGHT(A41,2))>=94,1900+VALUE(RIGHT(A41,2)),2000+VALUE(RIGHT(A41,2))),VALUE(LEFT(A41,2)),1),DATE(2000+VALUE(A41),10,1)) -> 35643 | R41: =TEXT(Q41,"yyyy-mm-01") -> 1997-08-01
A42: 09.97 | B42: 2154 | C42: 2.87 | D42: 9.88 | E42: 1560 | F42: 3.57 | G42: 20.53 | H42: 595 | I42: 1.08 | J42: -10.81 | K42: 1591 | L42: 3.89 | M42: 19.25 | Q42: =IF(ISNUMBER(SEARCH(".",A42)),DATE(IF(VALUE(RIGHT(A42,2))>=94,1900+VALUE(RIGHT(A42,2)),2000+VALUE(RIGHT(A42,2))),VALUE(LEFT(A42,2)),1),DATE(2000+VALUE(A42),10,1)) -> 35674 | R42: =TEXT(Q42,"yyyy-mm-01") -> 1997-09-01
A43: 10.97 | B43: 2375 | C43: 10.24 | D43: 21.13 | E43: 1813 | F43: 16.25 | G43: 40.12 | H43: 562 | I43: -5.52 | J43: -15.73 | K43: 1824 | L43: 14.65 | M43: 36.72 | Q43: =IF(ISNUMBER(SEARCH(".",A43)),DATE(IF(VALUE(RIGHT(A43,2))>=94,1900+VALUE(RIGHT(A43,2)),2000+VALUE(RIGHT(A43,2))),VALUE(LEFT(A43,2)),1),DATE(2000+VALUE(A43),10,1)) -> 35704 | R43: =TEXT(Q43,"yyyy-mm-01") -> 1997-10-01
A44: 11.97 | B44: 2328 | C44: -1.96 | D44: 18.76 | E44: 1791 | F44: -1.23 | G44: 38.39 | H44: 538 | I44: -4.29 | J44: -19.35 | K44: 1775 | L44: -2.73 | M44: 32.99 | Q44: =IF(ISNUMBER(SEARCH(".",A44)),DATE(IF(VALUE(RIGHT(A44,2))>=94,1900+VALUE(RIGHT(A44,2)),2000+VALUE(RIGHT(A44,2))),VALUE(LEFT(A44,2)),1),DATE(2000+VALUE(A44),10,1)) -> 35735 | R44: =TEXT(Q44,"yyyy-mm-01") -> 1997-11-01
A45: 12.97 | B45: 2291 | C45: -1.6 | D45: 16.86 | E45: 1767 | F45: -1.31 | G45: 36.58 | H45: 524 | I45: -2.56 | J45: -21.41 | K45: 1727 | L45: -2.69 | M45: 29.41 | Q45: =IF(ISNUMBER(SEARCH(".",A45)),DATE(IF(VALUE(RIGHT(A45,2))>=94,1900+VALUE(RIGHT(A45,2)),2000+VALUE(RIGHT(A45,2))),VALUE(LEFT(A45,2)),1),DATE(2000+VALUE(A45),10,1)) -> 35765 | R45: =TEXT(Q45,"yyyy-mm-01") -> 1997-12-01
A46: 01.98 | B46: 2122 | C46: -7.4 | D46: -7.4 | E46: 1575 | F46: -10.9 | G46: -10.9 | H46: 547 | I46: 4.39 | J46: 4.39 | K46: 1568 | L46: -9.19 | M46: -9.19 | Q46: =IF(ISNUMBER(SEARCH(".",A46)),DATE(IF(VALUE(RIGHT(A46,2))>=94,1900+VALUE(RIGHT(A46,2)),2000+VALUE(RIGHT(A46,2))),VALUE(LEFT(A46,2)),1),DATE(2000+VALUE(A46),10,1)) -> 35796 | R46: =TEXT(Q46,"yyyy-mm-01") -> 1998-01-01
A47: 02.98 | B47: 2066 | C47: -2.64 | D47: -9.85 | E47: 1528 | F47: 2.96 | G47: -13.54 | H47: 538 | I47: -1.71 | J47: 2.61 | K47: 1513 | L47: -3.52 | M47: -12.39 | Q47: =IF(ISNUMBER(SEARCH(".",A47)),DATE(IF(VALUE(RIGHT(A47,2))>=94,1900+VALUE(RIGHT(A47,2)),2000+VALUE(RIGHT(A47,2))),VALUE(LEFT(A47,2)),1),DATE(2000+VALUE(A47),10,1)) -> 35827 | R47: =TEXT(Q47,"yyyy-mm-01") -> 1998-02-01
A48: 03.98 | B48: 2029 | C48: -1.79 | D48: -11.46 | E48: 1485 | F48: -2.83 | G48: -15.99 | H48: 544 | I48: 1.17 | J48: 3.81 | K48: 1490 | L48: -1.54 | M48: -13.74 | Q48: =IF(ISNUMBER(SEARCH(".",A48)),DATE(IF(VALUE(RIGHT(A48,2))>=94,1900+VALUE(RIGHT(A48,2)),2000+VALUE(RIGHT(A48,2))),VALUE(LEFT(A48,2)),1),DATE(2000+VALUE(A48),10,1)) -> 35855 | R48: =TEXT(Q48,"yyyy-mm-01") -> 1998-03-01
A49: 04.98 | B49: 2082 | C49: 2.61 | D49: -9.15 | E49: 1518 | F49: 2.23 | G49: -14.12 | H49: 564 | I49: 3.65 | J49: 7.6 | K49: 1544 | L49: 3.63 | M49: -10.6 | Q49: =IF(ISNUMBER(SEARCH(".",A49)),DATE(IF(VALUE(RIGHT(A49,2))>=94,1900+VALUE(RIGHT(A49,2)),2000+VALUE(RIGHT(A49,2))),VALUE(LEFT(A49,2)),1),DATE(2000+VALUE(A49),10,1)) -> 35886 | R49: =TEXT(Q49,"yyyy-mm-01") -> 1998-04-01
A50: 05.98 | B50: 1944 | C50: -6.62 | D50: -15.16 | E50: 1413 | F50: -6.89 | G50: -20.04 | H50: 531 | I50: -5.88 | J50: 1.28 | K50: 1408 | L50: -8.81 | M50: -18.48 | Q50: =IF(ISNUMBER(SEARCH(".",A50)),DATE(IF(VALUE(RIGHT(A50,2))>=94,1900+VALUE(RIGHT(A50,2)),2000+VALUE(RIGHT(A50,2))),VALUE(LEFT(A50,2)),1),DATE(2000+VALUE(A50),10,1)) -> 35916 | R50: =TEXT(Q50,"yyyy-mm-01") -> 1998-05-01
A51: 06.98 | B51: 1990 | C51: 2.38 | D51: -13.15 | E51: 1453 | F51: 2.83 | G51: -17.77 | H51: 537 | I51: 1.17 | J51: 2.46 | K51: 1469 | L51: 4.33 | M51: -14.95 | Q51: =IF(ISNUMBER(SEARCH(".",A51)),DATE(IF(VALUE(RIGHT(A51,2))>=94,1900+VALUE(RIGHT(A51,2)),2000+VALUE(RIGHT(A51,2))),VALUE(LEFT(A51,2)),1),DATE(2000+VALUE(A51),10,1)) -> 35947 | R51: =TEXT(Q51,"yyyy-mm-01") -> 1998-06-01
A52: 07.98 | B52: 1996 | C52: 0.32 | D52: -12.87 | E52: 1471 | F52: 1.23 | G52: -16.76 | H52: 525 | I52: 2.12 | J52: 0.29 | K52: 1490 | L52: 1.44 | M52: -13.72 | Q52: =IF(ISNUMBER(SEARCH(".",A52)),DATE(IF(VALUE(RIGHT(A52,2))>=94,1900+VALUE(RIGHT(A52,2)),2000+VALUE(RIGHT(A52,2))),VALUE(LEFT(A52,2)),1),DATE(2000+VALUE(A52),10,1)) -> 35977 | R52: =TEXT(Q52,"yyyy-mm-01") -> 1998-07-01
A53: 08.98 | B53: 1840 | C53: -7.85 | D53: -19.71 | E53: 1345 | F53: -8.57 | G53: -23.9 | H53: 495 | I53: -5.83 | J53: -5.56 | K53: 1335 | L53: -10.38 | M53: -22.67 | Q53: =IF(ISNUMBER(SEARCH(".",A53)),DATE(IF(VALUE(RIGHT(A53,2))>=94,1900+VALUE(RIGHT(A53,2)),2000+VALUE(RIGHT(A53,2))),VALUE(LEFT(A53,2)),1),DATE(2000+VALUE(A53),10,1)) -> 36008 | R53: =TEXT(Q53,"yyyy-mm-01") -> 1998-08-01
A54: 09.98 | B54: 1676 | C54: -8.87 | D54: -26.83 | E54: 1178 | F54: -12.42 | G54: -33.35 | H54: 499 | I54: 0.77 | J54: -4.83 | K54: 1201 | L54: -10.09 | M54: -30.48 | Q54: =IF(ISNUMBER(SEARCH(".",A54)),DATE(IF(VALUE(RIGHT(A54,2))>=94,1900+VALUE(RIGHT(A54,2)),2000+VALUE(RIGHT(A54,2))),VALUE(LEFT(A54,2)),1),DATE(2000+VALUE(A54),10,1)) -> 36039 | R54: =TEXT(Q54,"yyyy-mm-01") -> 1998-09-01
A55: 10.98 | B55: 1715 | C55: 2.3 | D55: -25.15 | E55: 1217 | F55: 3.32 | G55: -31.13 | H55: 498 | I55: -0.11 | J55: -4.94 | K55: 1232 | L55: 2.64 | M55: -28.64 | Q55: =IF(ISNUMBER(SEARCH(".",A55)),DATE(IF(VALUE(RIGHT(A55,2))>=94,1900+VALUE(RIGHT(A55,2)),2000+VALUE(RIGHT(A55,2))),VALUE(LEFT(A55,2)),1),DATE(2000+VALUE(A55),10,1)) -> 36069 | R55: =TEXT(Q55,"yyyy-mm-01") -> 1998-10-01
A56: 11.98 | B56: 1771 | C56: 3.27 | D56: -22.7 | E56: 1276 | F56: 4.82 | G56: -27.81 | H56: 495 | I56: -0.52 | J56: -5.43 | K56: 1296 | L56: 5.17 | M56: -24.95 | Q56: =IF(ISNUMBER(SEARCH(".",A56)),DATE(IF(VALUE(RIGHT(A56,2))>=94,1900+VALUE(RIGHT(A56,2)),2000+VALUE(RIGHT(A56,2))),VALUE(LEFT(A56,2)),1),DATE(2000+VALUE(A56),10,1)) -> 36100 | R56: =TEXT(Q56,"yyyy-mm-01") -> 1998-11-01
A57: 12.98 | B57: 1964 | C57: 10.87 | D57: -14.29 | E57: 1460 | F57: 14.45 | G57: -17.38 | H57: 504 | I57: 1.66 | J57: -3.87 | K57: 1292 | L57: -0.32 | M57: -25.18 | Q57: =IF(ISNUMBER(SEARCH(".",A57)),DATE(IF(VALUE(RIGHT(A57,2))>=94,1900+VALUE(RIGHT(A57,2)),2000+VALUE(RIGHT(A57,2))),VALUE(LEFT(A57,2)),1),DATE(2000+VALUE(A57),10,1)) -> 36130 | R57: =TEXT(Q57,"yyyy-mm-01") -> 1998-12-01
A58: 01.99 | B58: 1851 | C58: -5.76 | D58: -5.76 | E58: 1358 | F58: -6.97 | G58: -6.97 | H58: 492 | I58: -2.27 | J58: -2.27 | K58: 1197 | L58: -7.36 | M58: -7.36 | Q58: =IF(ISNUMBER(SEARCH(".",A58)),DATE(IF(VALUE(RIGHT(A58,2))>=94,1900+VALUE(RIGHT(A58,2)),2000+VALUE(RIGHT(A58,2))),VALUE(LEFT(A58,2)),1),DATE(2000+VALUE(A58),10,1)) -> 36161 | R58: =TEXT(Q58,"yyyy-mm-01") -> 1999-01-01
A59: 02.99 | B59: 1820 | C59: -1.68 | D59: -7.34 | E59: 1323 | F59: -2.62 | G59: -9.4 | H59: 497 | I59: 0.92 | J59: -1.38 | K59: 1138 | L59: -4.91 | M59: -11.91 | Q59: =IF(ISNUMBER(SEARCH(".",A59)),DATE(IF(VALUE(RIGHT(A59,2))>=94,1900+VALUE(RIGHT(A59,2)),2000+VALUE(RIGHT(A59,2))),VALUE(LEFT(A59,2)),1),DATE(2000+VALUE(A59),10,1)) -> 36192 | R59: =TEXT(Q59,"yyyy-mm-01") -> 1999-02-01
A60: 03.99 | B60: 1598 | C60: -12.18 | D60: -18.63 | E60: 1121 | F60: -15.29 | G60: -23.25 | H60: 477 | I60: -3.91 | J60: -5.23 | K60: 985 | L60: -13.44 | M60: -23.75 | Q60: =IF(ISNUMBER(SEARCH(".",A60)),DATE(IF(VALUE(RIGHT(A60,2))>=94,1900+VALUE(RIGHT(A60,2)),2000+VALUE(RIGHT(A60,2))),VALUE(LEFT(A60,2)),1),DATE(2000+VALUE(A60),10,1)) -> 36220 | R60: =TEXT(Q60,"yyyy-mm-01") -> 1999-03-01
A61: 04.99 | B61: 1603 | C61: 0.32 | D61: -18.37 | E61: 1100 | F61: -1.88 | G61: -24.69 | H61: 503 | I61: 5.49 | J61: -0.03 | K61: 987 | L61: 0.23 | M61: -23.57 | Q61: =IF(ISNUMBER(SEARCH(".",A61)),DATE(IF(VALUE(RIGHT(A61,2))>=94,1900+VALUE(RIGHT(A61,2)),2000+VALUE(RIGHT(A61,2))),VALUE(LEFT(A61,2)),1),DATE(2000+VALUE(A61),10,1)) -> 36251 | R61: =TEXT(Q61,"yyyy-mm-01") -> 1999-04-01
A62: 05.99 | B62: 1529 | C62: -4.6 | D62: -22.12 | E62: 1053 | F62: -4.22 | G62: -27.87 | H62: 476 | I62: -5.43 | J62: -5.46 | K62: 923 | L62: -6.56 | M62: -28.58 | Q62: =IF(ISNUMBER(SEARCH(".",A62)),DATE(IF(VALUE(RIGHT(A62,2))>=94,1900+VALUE(RIGHT(A62,2)),2000+VALUE(RIGHT(A62,2))),VALUE(LEFT(A62,2)),1),DATE(2000+VALUE(A62),10,1)) -> 36281 | R62: =TEXT(Q62,"yyyy-mm-01") -> 1999-05-01
A63: 06.99 | B63: 1495 | C63: -2.26 | D63: -23.88 | E63: 1022 | F63: -2.97 | G63: -30.01 | H63: 473 | I63: -0.7 | J63: -6.13 | K63: 915 | L63: -0.84 | M63: -29.18 | Q63: =IF(ISNUMBER(SEARCH(".",A63)),DATE(IF(VALUE(RIGHT(A63,2))>=94,1900+VALUE(RIGHT(A63,2)),2000+VALUE(RIGHT(A63,2))),VALUE(LEFT(A63,2)),1),DATE(2000+VALUE(A63),10,1)) -> 36312 | R63: =TEXT(Q63,"yyyy-mm-01") -> 1999-06-01
A64: 07.99 | B64: 1538 | C64: 2.87 | D64: -21.7 | E64: 1091 | F64: 6.71 | G64: -25.31 | H64: 447 | I64: -5.42 | J64: -11.22 | K64: 916 | L64: 6.65 | M64: -24.47 | Q64: =IF(ISNUMBER(SEARCH(".",A64)),DATE(IF(VALUE(RIGHT(A64,2))>=94,1900+VALUE(RIGHT(A64,2)),2000+VALUE(RIGHT(A64,2))),VALUE(LEFT(A64,2)),1),DATE(2000+VALUE(A64),10,1)) -> 36342 | R64: =TEXT(Q64,"yyyy-mm-01") -> 1999-07-01
A65: 08.99 | B65: 1625 | C65: 5.69 | D65: -17.24 | E65: 1194 | F65: 9.5 | G65: -18.22 | H65: 431 | I65: -3.6 | J65: -14.41 | K65: 1074 | L65: 10.1 | M65: -16.84 | Q65: =IF(ISNUMBER(SEARCH(".",A65)),DATE(IF(VALUE(RIGHT(A65,2))>=94,1900+VALUE(RIGHT(A65,2)),2000+VALUE(RIGHT(A65,2))),VALUE(LEFT(A65,2)),1),DATE(2000+VALUE(A65),10,1)) -> 36373 | R65: =TEXT(Q65,"yyyy-mm-01") -> 1999-08-01
A66: 09.99 | B66: 1641 | C66: 0.98 | D66: -16.43 | E66: 1135 | F66: -4.93 | G66: -22.25 | H66: 506 | I66: 17.36 | J66: 0.44 | K66: 1114 | L66: 3.71 | M66: -13.75 | Q66: =IF(ISNUMBER(SEARCH(".",A66)),DATE(IF(VALUE(RIGHT(A66,2))>=94,1900+VALUE(RIGHT(A66,2)),2000+VALUE(RIGHT(A66,2))),VALUE(LEFT(A66,2)),1),DATE(2000+VALUE(A66),10,1)) -> 36404 | R66: =TEXT(Q66,"yyyy-mm-01") -> 1999-09-01
A67: 10.99 | B67: 1784 | C67: 8.71 | D67: -9.15 | E67: 1264 | F67: 11.32 | G67: -13.45 | H67: 520 | I67: 2.86 | J67: 3.31 | K67: 1259 | L67: 12.97 | M67: -2.57 | Q67: =IF(ISNUMBER(SEARCH(".",A67)),DATE(IF(VALUE(RIGHT(A67,2))>=94,1900+VALUE(RIGHT(A67,2)),2000+VALUE(RIGHT(A67,2))),VALUE(LEFT(A67,2)),1),DATE(2000+VALUE(A67),10,1)) -> 36434 | R67: =TEXT(Q67,"yyyy-mm-01") -> 1999-10-01
A68: 11.99 | B68: 1900 | C68: 6.5 | D68: -3.24 | E68: 1380 | F68: 9.17 | G68: -5.51 | H68: 520 | I68: 0.02 | J68: 3.33 | K68: 1393 | L68: 10.7 | M68: 7.85 | Q68: =IF(ISNUMBER(SEARCH(".",A68)),DATE(IF(VALUE(RIGHT(A68,2))>=94,1900+VALUE(RIGHT(A68,2)),2000+VALUE(RIGHT(A68,2))),VALUE(LEFT(A68,2)),1),DATE(2000+VALUE(A68),10,1)) -> 36465 | R68: =TEXT(Q68,"yyyy-mm-01") -> 1999-11-01
A69: 12.99 | B69: 2003 | C69: 5.43 | D69: 2.01 | E69: 1480 | F69: 7.3 | G69: 1.39 | H69: 523 | I69: 0.46 | J69: 3.81 | K69: 1521 | L69: 9.17 | M69: 17.74 | Q69: =IF(ISNUMBER(SEARCH(".",A69)),DATE(IF(VALUE(RIGHT(A69,2))>=94,1900+VALUE(RIGHT(A69,2)),2000+VALUE(RIGHT(A69,2))),VALUE(LEFT(A69,2)),1),DATE(2000+VALUE(A69),10,1)) -> 36495 | R69: =TEXT(Q69,"yyyy-mm-01") -> 1999-12-01
A70: 01.00 | B70: 1937 | C70: -3.29 | D70: -3.29 | E70: 1428 | F70: -3.53 | G70: -3.53 | H70: 509 | I70: -2.61 | J70: -2.61 | K70: 1479 | L70: -2.75 | M70: -2.75 | Q70: =IF(ISNUMBER(SEARCH(".",A70)),DATE(IF(VALUE(RIGHT(A70,2))>=94,1900+VALUE(RIGHT(A70,2)),2000+VALUE(RIGHT(A70,2))),VALUE(LEFT(A70,2)),1),DATE(2000+VALUE(A70),10,1)) -> 36526 | R70: =TEXT(Q70,"yyyy-mm-01") -> 2000-01-01
A71: 02.00 | B71: 1961 | C71: 1.24 | D71: -2.09 | E71: 1435 | F71: 0.51 | G71: -3.04 | H71: 526 | I71: 3.31 | J71: 0.61 | K71: 1513 | L71: 2.3 | M71: -0.52 | Q71: =IF(ISNUMBER(SEARCH(".",A71)),DATE(IF(VALUE(RIGHT(A71,2))>=94,1900+VALUE(RIGHT(A71,2)),2000+VALUE(RIGHT(A71,2))),VALUE(LEFT(A71,2)),1),DATE(2000+VALUE(A71),10,1)) -> 36557 | R71: =TEXT(Q71,"yyyy-mm-01") -> 2000-02-01
A72: 03.00 | B72: 1873 | C72: -4.52 | D72: -6.52 | E72: 1376 | F72: -4.16 | G72: -7.08 | H72: 497 | I72: -5.5 | J72: -4.92 | K72: 1449 | L72: -4.24 | M72: -4.73 | Q72: =IF(ISNUMBER(SEARCH(".",A72)),DATE(IF(VALUE(RIGHT(A72,2))>=94,1900+VALUE(RIGHT(A72,2)),2000+VALUE(RIGHT(A72,2))),VALUE(LEFT(A72,2)),1),DATE(2000+VALUE(A72),10,1)) -> 36586 | R72: =TEXT(Q72,"yyyy-mm-01") -> 2000-03-01
A73: 04.00 | B73: 1981 | C73: 5.81 | D73: -1.09 | E73: 1482 | F73: 7.76 | G73: 0.13 | H73: 499 | I73: 0.4 | J73: -4.54 | K73: 1566 | L73: 8.04 | M73: 2.92 | Q73: =IF(ISNUMBER(SEARCH(".",A73)),DATE(IF(VALUE(RIGHT(A73,2))>=94,1900+VALUE(RIGHT(A73,2)),2000+VALUE(RIGHT(A73,2))),VALUE(LEFT(A73,2)),1),DATE(2000+VALUE(A73),10,1)) -> 36617 | R73: =TEXT(Q73,"yyyy-mm-01") -> 2000-04-01
A74: 05.00 | B74: 1816 | C74: -8.33 | D74: -9.33 | E74: 1322 | F74: -10.81 | G74: -10.69 | H74: 494 | I74: -0.96 | J74: -5.45 | K74: 1802 | L74: 15.09 | M74: 18.46 | Q74: =IF(ISNUMBER(SEARCH(".",A74)),DATE(IF(VALUE(RIGHT(A74,2))>=94,1900+VALUE(RIGHT(A74,2)),2000+VALUE(RIGHT(A74,2))),VALUE(LEFT(A74,2)),1),DATE(2000+VALUE(A74),10,1)) -> 36647 | R74: =TEXT(Q74,"yyyy-mm-01") -> 2000-05-01
A75: 06.00 | B75: 1911 | C75: 5.21 | D75: -4.6 | E75: 1387 | F75: 4.9 | G75: -6.32 | H75: 524 | I75: 6.05 | J75: 0.26 | K75: 1908 | L75: 5.88 | M75: 25.42 | Q75: =IF(ISNUMBER(SEARCH(".",A75)),DATE(IF(VALUE(RIGHT(A75,2))>=94,1900+VALUE(RIGHT(A75,2)),2000+VALUE(RIGHT(A75,2))),VALUE(LEFT(A75,2)),1),DATE(2000+VALUE(A75),10,1)) -> 36678 | R75: =TEXT(Q75,"yyyy-mm-01") -> 2000-06-01
A76: 07.00 | B76: 2032 | C76: 6.33 | D76: 1.44 | E76: 1529 | F76: 10.25 | G76: 3.28 | H76: 503 | I76: -4.02 | J76: -3.76 | K76: 2029 | L76: 6.35 | M76: 33.38 | Q76: =IF(ISNUMBER(SEARCH(".",A76)),DATE(IF(VALUE(RIGHT(A76,2))>=94,1900+VALUE(RIGHT(A76,2)),2000+VALUE(RIGHT(A76,2))),VALUE(LEFT(A76,2)),1),DATE(2000+VALUE(A76),10,1)) -> 36708 | R76: =TEXT(Q76,"yyyy-mm-01") -> 2000-07-01
A77: 08.00 | B77: 2106 | C77: 3.63 | D77: 5.13 | E77: 1603 | F77: 4.87 | G77: 8.31 | H77: 502 | I77: -0.13 | J77: -3.89 | K77: 2104 | L77: 3.7 | M77: 38.31 | Q77: =IF(ISNUMBER(SEARCH(".",A77)),DATE(IF(VALUE(RIGHT(A77,2))>=94,1900+VALUE(RIGHT(A77,2)),2000+VALUE(RIGHT(A77,2))),VALUE(LEFT(A77,2)),1),DATE(2000+VALUE(A77),10,1)) -> 36739 | R77: =TEXT(Q77,"yyyy-mm-01") -> 2000-08-01
A78: 09.00 | B78: 2190 | C78: 3.98 | D78: 9.31 | E78: 1685 | F78: 5.11 | G78: 13.85 | H78: 504 | I78: 0.38 | J78: -3.53 | K78: 2188 | L78: 3.99 | M78: 43.83 | Q78: =IF(ISNUMBER(SEARCH(".",A78)),DATE(IF(VALUE(RIGHT(A78,2))>=94,1900+VALUE(RIGHT(A78,2)),2000+VALUE(RIGHT(A78,2))),VALUE(LEFT(A78,2)),1),DATE(2000+VALUE(A78),10,1)) -> 36770 | R78: =TEXT(Q78,"yyyy-mm-01") -> 2000-09-01
A79: 10 | B79: 2297 | C79: 4.9 | D79: 14.67 | E79: 1814 | F79: 7.65 | G79: 22.55 | H79: 483 | I79: -4.28 | J79: -7.65 | K79: 2295 | L79: 4.9 | M79: 50.88 | Q79: 36800 | R79: =TEXT(Q79,"yyyy-mm-01") -> 2000-10-01
A80: 11 | B80: 2229 | C80: -2.98 | D80: 11.25 | E80: 1738 | F80: -4.18 | G80: 17.43 | H80: 490 | I80: 1.52 | J80: -6.25 | K80: 2227 | L80: -2.99 | M80: 46.37 | Q80: 36831 | R80: =TEXT(Q80,"yyyy-mm-01") -> 2000-11-01
A81: 12 | B81: 2096 | C81: -5.95 | D81: 4.63 | E81: 1595 | F81: -8.28 | G81: 7.7 | H81: 502 | I81: 2.33 | J81: -4.06 | K81: 2094 | L81: -5.95 | M81: 37.66 | Q81: 36861 | R81: =TEXT(Q81,"yyyy-mm-01") -> 2000-12-01
A82: 01.01 | B82: 2318 | C82: 10.57 | D82: 10.57 | E82: 1827 | F82: 14.55 | G82: 14.55 | H82: 491 | I82: -2.08 | J82: -2.08 | K82: 2315 | L82: 10.56 | M82: 10.56 | N82: 660 | Q82: =IF(ISNUMBER(SEARCH(".",A82)),DATE(IF(VALUE(RIGHT(A82,2))>=94,1900+VALUE(RIGHT(A82,2)),2000+VALUE(RIGHT(A82,2))),VALUE(LEFT(A82,2)),1),DATE(2000+VALUE(A82),10,1)) -> 36892 | R82: =TEXT(Q82,"yyyy-mm-01") -> 2001-01-01
A83: 02.01 | B83: 2417 | C83: 4.28 | D83: 15.3 | E83: 1929 | F83: 5.62 | G83: 20.99 | H83: 488 | I83: -0.7 | J83: -2.77 | K83: 2414 | L83: 4.28 | M83: 15.3 | N83: 660 | Q83: =IF(ISNUMBER(SEARCH(".",A83)),DATE(IF(VALUE(RIGHT(A83,2))>=94,1900+VALUE(RIGHT(A83,2)),2000+VALUE(RIGHT(A83,2))),VALUE(LEFT(A83,2)),1),DATE(2000+VALUE(A83),10,1)) -> 36923 | R83: =TEXT(Q83,"yyyy-mm-01") -> 2001-02-01
A84: 03.01 | B84: 2454 | C84: 1.55 | D84: 17.09 | E84: 1978 | F84: 2.55 | G84: 24.07 | H84: 476 | I84: -2.39 | J84: -5.09 | K84: 2452 | L84: 1.56 | M84: 17.09 | N84: 660 | Q84: =IF(ISNUMBER(SEARCH(".",A84)),DATE(IF(VALUE(RIGHT(A84,2))>=94,1900+VALUE(RIGHT(A84,2)),2000+VALUE(RIGHT(A84,2))),VALUE(LEFT(A84,2)),1),DATE(2000+VALUE(A84),10,1)) -> 36951 | R84: =TEXT(Q84,"yyyy-mm-01") -> 2001-03-01
A85: 04.01 | B85: 2607 | C85: 6.22 | D85: 24.38 | E85: 2121 | F85: 7.2 | G85: 33 | H85: 486 | I85: 2.17 | J85: -3.03 | K85: 2605 | L85: 6.24 | M85: 24.4 | N85: 669 | O85: 1.38 | Q85: =IF(ISNUMBER(SEARCH(".",A85)),DATE(IF(VALUE(RIGHT(A85,2))>=94,1900+VALUE(RIGHT(A85,2)),2000+VALUE(RIGHT(A85,2))),VALUE(LEFT(A85,2)),1),DATE(2000+VALUE(A85),10,1)) -> 36982 | R85: =TEXT(Q85,"yyyy-mm-01") -> 2001-04-01
A86: 05.01 | B86: 2395 | C86: -8.14 | D86: 14.25 | E86: 1905 | F86: -10.18 | G86: 19.46 | H86: 490 | I86: 0.76 | J86: -2.3 | K86: 2393 | L86: -8.15 | M86: 14.26 | N86: 898 | O86: 34.28 | Q86: =IF(ISNUMBER(SEARCH(".",A86)),DATE(IF(VALUE(RIGHT(A86,2))>=94,1900+VALUE(RIGHT(A86,2)),2000+VALUE(RIGHT(A86,2))),VALUE(LEFT(A86,2)),1),DATE(2000+VALUE(A86),10,1)) -> 37012 | R86: =TEXT(Q86,"yyyy-mm-01") -> 2001-05-01
A87: 06.01 | B87: 2298 | C87: -4.03 | D87: 9.64 | E87: 1801 | F87: -5.47 | G87: 12.93 | H87: 498 | I87: 1.54 | J87: -0.79 | K87: 2296 | L87: -4.04 | M87: 9.64 | N87: 957 | O87: 6.47 | Q87: =IF(ISNUMBER(SEARCH(".",A87)),DATE(IF(VALUE(RIGHT(A87,2))>=94,1900+VALUE(RIGHT(A87,2)),2000+VALUE(RIGHT(A87,2))),VALUE(LEFT(A87,2)),1),DATE(2000+VALUE(A87),10,1)) -> 37043 | R87: =TEXT(Q87,"yyyy-mm-01") -> 2001-06-01
A88: 07.01 | B88: 2377 | C88: 3.43 | D88: 13.41 | E88: 1887 | F88: 4.81 | G88: 18.35 | H88: 490 | I88: -1.54 | J88: -2.32 | K88: 2375 | L88: 3.44 | M88: 13.41 | N88: 1022 | O88: 6.87 | Q88: =IF(ISNUMBER(SEARCH(".",A88)),DATE(IF(VALUE(RIGHT(A88,2))>=94,1900+VALUE(RIGHT(A88,2)),2000+VALUE(RIGHT(A88,2))),VALUE(LEFT(A88,2)),1),DATE(2000+VALUE(A88),10,1)) -> 37073 | R88: =TEXT(Q88,"yyyy-mm-01") -> 2001-07-01
A89: 08.01 | B89: 2435 | C89: 2.46 | D89: 16.19 | E89: 1931 | F89: 2.31 | G89: 21.09 | H89: 505 | I89: 3.02 | J89: 0.63 | K89: 2433 | L89: 2.46 | M89: 16.2 | N89: 1115 | O89: 9.03 | Q89: =IF(ISNUMBER(SEARCH(".",A89)),DATE(IF(VALUE(RIGHT(A89,2))>=94,1900+VALUE(RIGHT(A89,2)),2000+VALUE(RIGHT(A89,2))),VALUE(LEFT(A89,2)),1),DATE(2000+VALUE(A89),10,1)) -> 37104 | R89: =TEXT(Q89,"yyyy-mm-01") -> 2001-08-01
A90: 09.01 | B90: 2458 | C90: 0.9 | D90: 17.24 | E90: 1921 | F90: -0.52 | G90: 20.46 | H90: 537 | I90: 6.37 | J90: 7.04 | K90: 2455 | L90: 0.9 | M90: 17.25 | N90: 1182 | O90: 6.06 | Q90: =IF(ISNUMBER(SEARCH(".",A90)),DATE(IF(VALUE(RIGHT(A90,2))>=94,1900+VALUE(RIGHT(A90,2)),2000+VALUE(RIGHT(A90,2))),VALUE(LEFT(A90,2)),1),DATE(2000+VALUE(A90),10,1)) -> 37135 | R90: =TEXT(Q90,"yyyy-mm-01") -> 2001-09-01
A91: 10.01 | B91: 2604 | C91: 5.97 | D91: 24.25 | E91: 2088 | F91: 8.7 | G91: 30.93 | H91: 517 | I91: -3.77 | J91: 3 | K91: 2602 | L91: 5.98 | M91: 24.26 | N91: 1200 | O91: 1.48 | Q91: =IF(ISNUMBER(SEARCH(".",A91)),DATE(IF(VALUE(RIGHT(A91,2))>=94,1900+VALUE(RIGHT(A91,2)),2000+VALUE(RIGHT(A91,2))),VALUE(LEFT(A91,2)),1),DATE(2000+VALUE(A91),10,1)) -> 37165 | R91: =TEXT(Q91,"yyyy-mm-01") -> 2001-10-01
A92: 11.01 | B92: 2575 | C92: -1.11 | D92: 22.87 | E92: 2070 | F92: -0.83 | G92: 29.84 | H92: 505 | I92: -2.21 | J92: 0.72 | K92: 2573 | L92: -1.11 | M92: 22.87 | N92: 1260 | O92: 5 | Q92: =IF(ISNUMBER(SEARCH(".",A92)),DATE(IF(VALUE(RIGHT(A92,2))>=94,1900+VALUE(RIGHT(A92,2)),2000+VALUE(RIGHT(A92,2))),VALUE(LEFT(A92,2)),1),DATE(2000+VALUE(A92),10,1)) -> 37196 | R92: =TEXT(Q92,"yyyy-mm-01") -> 2001-11-01
A93: 12.01 | B93: 2508 | C93: -2.61 | D93: 19.67 | E93: 1998 | F93: -3.52 | G93: 25.28 | H93: 511 | I93: 1.1 | J93: 1.83 | K93: 2506 | L93: -2.61 | M93: 19.67 | N93: 1240 | O93: -1.54 | Q93: =IF(ISNUMBER(SEARCH(".",A93)),DATE(IF(VALUE(RIGHT(A93,2))>=94,1900+VALUE(RIGHT(A93,2)),2000+VALUE(RIGHT(A93,2))),VALUE(LEFT(A93,2)),1),DATE(2000+VALUE(A93),10,1)) -> 37226 | R93: =TEXT(Q93,"yyyy-mm-01") -> 2001-12-01
A94: 01.02 | B94: 2564 | C94: 2.23 | D94: 2.23 | E94: 2045 | F94: 2.37 | G94: 2.37 | H94: 519 | I94: 1.69 | J94: 1.69 | K94: 2562 | L94: 2.23 | M94: 2.23 | N94: 1258 | O94: 1.43 | P94: 1.43 | Q94: =IF(ISNUMBER(SEARCH(".",A94)),DATE(IF(VALUE(RIGHT(A94,2))>=94,1900+VALUE(RIGHT(A94,2)),2000+VALUE(RIGHT(A94,2))),VALUE(LEFT(A94,2)),1),DATE(2000+VALUE(A94),10,1)) -> 37257 | R94: =TEXT(Q94,"yyyy-mm-01") -> 2002-01-01
A95: 02.02 | B95: 2579 | C95: 0.59 | D95: 2.83 | E95: 2057 | F95: 0.6 | G95: 2.98 | H95: 522 | I95: 0.52 | J95: 2.23 | K95: 2577 | L95: 0.58 | M95: 2.83 | N95: 1285 | O95: 2.15 | P95: 3.62 | Q95: =IF(ISNUMBER(SEARCH(".",A95)),DATE(IF(VALUE(RIGHT(A95,2))>=94,1900+VALUE(RIGHT(A95,2)),2000+VALUE(RIGHT(A95,2))),VALUE(LEFT(A95,2)),1),DATE(2000+VALUE(A95),10,1)) -> 37288 | R95: =TEXT(Q95,"yyyy-mm-01") -> 2002-02-01
A96: 03.02 | B96: 2628 | C96: 1.88 | D96: 4.77 | E96: 2094 | F96: 1.8 | G96: 4.84 | H96: 534 | I96: 2.21 | J96: 4.48 | K96: 2625 | L96: 1.88 | M96: 4.76 | N96: 1306 | O96: 1.64 | P96: 5.32 | Q96: =IF(ISNUMBER(SEARCH(".",A96)),DATE(IF(VALUE(RIGHT(A96,2))>=94,1900+VALUE(RIGHT(A96,2)),2000+VALUE(RIGHT(A96,2))),VALUE(LEFT(A96,2)),1),DATE(2000+VALUE(A96),10,1)) -> 37316 | R96: =TEXT(Q96,"yyyy-mm-01") -> 2002-03-01
A97: 04.02 | B97: 2686 | C97: 2.23 | D97: 7.11 | E97: 2146 | F97: 2.45 | G97: 7.41 | H97: 541 | I97: 1.37 | J97: 5.91 | K97: 2684 | L97: 2.24 | M97: 7.12 | N97: 1607 | O97: 23 | P97: 29.54 | Q97: =IF(ISNUMBER(SEARCH(".",A97)),DATE(IF(VALUE(RIGHT(A97,2))>=94,1900+VALUE(RIGHT(A97,2)),2000+VALUE(RIGHT(A97,2))),VALUE(LEFT(A97,2)),1),DATE(2000+VALUE(A97),10,1)) -> 37347 | R97: =TEXT(Q97,"yyyy-mm-01") -> 2002-04-01
A98: 05.02 | B98: 2792 | C98: 3.95 | D98: 11.33 | E98: 2223 | F98: 3.59 | G98: 11.27 | H98: 570 | I98: 5.36 | J98: 11.59 | K98: 2790 | L98: 3.95 | M98: 11.34 | N98: 1646 | O98: 2.43 | P98: 32.69 | Q98: =IF(ISNUMBER(SEARCH(".",A98)),DATE(IF(VALUE(RIGHT(A98,2))>=94,1900+VALUE(RIGHT(A98,2)),2000+VALUE(RIGHT(A98,2))),VALUE(LEFT(A98,2)),1),DATE(2000+VALUE(A98),10,1)) -> 37377 | R98: =TEXT(Q98,"yyyy-mm-01") -> 2002-05-01
A99: 06.02 | B99: 2836 | C99: 1.57 | D99: 13.08 | E99: 2281 | F99: 2.61 | G99: 14.18 | H99: 556 | I99: -2.49 | J99: 8.81 | K99: 2834 | L99: 1.57 | M99: 13.09 | N99: 1656 | O99: 0.59 | P99: 33.47 | Q99: =IF(ISNUMBER(SEARCH(".",A99)),DATE(IF(VALUE(RIGHT(A99,2))>=94,1900+VALUE(RIGHT(A99,2)),2000+VALUE(RIGHT(A99,2))),VALUE(LEFT(A99,2)),1),DATE(2000+VALUE(A99),10,1)) -> 37408 | R99: =TEXT(Q99,"yyyy-mm-01") -> 2002-06-01
A100: 07.02 | B100: 2881 | C100: 1.59 | D100: 14.88 | E100: 2343 | F100: 2.74 | G100: 17.31 | H100: 538 | I100: -3.14 | J100: 5.39 | K100: 2879 | L100: 1.59 | M100: 14.89 | N100: 1654 | O100: -0.09 | P100: 33.35 | Q100: =IF(ISNUMBER(SEARCH(".",A100)),DATE(IF(VALUE(RIGHT(A100,2))>=94,1900+VALUE(RIGHT(A100,2)),2000+VALUE(RIGHT(A100,2))),VALUE(LEFT(A100,2)),1),DATE(2000+VALUE(A100),10,1)) -> 37438 | R100: =TEXT(Q100,"yyyy-mm-01") -> 2002-07-01
A101: 08.02 | B101: 3054 | C101: 6 | D101: 21.77 | E101: 2507 | F101: 6.98 | G101: 25.49 | H101: 547 | I101: 1.71 | J101: 7.19 | K101: 3052 | L101: 6.01 | M101: 21.79 | N101: 1660 | O101: 0.38 | P101: 33.85 | Q101: =IF(ISNUMBER(SEARCH(".",A101)),DATE(IF(VALUE(RIGHT(A101,2))>=94,1900+VALUE(RIGHT(A101,2)),2000+VALUE(RIGHT(A101,2))),VALUE(LEFT(A101,2)),1),DATE(2000+VALUE(A101),10,1)) -> 37469 | R101: =TEXT(Q101,"yyyy-mm-01") -> 2002-08-01
...

Sheet Final Cleaned
A1: date | B1: kz_reserves_m
A2: =Worksheet!R5 -> 1994-08-01 | B2: =Worksheet!B5 -> 1099
A3: =Worksheet!R6 -> 1994-09-01 | B3: =Worksheet!B6 -> 1118
A4: =Worksheet!R7 -> 1994-10-01 | B4: =Worksheet!B7 -> 968
A5: =Worksheet!R8 -> 1994-11-01 | B5: =Worksheet!B8 -> 952
A6: =Worksheet!R9 -> 1994-12-01 | B6: =Worksheet!B9 -> 1215
A7: =Worksheet!R10 -> 1995-01-01 | B7: =Worksheet!B10 -> 1142
A8: =Worksheet!R11 -> 1995-02-01 | B8: =Worksheet!B11 -> 1159
A9: =Worksheet!R12 -> 1995-03-01 | B9: =Worksheet!B12 -> 1387
A10: =Worksheet!R13 -> 1995-04-01 | B10: =Worksheet!B13 -> 1429
A11: =Worksheet!R14 -> 1995-05-01 | B11: =Worksheet!B14 -> 1396
A12: =Worksheet!R15 -> 1995-06-01 | B12: =Worksheet!B15 -> 1589
A13: =Worksheet!R16 -> 1995-07-01 | B13: =Worksheet!B16 -> 1732
... A385: =Worksheet!R388 -> 2026-07-01 | B385: =Worksheet!B388 -> 63715
