Workbook

Sheet Sheet1
A1: Historical inflation rates for Russia
A2: Updated: August 1, 2026
A3: Next update: September 1, 2026
A4: Year | B4: jan | C4: feb | D4: mar | E4: apr | F4: may | G4: jun | H4: jul | I4: aug | J4: sep | K4: oct | L4: nov | M4: dec | N4: Annual
A5: 2026 | B5: 0.06 | C5: 0.051 | D5: 0.059 | E5: 0.056 | F5: 0.054 | G5: 0.06
A6: 2025 | B6: 0.1 | C6: 0.1 | D6: 0.103 | E6: 0.103 | F6: 0.099 | G6: 0.094 | H6: 0.088 | I6: 0.081 | J6: 0.08 | K6: 0.078 | L6: 0.066 | M6: 0.056 | N6: 0.087
A7: 2024 | B7: 0.074 | C7: 0.077 | D7: 0.077 | E7: 0.078 | F7: 0.083 | G7: 0.087 | H7: 0.092 | I7: 0.091 | J7: 0.086 | K7: 0.085 | L7: 0.089 | M7: 0.095 | N7: 0.085
A8: 2023 | B8: 0.118 | C8: 0.11 | D8: 0.035 | E8: 0.023 | F8: 0.025 | G8: 0.032 | H8: 0.042 | I8: 0.052 | J8: 0.06 | K8: 0.067 | L8: 0.075 | M8: 0.074 | N8: 0.059
A9: 2022 | B9: 0.087 | C9: 0.092 | D9: 0.167 | E9: 0.179 | F9: 0.171 | G9: 0.159 | H9: 0.151 | I9: 0.143 | J9: 0.136 | K9: 0.126 | L9: 0.119 | M9: 0.119 | N9: 0.137
A10: 2021 | B10: 0.052 | C10: 0.057 | D10: 0.058 | E10: 0.055 | F10: 0.06 | G10: 0.065 | H10: 0.065 | I10: 0.067 | J10: 0.074 | K10: 0.081 | L10: 0.084 | M10: 0.084 | N10: 0.067
A11: 2020 | B11: 0.024 | C11: 0.023 | D11: 0.025 | E11: 0.031 | F11: 0.03 | G11: 0.032 | H11: 0.034 | I11: 0.036 | J11: 0.037 | K11: 0.04 | L11: 0.044 | M11: 0.049 | N11: 0.034
A12: 2019 | B12: 0.05 | C12: 0.052 | D12: 0.053 | E12: 0.052 | F12: 0.051 | G12: 0.047 | H12: 0.046 | I12: 0.043 | J12: 0.04 | K12: 0.038 | L12: 0.035 | M12: 0.03 | N12: 0.045
A13: 2018 | B13: 0.022 | C13: 0.022 | D13: 0.024 | E13: 0.024 | F13: 0.024 | G13: 0.023 | H13: 0.025 | I13: 0.031 | J13: 0.034 | K13: 0.035 | L13: 0.038 | M13: 0.043 | N13: 0.029
A14: 2017 | B14: 0.05 | C14: 0.046 | D14: 0.043 | E14: 0.041 | F14: 0.041 | G14: 0.043 | H14: 0.039 | I14: 0.033 | J14: 0.03 | K14: 0.027 | L14: 0.025 | M14: 0.025 | N14: 0.037
A15: 2016 | B15: 0.098 | C15: 0.081 | D15: 0.073 | E15: 0.072 | F15: 0.073 | G15: 0.075 | H15: 0.072 | I15: 0.068 | J15: 0.064 | K15: 0.061 | L15: 0.058 | M15: 0.054 | N15: 0.07
A16: 2015 | B16: 0.15 | C16: 0.167 | D16: 0.169 | E16: 0.164 | F16: 0.158 | G16: 0.153 | H16: 0.156 | I16: 0.158 | J16: 0.157 | K16: 0.156 | L16: 0.15 | M16: 0.129 | N16: 0.155
A17: 2014 | B17: 0.061 | C17: 0.062 | D17: 0.069 | E17: 0.073 | F17: 0.076 | G17: 0.078 | H17: 0.074 | I17: 0.076 | J17: 0.08 | K17: 0.083 | L17: 0.091 | M17: 0.114 | N17: 0.078
... A38: 1993 | B38: 6.5 | C38: 8.5 | D38: 6.667 | E38: 8 | F38: 7 | G38: 6.6 | H38: 8.2 | I38: 8.667 | J38: 11 | K38: 9.75 | L38: 9 | M38: 8.333 | N38: 8.515

Sheet Sheet4
A1: Date | B1: YoY Inflation Russia
A2: =DATE(1993,1,1) -> 33970 | B2: {=INDEX(Sheet1!$B$5:$M$38,MATCH(YEAR(A2),Sheet1!$A$5:$A$38,0),MONTH(A2))} -> 6.5 | C2: =TEXT(A2,"yyyy-mm-01") -> 1993-01-01
A3: =EDATE(A2,1) -> 34001 | B3: {=INDEX(Sheet1!$B$5:$M$38,MATCH(YEAR(A3),Sheet1!$A$5:$A$38,0),MONTH(A3))} -> 8.5 | C3: =TEXT(A3,"yyyy-mm-01") -> 1993-02-01
A4: =EDATE(A3,1) -> 34029 | B4: {=INDEX(Sheet1!$B$5:$M$38,MATCH(YEAR(A4),Sheet1!$A$5:$A$38,0),MONTH(A4))} -> 6.667 | C4: =TEXT(A4,"yyyy-mm-01") -> 1993-03-01
A5: =EDATE(A4,1) -> 34060 | B5: {=INDEX(Sheet1!$B$5:$M$38,MATCH(YEAR(A5),Sheet1!$A$5:$A$38,0),MONTH(A5))} -> 8 | C5: =TEXT(A5,"yyyy-mm-01") -> 1993-04-01
A6: =EDATE(A5,1) -> 34090 | B6: {=INDEX(Sheet1!$B$5:$M$38,MATCH(YEAR(A6),Sheet1!$A$5:$A$38,0),MONTH(A6))} -> 7 | C6: =TEXT(A6,"yyyy-mm-01") -> 1993-05-01
A7: =EDATE(A6,1) -> 34121 | B7: {=INDEX(Sheet1!$B$5:$M$38,MATCH(YEAR(A7),Sheet1!$A$5:$A$38,0),MONTH(A7))} -> 6.6 | C7: =TEXT(A7,"yyyy-mm-01") -> 1993-06-01
A8: =EDATE(A7,1) -> 34151 | B8: {=INDEX(Sheet1!$B$5:$M$38,MATCH(YEAR(A8),Sheet1!$A$5:$A$38,0),MONTH(A8))} -> 8.2 | C8: =TEXT(A8,"yyyy-mm-01") -> 1993-07-01
A9: =EDATE(A8,1) -> 34182 | B9: {=INDEX(Sheet1!$B$5:$M$38,MATCH(YEAR(A9),Sheet1!$A$5:$A$38,0),MONTH(A9))} -> 8.667 | C9: =TEXT(A9,"yyyy-mm-01") -> 1993-08-01
A10: =EDATE(A9,1) -> 34213 | B10: {=INDEX(Sheet1!$B$5:$M$38,MATCH(YEAR(A10),Sheet1!$A$5:$A$38,0),MONTH(A10))} -> 11 | C10: =TEXT(A10,"yyyy-mm-01") -> 1993-09-01
A11: =EDATE(A10,1) -> 34243 | B11: {=INDEX(Sheet1!$B$5:$M$38,MATCH(YEAR(A11),Sheet1!$A$5:$A$38,0),MONTH(A11))} -> 9.75 | C11: =TEXT(A11,"yyyy-mm-01") -> 1993-10-01
A12: =EDATE(A11,1) -> 34274 | B12: {=INDEX(Sheet1!$B$5:$M$38,MATCH(YEAR(A12),Sheet1!$A$5:$A$38,0),MONTH(A12))} -> 9 | C12: =TEXT(A12,"yyyy-mm-01") -> 1993-11-01
A13: =EDATE(A12,1) -> 34304 | B13: {=INDEX(Sheet1!$B$5:$M$38,MATCH(YEAR(A13),Sheet1!$A$5:$A$38,0),MONTH(A13))} -> 8.333 | C13: =TEXT(A13,"yyyy-mm-01") -> 1993-12-01
A14: =EDATE(A13,1) -> 34335 | B14: {=INDEX(Sheet1!$B$5:$M$38,MATCH(YEAR(A14),Sheet1!$A$5:$A$38,0),MONTH(A14))} -> 7.8 | C14: =TEXT(A14,"yyyy-mm-01") -> 1994-01-01
... A404: =EDATE(A403,1) -> 46204 | B404: {=INDEX(Sheet1!$B$5:$M$38,MATCH(YEAR(A404),Sheet1!$A$5:$A$38,0),MONTH(A404))} -> 0 | C404: =TEXT(A404,"yyyy-mm-01") -> 2026-07-01

Sheet Final Cleaned
A1: date | B1: ru_inflation_yoy_m
A2: =Sheet4!C49 -> 1996-12-01 | B2: =Sheet4!B49 -> 0.219
A3: =Sheet4!C50 -> 1997-01-01 | B3: =Sheet4!B50 -> 0.197
A4: =Sheet4!C51 -> 1997-02-01 | B4: =Sheet4!B51 -> 0.183
A5: =Sheet4!C52 -> 1997-03-01 | B5: =Sheet4!B52 -> 0.168
A6: =Sheet4!C53 -> 1997-04-01 | B6: =Sheet4!B53 -> 0.153
A7: =Sheet4!C54 -> 1997-05-01 | B7: =Sheet4!B54 -> 0.147
A8: =Sheet4!C55 -> 1997-06-01 | B8: =Sheet4!B55 -> 0.145
A9: =Sheet4!C56 -> 1997-07-01 | B9: =Sheet4!B56 -> 0.147
A10: =Sheet4!C57 -> 1997-08-01 | B10: =Sheet4!B57 -> 0.148
A11: =Sheet4!C58 -> 1997-09-01 | B11: =Sheet4!B58 -> 0.142
A12: =Sheet4!C59 -> 1997-10-01 | B12: =Sheet4!B59 -> 0.13
A13: =Sheet4!C60 -> 1997-11-01 | B13: =Sheet4!B60 -> 0.115
... A356: =Sheet4!C403 -> 2026-06-01 | B356: =Sheet4!B403 -> 0.06
