Workbook

Sheet IPI
A1: SDDS Data Category | B1: Unit Description | C1: 01.2015 | D1: 02.2015 | E1: 03.2015 | F1: 04.2015 | G1: 05.2015 | H1: 06.2015 | I1: 07.2015 | J1: 08.2015 | K1: 09.2015 | L1: 10.2015 | M1: 11.2015 | N1: 12.2015 | O1: 01.2016 | P1: 02.2016 | Q1: 03.2016 | R1: 04.2016 | S1: 05.2016 | T1: 06.2016 | U1: 07.2016 | V1: 08.2016 | W1: 09.2016 | X1: 10.2016 | Y1: 11.2016 | Z1: 12.2016 | AA1: 01.2017 | AB1: 02.2017 | AC1: 03.2017 | AD1: 04.2017 | AE1: 05.2017 | AF1: 06.2017 | AG1: 07.2017 | AH1: 08.2017 | AI1: 09.2017 | AJ1: 10.2017 | AK1: 11.2017 | AL1: 12.2017 | AM1: 01.2018 | AN1: 02.2018 | AO1: 03.2018 | AP1: 04.2018 | AQ1: 05.2018 | AR1: 06.2018 | AS1: 07.2018 | AT1: 08.2018 | AU1: 09.2018 | AV1: 10.2018 | AW1: 11.2018 | AX1: 12.2018 | AY1: 01.2019 | AZ1: 02.2019 | BA1: 03.2019 | BB1: 04.2019 | BC1: 05.2019 | BD1: 06.2019 | BE1: 07.2019 | BF1: 08.2019 | BG1: 09.2019 | BH1: 10.2019 | BI1: 11.2019 | BJ1: 12.2019 | BK1: 01.2020 | BL1: 02.2020 | BM1: 03.2020 | BN1: 04.2020 | BO1: 05.2020 | BP1: 06.2020 | BQ1: 07.2020 | BR1: 08.2020 | BS1: 09.2020 | BT1: 10.2020 | BU1: 11.2020 | BV1: 12.2020 | BW1: 01.2021 | BX1: 02.2021 | BY1: 03.2021 | BZ1: 04.2021 | CA1: 05.2021 | CB1: 06.2021 | CC1: 07.2021 | CD1: 08.2021 | CE1: 09.2021 | CF1: 10.2021 | CG1: 11.2021 | CH1: 12.2021 | CI1: 01.2022 | CJ1: 02.2022 | CK1: 03.2022 | CL1: 04.2022 | CM1: 05.2022 | CN1: 06.2022 | CO1: 07.2022 | CP1: 08.2022 | CQ1: 09.2022 | CR1: 10.2022 | CS1: 11.2022 | CT1: 12.2022 | CU1: 01.2023 | CV1: 02.2023 | CW1: 03.2023 | CX1: 04.2023 | CY1: 05.2023 | CZ1: 06.2023 | DA1: 07.2023 | DB1: 08.2023 | DC1: 09.2023 | DD1: 10.2023 | DE1: 11.2023 | DF1: 12.2023 | DG1: 01.2024 | DH1: 02.2024 | DI1: 03.2024 | DJ1: 04.2024 | DK1: 05.2024 | DL1: 06.2024 | DM1: 07.2024 | DN1: 08.2024 | DO1: 09.2024 | DP1: 10.2024 | DQ1: 11.2024 | DR1: 12.2024 | DS1: 01.2025 | DT1: 02.2025 | DU1: 03.2025 | DV1: 04.2025 | DW1: 05.2025 | DX1: 06.2025 | DY1: 07.2025 | DZ1: 08.2025 | EA1: 09.2025 | EB1: 10.2025 | EC1: 11.2025 | ED1: 12.2025 | EE1: 01.2026 | EF1: 02.2026 | EG1: 03.2026 | EH1: 04.2026 | EI1: 05.2026 | EJ1: 06.2026
A2: Industrial Production Index * | B2: 2023=100 | C2: 76.4 | D2: 74.2 | E2: 82.3 | F2: 78.4 | G2: 77.6 | H2: 78.8 | I2: 79.8 | J2: 80.2 | K2: 81 | L2: 85.3 | M2: 84.8 | N2: 91.5 | O2: 75.7 | P2: 75.8 | Q2: 83.1 | R2: 78.4 | S2: 78 | T2: 79.8 | U2: 80.2 | V2: 82 | W2: 83.1 | X2: 87.9 | Y2: 89.3 | Z2: 95.2 | AA2: 80.8 | AB2: 77.1 | AC2: 86.2 | AD2: 81.9 | AE2: 83 | AF2: 84.2 | AG2: 83.9 | AH2: 86.3 | AI2: 86.5 | AJ2: 89.9 | AK2: 90.3 | AL2: 95.5 | AM2: 82.9 | AN2: 79.5 | AO2: 88.5 | AP2: 84.4 | AQ2: 85.8 | AR2: 86 | AS2: 86.8 | AT2: 88.7 | AU2: 88.5 | AV2: 94.7 | AW2: 94.3 | AX2: 101.6 | AY2: 85.2 | AZ2: 82.8 | BA2: 91 | BB2: 88.9 | BC2: 86.8 | BD2: 88.8 | BE2: 90.6 | BF2: 92.2 | BG2: 93 | BH2: 98.9 | BI2: 95.7 | BJ2: 104.3 | BK2: 86.6 | BL2: 87 | BM2: 93.5 | BN2: 84.9 | BO2: 79.9 | BP2: 82.8 | BQ2: 85.4 | BR2: 88.4 | BS2: 89.6 | BT2: 93.5 | BU2: 94.6 | BV2: 108.1 | BW2: 85.1 | BX2: 84.6 | BY2: 96.1 | BZ2: 92.5 | CA2: 90.4 | CB2: 92.3 | CC2: 92.2 | CD2: 93.4 | CE2: 96.7 | CF2: 101.4 | CG2: 102.2 | CH2: 116.3 | CI2: 92.8 | CJ2: 90.2 | CK2: 99.6 | CL2: 90.8 | CM2: 89.1 | CN2: 91.1 | CO2: 92.7 | CP2: 94.2 | CQ2: 94.7 | CR2: 99.9 | CS2: 102 | CT2: 113.8 | CU2: 91 | CV2: 89.1 | CW2: 101.1 | CX2: 95.6 | CY2: 95.6 | CZ2: 96.6 | DA2: 98.2 | DB2: 100.4 | DC2: 101.1 | DD2: 106.1 | DE2: 107.3 | DF2: 118 | DG2: 95.8 | DH2: 97.1 | DI2: 105.5 | DJ2: 100.5 | DK2: 101.6 | DL2: 99.2 | DM2: 102 | DN2: 103.4 | DO2: 104 | DP2: 111.8 | DQ2: 111.3 | DR2: 128.2 | DS2: 96.7 | DT2: 96.1 | DU2: 105.6 | DV2: 101.8 | DW2: 102.7 | DX2: 101.3 | DY2: 103.5 | DZ2: 104.5 | EA2: 105.3 | EB2: 114.6 | EC2: 111.7 | ED2: 132.9 | EE2: 101.4 | EF2: 100.2 | EG2: 112.6 | EH2: 108 | EI2: 106.2 | EJ2: 105.5
A4: * The indicator “Industrial Production Index” are calculated by types of activity: “Mining and quarrying of natural minerals”, “Manufacturing”, “Electricity, gas and steam supply; air conditioning”, “Water supply; water disposal, organizing of collection and utilization of wastes, activities on liquidation of pollution”. Data by month are given in % to the average monthly value for 2023. Excluding statistical information on: Lugansk People’s Republic, Donetsk People’s Republic, Kherson Region and Zaporozhye Region.

Sheet Sheet1
A1: Date | C1: DATE | D1: IPI
A2: {=TRANSPOSE(IPI!C1:EJ1)} -> 01.2015 | B2: 42005 | C2: =TEXT(B2,"yyyy-mm-01") -> 2015-01-01 | D2: {=TRANSPOSE(IPI!C2:EJ2)} -> 76.4
A3: 02.2015 | B3: 42036 | C3: =TEXT(B3,"yyyy-mm-01") -> 2015-02-01 | D3: 74.2
A4: 03.2015 | B4: 42064 | C4: =TEXT(B4,"yyyy-mm-01") -> 2015-03-01 | D4: 82.3
A5: 04.2015 | B5: 42095 | C5: =TEXT(B5,"yyyy-mm-01") -> 2015-04-01 | D5: 78.4
A6: 05.2015 | B6: 42125 | C6: =TEXT(B6,"yyyy-mm-01") -> 2015-05-01 | D6: 77.6
A7: 06.2015 | B7: 42156 | C7: =TEXT(B7,"yyyy-mm-01") -> 2015-06-01 | D7: 78.8
A8: 07.2015 | B8: 42186 | C8: =TEXT(B8,"yyyy-mm-01") -> 2015-07-01 | D8: 79.8
A9: 08.2015 | B9: 42217 | C9: =TEXT(B9,"yyyy-mm-01") -> 2015-08-01 | D9: 80.2
A10: 09.2015 | B10: 42248 | C10: =TEXT(B10,"yyyy-mm-01") -> 2015-09-01 | D10: 81
A11: 10.2015 | B11: 42278 | C11: =TEXT(B11,"yyyy-mm-01") -> 2015-10-01 | D11: 85.3
A12: 11.2015 | B12: 42309 | C12: =TEXT(B12,"yyyy-mm-01") -> 2015-11-01 | D12: 84.8
A13: 12.2015 | B13: 42339 | C13: =TEXT(B13,"yyyy-mm-01") -> 2015-12-01 | D13: 91.5
A14: 01.2016 | B14: 42370 | C14: =TEXT(B14,"yyyy-mm-01") -> 2016-01-01 | D14: 75.7
... A139: 06.2026 | B139: 46174 | C139: =TEXT(B139,"yyyy-mm-01") -> 2026-06-01 | D139: 105.5

Sheet Final Cleaned
A1: date | B1: ru_indprod_m
A2: =Sheet1!C2 -> 2015-01-01 | B2: =Sheet1!D2 -> 76.4
A3: =Sheet1!C3 -> 2015-02-01 | B3: =Sheet1!D3 -> 74.2
A4: =Sheet1!C4 -> 2015-03-01 | B4: =Sheet1!D4 -> 82.3
A5: =Sheet1!C5 -> 2015-04-01 | B5: =Sheet1!D5 -> 78.4
A6: =Sheet1!C6 -> 2015-05-01 | B6: =Sheet1!D6 -> 77.6
A7: =Sheet1!C7 -> 2015-06-01 | B7: =Sheet1!D7 -> 78.8
A8: =Sheet1!C8 -> 2015-07-01 | B8: =Sheet1!D8 -> 79.8
A9: =Sheet1!C9 -> 2015-08-01 | B9: =Sheet1!D9 -> 80.2
A10: =Sheet1!C10 -> 2015-09-01 | B10: =Sheet1!D10 -> 81
A11: =Sheet1!C11 -> 2015-10-01 | B11: =Sheet1!D11 -> 85.3
A12: =Sheet1!C12 -> 2015-11-01 | B12: =Sheet1!D12 -> 84.8
A13: =Sheet1!C13 -> 2015-12-01 | B13: =Sheet1!D13 -> 91.5
... A139: =Sheet1!C139 -> 2026-06-01 | B139: =Sheet1!D139 -> 105.5
