Workbook

Sheet W3C Example Table
B1: ӘАОЖ(каталог бойынша) | C1: REPUBLIC OF KAZAKHSTAN
B2: Даты | C2: Апрель 2013 г. | D2: Май 2013 г. | E2: Июнь 2013 г. | F2: Июль 2013 г. | G2: Январь 2014 г. | H2: Февраль 2014 г. | I2: Июнь 2014 г. | J2: Август 2014 г. | K2: Сентябрь 2014 г. | L2: Октябрь 2014 г. | M2: Ноябрь 2014 г. | N2: Январь 2015 г. | O2: Февраль 2015 г. | P2: Март 2015 г. | Q2: Апрель 2015 г. | R2: Май 2015 г. | S2: Июнь 2015 г. | T2: Июль 2015 г. | U2: Август 2015 г. | V2: Сентябрь 2015 г. | W2: Октябрь 2015 г. | X2: Ноябрь 2015 г. | Y2: Декабрь 2015 г. | Z2: Январь 2016 г. | AA2: Февраль 2016 г. | AB2: Март 2016 г. | AC2: Апрель 2016 г. | AD2: Май 2016 г. | AE2: Июль 2016 г. | AF2: Август 2016 г. | AG2: Сентябрь 2016 г. | AH2: Октябрь 2016 г. | AI2: Ноябрь 2016 г. | AJ2: Декабрь 2016 г. | AK2: Январь 2017 г. | AL2: Февраль 2017 г. | AM2: Март 2017 г. | AN2: Апрель 2017 г. | AO2: Май 2017 г. | AP2: Июнь 2017 г. | AQ2: Август 2017 г. | AR2: Сентябрь 2017 г. | AS2: Октябрь 2017 г. | AT2: Ноябрь 2017 г. | AU2: Декабрь 2017 г. | AV2: Январь 2018 г. | AW2: Февраль 2018 г. | AX2: Март 2018 г. | AY2: Апрель 2018 г. | AZ2: Май 2018 г. | BA2: Июнь 2018 г. | BB2: Июль 2018 г. | BC2: Август 2018 г. | BD2: Сентябрь 2018 г. | BE2: Октябрь 2018 г. | BF2: Ноябрь 2018 г. | BG2: Декабрь 2018 г. | BH2: Январь 2019 г. | BI2: Февраль 2019 г. | BJ2: Март 2019 г. | BK2: Апрель 2019 г. | BL2: Май 2019 г. | BM2: Июнь 2019 г. | BN2: Июль 2019 г. | BO2: Август 2019 г. | BP2: Сентябрь 2019 г. | BQ2: Октябрь 2019 г. | BR2: Ноябрь 2019 г. | BS2: Декабрь 2019 г. | BT2: Январь 2020 г. | BU2: Февраль 2020 г. | BV2: Март 2020 г. | BW2: Июль 2021 г. | BX2: Август 2021 г. | BY2: Сентябрь 2021 г. | BZ2: Октябрь 2021 г. | CA2: Ноябрь 2021 г. | CB2: Февраль 2022 г. | CC2: Октябрь 2022 г. | CD2: Ноябрь 2022 г. | CE2: Декабрь 2022 г. | CF2: Январь 2023 г. | CG2: Февраль 2023 г. | CH2: Март 2023 г. | CI2: Апрель 2023 г. | CJ2: Май 2023 г. | CK2: Июнь 2023 г. | CL2: Июль 2023 г. | CM2: Август 2023 г. | CN2: Сентябрь 2023 г. | CO2: Октябрь 2023 г. | CP2: Ноябрь 2023 г. | CQ2: Декабрь 2023 г. | CR2: Январь 2024 г. | CS2: Февраль 2024 г. | CT2: Март 2024 г. | CU2: Апрель 2024 г. | CV2: Май 2024 г. | CW2: Июнь 2024 г. | CX2: Июль 2024 г. | CY2: Август 2024 г. | CZ2: Сентябрь 2024 г. | DA2: Октябрь 2024 г. | DB2: Ноябрь 2024 г. | DC2: Декабрь 2024 г. | DD2: Январь 2025 г. | DE2: Февраль 2025 г. | DF2: Март 2025 г. | DG2: Апрель 2025 г. | DH2: Май 2025 г. | DI2: Июнь 2025 г. | DJ2: Июль 2025 г. | DK2: Август 2025 г. | DL2: Сентябрь 2025 г. | DM2: Октябрь 2025 г. | DN2: Ноябрь 2025 г. | DO2: Январь 2026 г. | DP2: Февраль 2026 г. | DQ2: Март 2026 г. | DR2: Апрель 2026 г.
A3: Показатели
A4: unemployment rate() | C4: 5.3 | D4: 5.3 | E4: 5.2 | F4: 5.2 | G4: 5.2 | H4: 5.2 | I4: 5 | J4: 5.1 | K4: 5 | L4: 5 | M4: 5.1 | N4: 5 | O4: 5 | P4: 5 | Q4: 5 | R4: 5 | S4: 4.9 | T4: 4.9 | U4: 4.9 | V4: 4.9 | W4: 4.9 | X4: 5 | Y4: 5 | Z4: 5.1 | AA4: 5.1 | AB4: 5.1 | AC4: 4.9 | AD4: 4.9 | AE4: 5.1 | AF4: 5 | AG4: 5 | AH4: 4.9 | AI4: 5 | AJ4: 5 | AK4: 4.9 | AL4: 4.9 | AM4: 4.9 | AN4: 4.9 | AO4: 4.8 | AP4: 4.9 | AQ4: 4.9 | AR4: 4.9 | AS4: 4.9 | AT4: 5 | AU4: 5 | AV4: 4.9 | AW4: 4.9 | AX4: 4.9 | AY4: 4.9 | AZ4: 4.9 | BA4: 4.9 | BB4: 4.8 | BC4: 4.8 | BD4: 4.8 | BE4: 4.8 | BF4: 4.8 | BG4: 4.8 | BH4: 4.8 | BI4: 4.8 | BJ4: 4.8 | BK4: 4.8 | BL4: 4.8 | BM4: 4.8 | BN4: 4.8 | BO4: 4.8 | BP4: 4.8 | BQ4: 4.8 | BR4: 4.8 | BS4: 4.8 | BT4: 4.8 | BU4: 4.8 | BV4: 4.8 | BW4: 4.9 | BX4: 4.9 | BY4: 4.9 | BZ4: 4.9 | CA4: 4.9 | CB4: 4.9 | CC4: 4.9 | CD4: 4.9 | CE4: 4.9 | CF4: 4.8 | CG4: 4.8 | CH4: 4.8 | CI4: 4.7 | CJ4: 4.7 | CK4: 4.7 | CL4: 4.7 | CM4: 4.7 | CN4: 4.7 | CO4: 4.7 | CP4: 4.7 | CQ4: 4.7 | CR4: 4.7 | CS4: 4.7 | CT4: 4.7 | CU4: 4.7 | CV4: 4.7 | CW4: 4.7 | CX4: 4.6 | CY4: 4.6 | CZ4: 4.6 | DA4: 4.6 | DB4: 4.6 | DC4: 4.6 | DD4: 4.6 | DE4: 4.6 | DF4: 4.6 | DG4: 4.6 | DH4: 4.6 | DI4: 4.6 | DJ4: 4.6 | DK4: 4.6 | DL4: 4.6 | DM4: 4.6 | DN4: 4.6 | DO4: 4.5 | DP4: 4.5 | DQ4: 4.5 | DR4: 4.5

Sheet Final Clean
A1: DATE | B1: Numerical Date | C1: DATE | D1: unemployment rate()
A2: Апрель 2013 г. | B2: =DATE(VALUE(MID(A2,FIND(" ",A2)+1,4)),MATCH(LEFT(A2,FIND(" ",A2)-1),{"Январь","Февраль","Март","Апрель","Май","Июнь","Июль","Август","Сентябрь","Октябрь","Ноябрь","Декабрь"},0),1) -> 41365 | C2: =TEXT(B2,"yyyy-mm-01") -> 2013-04-01 | D2: 5.3
A3: Май 2013 г. | B3: =DATE(VALUE(MID(A3,FIND(" ",A3)+1,4)),MATCH(LEFT(A3,FIND(" ",A3)-1),{"Январь","Февраль","Март","Апрель","Май","Июнь","Июль","Август","Сентябрь","Октябрь","Ноябрь","Декабрь"},0),1) -> 41395 | C3: =TEXT(B3,"yyyy-mm-01") -> 2013-05-01 | D3: 5.3
A4: Июнь 2013 г. | B4: =DATE(VALUE(MID(A4,FIND(" ",A4)+1,4)),MATCH(LEFT(A4,FIND(" ",A4)-1),{"Январь","Февраль","Март","Апрель","Май","Июнь","Июль","Август","Сентябрь","Октябрь","Ноябрь","Декабрь"},0),1) -> 41426 | C4: =TEXT(B4,"yyyy-mm-01") -> 2013-06-01 | D4: 5.2
A5: Июль 2013 г. | B5: =DATE(VALUE(MID(A5,FIND(" ",A5)+1,4)),MATCH(LEFT(A5,FIND(" ",A5)-1),{"Январь","Февраль","Март","Апрель","Май","Июнь","Июль","Август","Сентябрь","Октябрь","Ноябрь","Декабрь"},0),1) -> 41456 | C5: =TEXT(B5,"yyyy-mm-01") -> 2013-07-01 | D5: 5.2
A6: Август 2013 г. | B6: =DATE(VALUE(MID(A6,FIND(" ",A6)+1,4)),MATCH(LEFT(A6,FIND(" ",A6)-1),{"Январь","Февраль","Март","Апрель","Май","Июнь","Июль","Август","Сентябрь","Октябрь","Ноябрь","Декабрь"},0),1) -> 41487 | C6: =TEXT(B6,"yyyy-mm-01") -> 2013-08-01 | D6: =D5 -> 5.2
A7: Сентябрь 2013 г. | B7: =DATE(VALUE(MID(A7,FIND(" ",A7)+1,4)),MATCH(LEFT(A7,FIND(" ",A7)-1),{"Январь","Февраль","Март","Апрель","Май","Июнь","Июль","Август","Сентябрь","Октябрь","Ноябрь","Декабрь"},0),1) -> 41518 | C7: =TEXT(B7,"yyyy-mm-01") -> 2013-09-01 | D7: =D6 -> 5.2
A8: Октябрь 2013 г. | B8: =DATE(VALUE(MID(A8,FIND(" ",A8)+1,4)),MATCH(LEFT(A8,FIND(" ",A8)-1),{"Январь","Февраль","Март","Апрель","Май","Июнь","Июль","Август","Сентябрь","Октябрь","Ноябрь","Декабрь"},0),1) -> 41548 | C8: =TEXT(B8,"yyyy-mm-01") -> 2013-10-01 | D8: =D7 -> 5.2
A9: Ноябрь 2013 г. | B9: =DATE(VALUE(MID(A9,FIND(" ",A9)+1,4)),MATCH(LEFT(A9,FIND(" ",A9)-1),{"Январь","Февраль","Март","Апрель","Май","Июнь","Июль","Август","Сентябрь","Октябрь","Ноябрь","Декабрь"},0),1) -> 41579 | C9: =TEXT(B9,"yyyy-mm-01") -> 2013-11-01 | D9: =D8 -> 5.2
A10: Декабрь 2013 г. | B10: =DATE(VALUE(MID(A10,FIND(" ",A10)+1,4)),MATCH(LEFT(A10,FIND(" ",A10)-1),{"Январь","Февраль","Март","Апрель","Май","Июнь","Июль","Август","Сентябрь","Октябрь","Ноябрь","Декабрь"},0),1) -> 41609 | C10: =TEXT(B10,"yyyy-mm-01") -> 2013-12-01 | D10: =D9 -> 5.2
A11: Январь 2014 г. | B11: =DATE(VALUE(MID(A11,FIND(" ",A11)+1,4)),MATCH(LEFT(A11,FIND(" ",A11)-1),{"Январь","Февраль","Март","Апрель","Май","Июнь","Июль","Август","Сентябрь","Октябрь","Ноябрь","Декабрь"},0),1) -> 41640 | C11: =TEXT(B11,"yyyy-mm-01") -> 2014-01-01 | D11: 5.2
A12: Февраль 2014 г. | B12: =DATE(VALUE(MID(A12,FIND(" ",A12)+1,4)),MATCH(LEFT(A12,FIND(" ",A12)-1),{"Январь","Февраль","Март","Апрель","Май","Июнь","Июль","Август","Сентябрь","Октябрь","Ноябрь","Декабрь"},0),1) -> 41671 | C12: =TEXT(B12,"yyyy-mm-01") -> 2014-02-01 | D12: 5.2
A13: Март 2014 г. | B13: =DATE(VALUE(MID(A13,FIND(" ",A13)+1,4)),MATCH(LEFT(A13,FIND(" ",A13)-1),{"Январь","Февраль","Март","Апрель","Май","Июнь","Июль","Август","Сентябрь","Октябрь","Ноябрь","Декабрь"},0),1) -> 41699 | C13: =TEXT(B13,"yyyy-mm-01") -> 2014-03-01 | D13: =D12 -> 5.2
A14: Апрель 2014 г. | B14: =DATE(VALUE(MID(A14,FIND(" ",A14)+1,4)),MATCH(LEFT(A14,FIND(" ",A14)-1),{"Январь","Февраль","Март","Апрель","Май","Июнь","Июль","Август","Сентябрь","Октябрь","Ноябрь","Декабрь"},0),1) -> 41730 | C14: =TEXT(B14,"yyyy-mm-01") -> 2014-04-01 | D14: =D13 -> 5.2
A15: Май 2014 г. | B15: =DATE(VALUE(MID(A15,FIND(" ",A15)+1,4)),MATCH(LEFT(A15,FIND(" ",A15)-1),{"Январь","Февраль","Март","Апрель","Май","Июнь","Июль","Август","Сентябрь","Октябрь","Ноябрь","Декабрь"},0),1) -> 41760 | C15: =TEXT(B15,"yyyy-mm-01") -> 2014-05-01 | D15: =D14 -> 5.2
A16: Июнь 2014 г. | B16: =DATE(VALUE(MID(A16,FIND(" ",A16)+1,4)),MATCH(LEFT(A16,FIND(" ",A16)-1),{"Январь","Февраль","Март","Апрель","Май","Июнь","Июль","Август","Сентябрь","Октябрь","Ноябрь","Декабрь"},0),1) -> 41791 | C16: =TEXT(B16,"yyyy-mm-01") -> 2014-06-01 | D16: 5
A17: Июль 2014 г. | B17: =DATE(VALUE(MID(A17,FIND(" ",A17)+1,4)),MATCH(LEFT(A17,FIND(" ",A17)-1),{"Январь","Февраль","Март","Апрель","Май","Июнь","Июль","Август","Сентябрь","Октябрь","Ноябрь","Декабрь"},0),1) -> 41821 | C17: =TEXT(B17,"yyyy-mm-01") -> 2014-07-01 | D17: =D16 -> 5
A18: Август 2014 г. | B18: =DATE(VALUE(MID(A18,FIND(" ",A18)+1,4)),MATCH(LEFT(A18,FIND(" ",A18)-1),{"Январь","Февраль","Март","Апрель","Май","Июнь","Июль","Август","Сентябрь","Октябрь","Ноябрь","Декабрь"},0),1) -> 41852 | C18: =TEXT(B18,"yyyy-mm-01") -> 2014-08-01 | D18: 5.1
A19: Сентябрь 2014 г. | B19: =DATE(VALUE(MID(A19,FIND(" ",A19)+1,4)),MATCH(LEFT(A19,FIND(" ",A19)-1),{"Январь","Февраль","Март","Апрель","Май","Июнь","Июль","Август","Сентябрь","Октябрь","Ноябрь","Декабрь"},0),1) -> 41883 | C19: =TEXT(B19,"yyyy-mm-01") -> 2014-09-01 | D19: 5
A20: Октябрь 2014 г. | B20: =DATE(VALUE(MID(A20,FIND(" ",A20)+1,4)),MATCH(LEFT(A20,FIND(" ",A20)-1),{"Январь","Февраль","Март","Апрель","Май","Июнь","Июль","Август","Сентябрь","Октябрь","Ноябрь","Декабрь"},0),1) -> 41913 | C20: =TEXT(B20,"yyyy-mm-01") -> 2014-10-01 | D20: 5
A21: Ноябрь 2014 г. | B21: =DATE(VALUE(MID(A21,FIND(" ",A21)+1,4)),MATCH(LEFT(A21,FIND(" ",A21)-1),{"Январь","Февраль","Март","Апрель","Май","Июнь","Июль","Август","Сентябрь","Октябрь","Ноябрь","Декабрь"},0),1) -> 41944 | C21: =TEXT(B21,"yyyy-mm-01") -> 2014-11-01 | D21: 5.1
A22: Декабрь 2014 г. | B22: =DATE(VALUE(MID(A22,FIND(" ",A22)+1,4)),MATCH(LEFT(A22,FIND(" ",A22)-1),{"Январь","Февраль","Март","Апрель","Май","Июнь","Июль","Август","Сентябрь","Октябрь","Ноябрь","Декабрь"},0),1) -> 41974 | C22: =TEXT(B22,"yyyy-mm-01") -> 2014-12-01 | D22: =D21 -> 5.1
A23: Январь 2015 г. | B23: =DATE(VALUE(MID(A23,FIND(" ",A23)+1,4)),MATCH(LEFT(A23,FIND(" ",A23)-1),{"Январь","Февраль","Март","Апрель","Май","Июнь","Июль","Август","Сентябрь","Октябрь","Ноябрь","Декабрь"},0),1) -> 42005 | C23: =TEXT(B23,"yyyy-mm-01") -> 2015-01-01 | D23: 5
A24: Февраль 2015 г. | B24: =DATE(VALUE(MID(A24,FIND(" ",A24)+1,4)),MATCH(LEFT(A24,FIND(" ",A24)-1),{"Январь","Февраль","Март","Апрель","Май","Июнь","Июль","Август","Сентябрь","Октябрь","Ноябрь","Декабрь"},0),1) -> 42036 | C24: =TEXT(B24,"yyyy-mm-01") -> 2015-02-01 | D24: 5
A25: Март 2015 г. | B25: =DATE(VALUE(MID(A25,FIND(" ",A25)+1,4)),MATCH(LEFT(A25,FIND(" ",A25)-1),{"Январь","Февраль","Март","Апрель","Май","Июнь","Июль","Август","Сентябрь","Октябрь","Ноябрь","Декабрь"},0),1) -> 42064 | C25: =TEXT(B25,"yyyy-mm-01") -> 2015-03-01 | D25: 5
A26: Апрель 2015 г. | B26: =DATE(VALUE(MID(A26,FIND(" ",A26)+1,4)),MATCH(LEFT(A26,FIND(" ",A26)-1),{"Январь","Февраль","Март","Апрель","Май","Июнь","Июль","Август","Сентябрь","Октябрь","Ноябрь","Декабрь"},0),1) -> 42095 | C26: =TEXT(B26,"yyyy-mm-01") -> 2015-04-01 | D26: 5
A27: Май 2015 г. | B27: =DATE(VALUE(MID(A27,FIND(" ",A27)+1,4)),MATCH(LEFT(A27,FIND(" ",A27)-1),{"Январь","Февраль","Март","Апрель","Май","Июнь","Июль","Август","Сентябрь","Октябрь","Ноябрь","Декабрь"},0),1) -> 42125 | C27: =TEXT(B27,"yyyy-mm-01") -> 2015-05-01 | D27: 5
A28: Июнь 2015 г. | B28: =DATE(VALUE(MID(A28,FIND(" ",A28)+1,4)),MATCH(LEFT(A28,FIND(" ",A28)-1),{"Январь","Февраль","Март","Апрель","Май","Июнь","Июль","Август","Сентябрь","Октябрь","Ноябрь","Декабрь"},0),1) -> 42156 | C28: =TEXT(B28,"yyyy-mm-01") -> 2015-06-01 | D28: 4.9
A29: Июль 2015 г. | B29: =DATE(VALUE(MID(A29,FIND(" ",A29)+1,4)),MATCH(LEFT(A29,FIND(" ",A29)-1),{"Январь","Февраль","Март","Апрель","Май","Июнь","Июль","Август","Сентябрь","Октябрь","Ноябрь","Декабрь"},0),1) -> 42186 | C29: =TEXT(B29,"yyyy-mm-01") -> 2015-07-01 | D29: 4.9
A30: Август 2015 г. | B30: =DATE(VALUE(MID(A30,FIND(" ",A30)+1,4)),MATCH(LEFT(A30,FIND(" ",A30)-1),{"Январь","Февраль","Март","Апрель","Май","Июнь","Июль","Август","Сентябрь","Октябрь","Ноябрь","Декабрь"},0),1) -> 42217 | C30: =TEXT(B30,"yyyy-mm-01") -> 2015-08-01 | D30: 4.9
A31: Сентябрь 2015 г. | B31: =DATE(VALUE(MID(A31,FIND(" ",A31)+1,4)),MATCH(LEFT(A31,FIND(" ",A31)-1),{"Январь","Февраль","Март","Апрель","Май","Июнь","Июль","Август","Сентябрь","Октябрь","Ноябрь","Декабрь"},0),1) -> 42248 | C31: =TEXT(B31,"yyyy-mm-01") -> 2015-09-01 | D31: 4.9
A32: Октябрь 2015 г. | B32: =DATE(VALUE(MID(A32,FIND(" ",A32)+1,4)),MATCH(LEFT(A32,FIND(" ",A32)-1),{"Январь","Февраль","Март","Апрель","Май","Июнь","Июль","Август","Сентябрь","Октябрь","Ноябрь","Декабрь"},0),1) -> 42278 | C32: =TEXT(B32,"yyyy-mm-01") -> 2015-10-01 | D32: 4.9
A33: Ноябрь 2015 г. | B33: =DATE(VALUE(MID(A33,FIND(" ",A33)+1,4)),MATCH(LEFT(A33,FIND(" ",A33)-1),{"Январь","Февраль","Март","Апрель","Май","Июнь","Июль","Август","Сентябрь","Октябрь","Ноябрь","Декабрь"},0),1) -> 42309 | C33: =TEXT(B33,"yyyy-mm-01") -> 2015-11-01 | D33: 5
A34: Декабрь 2015 г. | B34: =DATE(VALUE(MID(A34,FIND(" ",A34)+1,4)),MATCH(LEFT(A34,FIND(" ",A34)-1),{"Январь","Февраль","Март","Апрель","Май","Июнь","Июль","Август","Сентябрь","Октябрь","Ноябрь","Декабрь"},0),1) -> 42339 | C34: =TEXT(B34,"yyyy-mm-01") -> 2015-12-01 | D34: 5
... A39: Май 2016 г. | B39: =DATE(VALUE(MID(A39,FIND(" ",A39)+1,4)),MATCH(LEFT(A39,FIND(" ",A39)-1),{"Январь","Февраль","Март","Апрель","Май","Июнь","Июль","Август","Сентябрь","Октябрь","Ноябрь","Декабрь"},0),1) -> 42491 | C39: =TEXT(B39,"yyyy-mm-01") -> 2016-05-01 | D39: 4.9
A40: Июнь 2016 г. | B40: =DATE(VALUE(MID(A40,FIND(" ",A40)+1,4)),MATCH(LEFT(A40,FIND(" ",A40)-1),{"Январь","Февраль","Март","Апрель","Май","Июнь","Июль","Август","Сентябрь","Октябрь","Ноябрь","Декабрь"},0),1) -> 42522 | C40: =TEXT(B40,"yyyy-mm-01") -> 2016-06-01 | D40: =D39 -> 4.9
A41: Июль 2016 г. | B41: =DATE(VALUE(MID(A41,FIND(" ",A41)+1,4)),MATCH(LEFT(A41,FIND(" ",A41)-1),{"Январь","Февраль","Март","Апрель","Май","Июнь","Июль","Август","Сентябрь","Октябрь","Ноябрь","Декабрь"},0),1) -> 42552 | C41: =TEXT(B41,"yyyy-mm-01") -> 2016-07-01 | D41: 5.1
A42: Август 2016 г. | B42: =DATE(VALUE(MID(A42,FIND(" ",A42)+1,4)),MATCH(LEFT(A42,FIND(" ",A42)-1),{"Январь","Февраль","Март","Апрель","Май","Июнь","Июль","Август","Сентябрь","Октябрь","Ноябрь","Декабрь"},0),1) -> 42583 | C42: =TEXT(B42,"yyyy-mm-01") -> 2016-08-01 | D42: 5
A43: Сентябрь 2016 г. | B43: =DATE(VALUE(MID(A43,FIND(" ",A43)+1,4)),MATCH(LEFT(A43,FIND(" ",A43)-1),{"Январь","Февраль","Март","Апрель","Май","Июнь","Июль","Август","Сентябрь","Октябрь","Ноябрь","Декабрь"},0),1) -> 42614 | C43: =TEXT(B43,"yyyy-mm-01") -> 2016-09-01 | D43: 5
A44: Октябрь 2016 г. | B44: =DATE(VALUE(MID(A44,FIND(" ",A44)+1,4)),MATCH(LEFT(A44,FIND(" ",A44)-1),{"Январь","Февраль","Март","Апрель","Май","Июнь","Июль","Август","Сентябрь","Октябрь","Ноябрь","Декабрь"},0),1) -> 42644 | C44: =TEXT(B44,"yyyy-mm-01") -> 2016-10-01 | D44: 4.9
A45: Ноябрь 2016 г. | B45: =DATE(VALUE(MID(A45,FIND(" ",A45)+1,4)),MATCH(LEFT(A45,FIND(" ",A45)-1),{"Январь","Февраль","Март","Апрель","Май","Июнь","Июль","Август","Сентябрь","Октябрь","Ноябрь","Декабрь"},0),1) -> 42675 | C45: =TEXT(B45,"yyyy-mm-01") -> 2016-11-01 | D45: 5
A46: Декабрь 2016 г. | B46: =DATE(VALUE(MID(A46,FIND(" ",A46)+1,4)),MATCH(LEFT(A46,FIND(" ",A46)-1),{"Январь","Февраль","Март","Апрель","Май","Июнь","Июль","Август","Сентябрь","Октябрь","Ноябрь","Декабрь"},0),1) -> 42705 | C46: =TEXT(B46,"yyyy-mm-01") -> 2016-12-01 | D46: 5
A47: Январь 2017 г. | B47: =DATE(VALUE(MID(A47,FIND(" ",A47)+1,4)),MATCH(LEFT(A47,FIND(" ",A47)-1),{"Январь","Февраль","Март","Апрель","Май","Июнь","Июль","Август","Сентябрь","Октябрь","Ноябрь","Декабрь"},0),1) -> 42736 | C47: =TEXT(B47,"yyyy-mm-01") -> 2017-01-01 | D47: 4.9
A48: Февраль 2017 г. | B48: =DATE(VALUE(MID(A48,FIND(" ",A48)+1,4)),MATCH(LEFT(A48,FIND(" ",A48)-1),{"Январь","Февраль","Март","Апрель","Май","Июнь","Июль","Август","Сентябрь","Октябрь","Ноябрь","Декабрь"},0),1) -> 42767 | C48: =TEXT(B48,"yyyy-mm-01") -> 2017-02-01 | D48: 4.9
A49: Март 2017 г. | B49: =DATE(VALUE(MID(A49,FIND(" ",A49)+1,4)),MATCH(LEFT(A49,FIND(" ",A49)-1),{"Январь","Февраль","Март","Апрель","Май","Июнь","Июль","Август","Сентябрь","Октябрь","Ноябрь","Декабрь"},0),1) -> 42795 | C49: =TEXT(B49,"yyyy-mm-01") -> 2017-03-01 | D49: 4.9
A50: Апрель 2017 г. | B50: =DATE(VALUE(MID(A50,FIND(" ",A50)+1,4)),MATCH(LEFT(A50,FIND(" ",A50)-1),{"Январь","Февраль","Март","Апрель","Май","Июнь","Июль","Август","Сентябрь","Октябрь","Ноябрь","Декабрь"},0),1) -> 42826 | C50: =TEXT(B50,"yyyy-mm-01") -> 2017-04-01 | D50: 4.9
A51: Май 2017 г. | B51: =DATE(VALUE(MID(A51,FIND(" ",A51)+1,4)),MATCH(LEFT(A51,FIND(" ",A51)-1),{"Январь","Февраль","Март","Апрель","Май","Июнь","Июль","Август","Сентябрь","Октябрь","Ноябрь","Декабрь"},0),1) -> 42856 | C51: =TEXT(B51,"yyyy-mm-01") -> 2017-05-01 | D51: 4.8
A52: Июнь 2017 г. | B52: =DATE(VALUE(MID(A52,FIND(" ",A52)+1,4)),MATCH(LEFT(A52,FIND(" ",A52)-1),{"Январь","Февраль","Март","Апрель","Май","Июнь","Июль","Август","Сентябрь","Октябрь","Ноябрь","Декабрь"},0),1) -> 42887 | C52: =TEXT(B52,"yyyy-mm-01") -> 2017-06-01 | D52: 4.9
A53: Июль 2017 г. | B53: =DATE(VALUE(MID(A53,FIND(" ",A53)+1,4)),MATCH(LEFT(A53,FIND(" ",A53)-1),{"Январь","Февраль","Март","Апрель","Май","Июнь","Июль","Август","Сентябрь","Октябрь","Ноябрь","Декабрь"},0),1) -> 42917 | C53: =TEXT(B53,"yyyy-mm-01") -> 2017-07-01 | D53: =D52 -> 4.9
A54: Август 2017 г. | B54: =DATE(VALUE(MID(A54,FIND(" ",A54)+1,4)),MATCH(LEFT(A54,FIND(" ",A54)-1),{"Январь","Февраль","Март","Апрель","Май","Июнь","Июль","Август","Сентябрь","Октябрь","Ноябрь","Декабрь"},0),1) -> 42948 | C54: =TEXT(B54,"yyyy-mm-01") -> 2017-08-01 | D54: 4.9
A55: Сентябрь 2017 г. | B55: =DATE(VALUE(MID(A55,FIND(" ",A55)+1,4)),MATCH(LEFT(A55,FIND(" ",A55)-1),{"Январь","Февраль","Март","Апрель","Май","Июнь","Июль","Август","Сентябрь","Октябрь","Ноябрь","Декабрь"},0),1) -> 42979 | C55: =TEXT(B55,"yyyy-mm-01") -> 2017-09-01 | D55: 4.9
A56: Октябрь 2017 г. | B56: =DATE(VALUE(MID(A56,FIND(" ",A56)+1,4)),MATCH(LEFT(A56,FIND(" ",A56)-1),{"Январь","Февраль","Март","Апрель","Май","Июнь","Июль","Август","Сентябрь","Октябрь","Ноябрь","Декабрь"},0),1) -> 43009 | C56: =TEXT(B56,"yyyy-mm-01") -> 2017-10-01 | D56: 4.9
A57: Ноябрь 2017 г. | B57: =DATE(VALUE(MID(A57,FIND(" ",A57)+1,4)),MATCH(LEFT(A57,FIND(" ",A57)-1),{"Январь","Февраль","Март","Апрель","Май","Июнь","Июль","Август","Сентябрь","Октябрь","Ноябрь","Декабрь"},0),1) -> 43040 | C57: =TEXT(B57,"yyyy-mm-01") -> 2017-11-01 | D57: 5
A58: Декабрь 2017 г. | B58: =DATE(VALUE(MID(A58,FIND(" ",A58)+1,4)),MATCH(LEFT(A58,FIND(" ",A58)-1),{"Январь","Февраль","Март","Апрель","Май","Июнь","Июль","Август","Сентябрь","Октябрь","Ноябрь","Декабрь"},0),1) -> 43070 | C58: =TEXT(B58,"yyyy-mm-01") -> 2017-12-01 | D58: 5
A59: Январь 2018 г. | B59: =DATE(VALUE(MID(A59,FIND(" ",A59)+1,4)),MATCH(LEFT(A59,FIND(" ",A59)-1),{"Январь","Февраль","Март","Апрель","Май","Июнь","Июль","Август","Сентябрь","Октябрь","Ноябрь","Декабрь"},0),1) -> 43101 | C59: =TEXT(B59,"yyyy-mm-01") -> 2018-01-01 | D59: 4.9
A60: Февраль 2018 г. | B60: =DATE(VALUE(MID(A60,FIND(" ",A60)+1,4)),MATCH(LEFT(A60,FIND(" ",A60)-1),{"Январь","Февраль","Март","Апрель","Май","Июнь","Июль","Август","Сентябрь","Октябрь","Ноябрь","Декабрь"},0),1) -> 43132 | C60: =TEXT(B60,"yyyy-mm-01") -> 2018-02-01 | D60: 4.9
A61: Март 2018 г. | B61: =DATE(VALUE(MID(A61,FIND(" ",A61)+1,4)),MATCH(LEFT(A61,FIND(" ",A61)-1),{"Январь","Февраль","Март","Апрель","Май","Июнь","Июль","Август","Сентябрь","Октябрь","Ноябрь","Декабрь"},0),1) -> 43160 | C61: =TEXT(B61,"yyyy-mm-01") -> 2018-03-01 | D61: 4.9
A62: Апрель 2018 г. | B62: =DATE(VALUE(MID(A62,FIND(" ",A62)+1,4)),MATCH(LEFT(A62,FIND(" ",A62)-1),{"Январь","Февраль","Март","Апрель","Май","Июнь","Июль","Август","Сентябрь","Октябрь","Ноябрь","Декабрь"},0),1) -> 43191 | C62: =TEXT(B62,"yyyy-mm-01") -> 2018-04-01 | D62: 4.9
A63: Май 2018 г. | B63: =DATE(VALUE(MID(A63,FIND(" ",A63)+1,4)),MATCH(LEFT(A63,FIND(" ",A63)-1),{"Январь","Февраль","Март","Апрель","Май","Июнь","Июль","Август","Сентябрь","Октябрь","Ноябрь","Декабрь"},0),1) -> 43221 | C63: =TEXT(B63,"yyyy-mm-01") -> 2018-05-01 | D63: 4.9
A64: Июнь 2018 г. | B64: =DATE(VALUE(MID(A64,FIND(" ",A64)+1,4)),MATCH(LEFT(A64,FIND(" ",A64)-1),{"Январь","Февраль","Март","Апрель","Май","Июнь","Июль","Август","Сентябрь","Октябрь","Ноябрь","Декабрь"},0),1) -> 43252 | C64: =TEXT(B64,"yyyy-mm-01") -> 2018-06-01 | D64: 4.9
A65: Июль 2018 г. | B65: =DATE(VALUE(MID(A65,FIND(" ",A65)+1,4)),MATCH(LEFT(A65,FIND(" ",A65)-1),{"Январь","Февраль","Март","Апрель","Май","Июнь","Июль","Август","Сентябрь","Октябрь","Ноябрь","Декабрь"},0),1) -> 43282 | C65: =TEXT(B65,"yyyy-mm-01") -> 2018-07-01 | D65: 4.8
... A85: Март 2020 г. | B85: =DATE(VALUE(MID(A85,FIND(" ",A85)+1,4)),MATCH(LEFT(A85,FIND(" ",A85)-1),{"Январь","Февраль","Март","Апрель","Май","Июнь","Июль","Август","Сентябрь","Октябрь","Ноябрь","Декабрь"},0),1) -> 43891 | C85: =TEXT(B85,"yyyy-mm-01") -> 2020-03-01 | D85: 4.8
A86: Апрель 2020 г. | B86: =DATE(VALUE(MID(A86,FIND(" ",A86)+1,4)),MATCH(LEFT(A86,FIND(" ",A86)-1),{"Январь","Февраль","Март","Апрель","Май","Июнь","Июль","Август","Сентябрь","Октябрь","Ноябрь","Декабрь"},0),1) -> 43922 | C86: =TEXT(B86,"yyyy-mm-01") -> 2020-04-01 | D86: =D85 -> 4.8
A87: Май 2020 г. | B87: =DATE(VALUE(MID(A87,FIND(" ",A87)+1,4)),MATCH(LEFT(A87,FIND(" ",A87)-1),{"Январь","Февраль","Март","Апрель","Май","Июнь","Июль","Август","Сентябрь","Октябрь","Ноябрь","Декабрь"},0),1) -> 43952 | C87: =TEXT(B87,"yyyy-mm-01") -> 2020-05-01 | D87: =D86 -> 4.8
A88: Июнь 2020 г. | B88: =DATE(VALUE(MID(A88,FIND(" ",A88)+1,4)),MATCH(LEFT(A88,FIND(" ",A88)-1),{"Январь","Февраль","Март","Апрель","Май","Июнь","Июль","Август","Сентябрь","Октябрь","Ноябрь","Декабрь"},0),1) -> 43983 | C88: =TEXT(B88,"yyyy-mm-01") -> 2020-06-01 | D88: =D87 -> 4.8
A89: Июль 2020 г. | B89: =DATE(VALUE(MID(A89,FIND(" ",A89)+1,4)),MATCH(LEFT(A89,FIND(" ",A89)-1),{"Январь","Февраль","Март","Апрель","Май","Июнь","Июль","Август","Сентябрь","Октябрь","Ноябрь","Декабрь"},0),1) -> 44013 | C89: =TEXT(B89,"yyyy-mm-01") -> 2020-07-01 | D89: =D88 -> 4.8
A90: Август 2020 г. | B90: =DATE(VALUE(MID(A90,FIND(" ",A90)+1,4)),MATCH(LEFT(A90,FIND(" ",A90)-1),{"Январь","Февраль","Март","Апрель","Май","Июнь","Июль","Август","Сентябрь","Октябрь","Ноябрь","Декабрь"},0),1) -> 44044 | C90: =TEXT(B90,"yyyy-mm-01") -> 2020-08-01 | D90: =D89 -> 4.8
A91: Сентябрь 2020 г. | B91: =DATE(VALUE(MID(A91,FIND(" ",A91)+1,4)),MATCH(LEFT(A91,FIND(" ",A91)-1),{"Январь","Февраль","Март","Апрель","Май","Июнь","Июль","Август","Сентябрь","Октябрь","Ноябрь","Декабрь"},0),1) -> 44075 | C91: =TEXT(B91,"yyyy-mm-01") -> 2020-09-01 | D91: =D90 -> 4.8
A92: Октябрь 2020 г. | B92: =DATE(VALUE(MID(A92,FIND(" ",A92)+1,4)),MATCH(LEFT(A92,FIND(" ",A92)-1),{"Январь","Февраль","Март","Апрель","Май","Июнь","Июль","Август","Сентябрь","Октябрь","Ноябрь","Декабрь"},0),1) -> 44105 | C92: =TEXT(B92,"yyyy-mm-01") -> 2020-10-01 | D92: =D91 -> 4.8
A93: Ноябрь 2020 г. | B93: =DATE(VALUE(MID(A93,FIND(" ",A93)+1,4)),MATCH(LEFT(A93,FIND(" ",A93)-1),{"Январь","Февраль","Март","Апрель","Май","Июнь","Июль","Август","Сентябрь","Октябрь","Ноябрь","Декабрь"},0),1) -> 44136 | C93: =TEXT(B93,"yyyy-mm-01") -> 2020-11-01 | D93: =D92 -> 4.8
A94: Декабрь 2020 г. | B94: =DATE(VALUE(MID(A94,FIND(" ",A94)+1,4)),MATCH(LEFT(A94,FIND(" ",A94)-1),{"Январь","Февраль","Март","Апрель","Май","Июнь","Июль","Август","Сентябрь","Октябрь","Ноябрь","Декабрь"},0),1) -> 44166 | C94: =TEXT(B94,"yyyy-mm-01") -> 2020-12-01 | D94: =D93 -> 4.8
A95: Январь 2021 г. | B95: =DATE(VALUE(MID(A95,FIND(" ",A95)+1,4)),MATCH(LEFT(A95,FIND(" ",A95)-1),{"Январь","Февраль","Март","Апрель","Май","Июнь","Июль","Август","Сентябрь","Октябрь","Ноябрь","Декабрь"},0),1) -> 44197 | C95: =TEXT(B95,"yyyy-mm-01") -> 2021-01-01 | D95: =D94 -> 4.8
A96: Февраль 2021 г. | B96: =DATE(VALUE(MID(A96,FIND(" ",A96)+1,4)),MATCH(LEFT(A96,FIND(" ",A96)-1),{"Январь","Февраль","Март","Апрель","Май","Июнь","Июль","Август","Сентябрь","Октябрь","Ноябрь","Декабрь"},0),1) -> 44228 | C96: =TEXT(B96,"yyyy-mm-01") -> 2021-02-01 | D96: =D95 -> 4.8
A97: Март 2021 г. | B97: =DATE(VALUE(MID(A97,FIND(" ",A97)+1,4)),MATCH(LEFT(A97,FIND(" ",A97)-1),{"Январь","Февраль","Март","Апрель","Май","Июнь","Июль","Август","Сентябрь","Октябрь","Ноябрь","Декабрь"},0),1) -> 44256 | C97: =TEXT(B97,"yyyy-mm-01") -> 2021-03-01 | D97: =D96 -> 4.8
... A100: Июнь 2021 г. | B100: =DATE(VALUE(MID(A100,FIND(" ",A100)+1,4)),MATCH(LEFT(A100,FIND(" ",A100)-1),{"Январь","Февраль","Март","Апрель","Май","Июнь","Июль","Август","Сентябрь","Октябрь","Ноябрь","Декабрь"},0),1) -> 44348 | C100: =TEXT(B100,"yyyy-mm-01") -> 2021-06-01 | D100: =D99 -> 4.8
A101: Июль 2021 г. | B101: =DATE(VALUE(MID(A101,FIND(" ",A101)+1,4)),MATCH(LEFT(A101,FIND(" ",A101)-1),{"Январь","Февраль","Март","Апрель","Май","Июнь","Июль","Август","Сентябрь","Октябрь","Ноябрь","Декабрь"},0),1) -> 44378 | C101: =TEXT(B101,"yyyy-mm-01") -> 2021-07-01 | D101: 4.9
A102: Август 2021 г. | B102: =DATE(VALUE(MID(A102,FIND(" ",A102)+1,4)),MATCH(LEFT(A102,FIND(" ",A102)-1),{"Январь","Февраль","Март","Апрель","Май","Июнь","Июль","Август","Сентябрь","Октябрь","Ноябрь","Декабрь"},0),1) -> 44409 | C102: =TEXT(B102,"yyyy-mm-01") -> 2021-08-01 | D102: 4.9
A103: Сентябрь 2021 г. | B103: =DATE(VALUE(MID(A103,FIND(" ",A103)+1,4)),MATCH(LEFT(A103,FIND(" ",A103)-1),{"Январь","Февраль","Март","Апрель","Май","Июнь","Июль","Август","Сентябрь","Октябрь","Ноябрь","Декабрь"},0),1) -> 44440 | C103: =TEXT(B103,"yyyy-mm-01") -> 2021-09-01 | D103: 4.9
A104: Октябрь 2021 г. | B104: =DATE(VALUE(MID(A104,FIND(" ",A104)+1,4)),MATCH(LEFT(A104,FIND(" ",A104)-1),{"Январь","Февраль","Март","Апрель","Май","Июнь","Июль","Август","Сентябрь","Октябрь","Ноябрь","Декабрь"},0),1) -> 44470 | C104: =TEXT(B104,"yyyy-mm-01") -> 2021-10-01 | D104: 4.9
A105: Ноябрь 2021 г. | B105: =DATE(VALUE(MID(A105,FIND(" ",A105)+1,4)),MATCH(LEFT(A105,FIND(" ",A105)-1),{"Январь","Февраль","Март","Апрель","Май","Июнь","Июль","Август","Сентябрь","Октябрь","Ноябрь","Декабрь"},0),1) -> 44501 | C105: =TEXT(B105,"yyyy-mm-01") -> 2021-11-01 | D105: 4.9
A106: Декабрь 2021 г. | B106: =DATE(VALUE(MID(A106,FIND(" ",A106)+1,4)),MATCH(LEFT(A106,FIND(" ",A106)-1),{"Январь","Февраль","Март","Апрель","Май","Июнь","Июль","Август","Сентябрь","Октябрь","Ноябрь","Декабрь"},0),1) -> 44531 | C106: =TEXT(B106,"yyyy-mm-01") -> 2021-12-01 | D106: =D105 -> 4.9
A107: Январь 2022 г. | B107: =DATE(VALUE(MID(A107,FIND(" ",A107)+1,4)),MATCH(LEFT(A107,FIND(" ",A107)-1),{"Январь","Февраль","Март","Апрель","Май","Июнь","Июль","Август","Сентябрь","Октябрь","Ноябрь","Декабрь"},0),1) -> 44562 | C107: =TEXT(B107,"yyyy-mm-01") -> 2022-01-01 | D107: =D106 -> 4.9
A108: Февраль 2022 г. | B108: =DATE(VALUE(MID(A108,FIND(" ",A108)+1,4)),MATCH(LEFT(A108,FIND(" ",A108)-1),{"Январь","Февраль","Март","Апрель","Май","Июнь","Июль","Август","Сентябрь","Октябрь","Ноябрь","Декабрь"},0),1) -> 44593 | C108: =TEXT(B108,"yyyy-mm-01") -> 2022-02-01 | D108: 4.9
A109: Март 2022 г. | B109: =DATE(VALUE(MID(A109,FIND(" ",A109)+1,4)),MATCH(LEFT(A109,FIND(" ",A109)-1),{"Январь","Февраль","Март","Апрель","Май","Июнь","Июль","Август","Сентябрь","Октябрь","Ноябрь","Декабрь"},0),1) -> 44621 | C109: =TEXT(B109,"yyyy-mm-01") -> 2022-03-01 | D109: =D108 -> 4.9
A110: Апрель 2022 г. | B110: =DATE(VALUE(MID(A110,FIND(" ",A110)+1,4)),MATCH(LEFT(A110,FIND(" ",A110)-1),{"Январь","Февраль","Март","Апрель","Май","Июнь","Июль","Август","Сентябрь","Октябрь","Ноябрь","Декабрь"},0),1) -> 44652 | C110: =TEXT(B110,"yyyy-mm-01") -> 2022-04-01 | D110: =D109 -> 4.9
A111: Май 2022 г. | B111: =DATE(VALUE(MID(A111,FIND(" ",A111)+1,4)),MATCH(LEFT(A111,FIND(" ",A111)-1),{"Январь","Февраль","Март","Апрель","Май","Июнь","Июль","Август","Сентябрь","Октябрь","Ноябрь","Декабрь"},0),1) -> 44682 | C111: =TEXT(B111,"yyyy-mm-01") -> 2022-05-01 | D111: =D110 -> 4.9
A112: Июнь 2022 г. | B112: =DATE(VALUE(MID(A112,FIND(" ",A112)+1,4)),MATCH(LEFT(A112,FIND(" ",A112)-1),{"Январь","Февраль","Март","Апрель","Май","Июнь","Июль","Август","Сентябрь","Октябрь","Ноябрь","Декабрь"},0),1) -> 44713 | C112: =TEXT(B112,"yyyy-mm-01") -> 2022-06-01 | D112: =D111 -> 4.9
A113: Июль 2022 г. | B113: =DATE(VALUE(MID(A113,FIND(" ",A113)+1,4)),MATCH(LEFT(A113,FIND(" ",A113)-1),{"Январь","Февраль","Март","Апрель","Май","Июнь","Июль","Август","Сентябрь","Октябрь","Ноябрь","Декабрь"},0),1) -> 44743 | C113: =TEXT(B113,"yyyy-mm-01") -> 2022-07-01 | D113: =D112 -> 4.9
A114: Август 2022 г. | B114: =DATE(VALUE(MID(A114,FIND(" ",A114)+1,4)),MATCH(LEFT(A114,FIND(" ",A114)-1),{"Январь","Февраль","Март","Апрель","Май","Июнь","Июль","Август","Сентябрь","Октябрь","Ноябрь","Декабрь"},0),1) -> 44774 | C114: =TEXT(B114,"yyyy-mm-01") -> 2022-08-01 | D114: =D113 -> 4.9
A115: Сентябрь 2022 г. | B115: =DATE(VALUE(MID(A115,FIND(" ",A115)+1,4)),MATCH(LEFT(A115,FIND(" ",A115)-1),{"Январь","Февраль","Март","Апрель","Май","Июнь","Июль","Август","Сентябрь","Октябрь","Ноябрь","Декабрь"},0),1) -> 44805 | C115: =TEXT(B115,"yyyy-mm-01") -> 2022-09-01 | D115: =D114 -> 4.9
A116: Октябрь 2022 г. | B116: =DATE(VALUE(MID(A116,FIND(" ",A116)+1,4)),MATCH(LEFT(A116,FIND(" ",A116)-1),{"Январь","Февраль","Март","Апрель","Май","Июнь","Июль","Август","Сентябрь","Октябрь","Ноябрь","Декабрь"},0),1) -> 44835 | C116: =TEXT(B116,"yyyy-mm-01") -> 2022-10-01 | D116: 4.9
A117: Ноябрь 2022 г. | B117: =DATE(VALUE(MID(A117,FIND(" ",A117)+1,4)),MATCH(LEFT(A117,FIND(" ",A117)-1),{"Январь","Февраль","Март","Апрель","Май","Июнь","Июль","Август","Сентябрь","Октябрь","Ноябрь","Декабрь"},0),1) -> 44866 | C117: =TEXT(B117,"yyyy-mm-01") -> 2022-11-01 | D117: 4.9
A118: Декабрь 2022 г. | B118: =DATE(VALUE(MID(A118,FIND(" ",A118)+1,4)),MATCH(LEFT(A118,FIND(" ",A118)-1),{"Январь","Февраль","Март","Апрель","Май","Июнь","Июль","Август","Сентябрь","Октябрь","Ноябрь","Декабрь"},0),1) -> 44896 | C118: =TEXT(B118,"yyyy-mm-01") -> 2022-12-01 | D118: 4.9
A119: Январь 2023 г. | B119: =DATE(VALUE(MID(A119,FIND(" ",A119)+1,4)),MATCH(LEFT(A119,FIND(" ",A119)-1),{"Январь","Февраль","Март","Апрель","Май","Июнь","Июль","Август","Сентябрь","Октябрь","Ноябрь","Декабрь"},0),1) -> 44927 | C119: =TEXT(B119,"yyyy-mm-01") -> 2023-01-01 | D119: 4.8
A120: Февраль 2023 г. | B120: =DATE(VALUE(MID(A120,FIND(" ",A120)+1,4)),MATCH(LEFT(A120,FIND(" ",A120)-1),{"Январь","Февраль","Март","Апрель","Май","Июнь","Июль","Август","Сентябрь","Октябрь","Ноябрь","Декабрь"},0),1) -> 44958 | C120: =TEXT(B120,"yyyy-mm-01") -> 2023-02-01 | D120: 4.8
A121: Март 2023 г. | B121: =DATE(VALUE(MID(A121,FIND(" ",A121)+1,4)),MATCH(LEFT(A121,FIND(" ",A121)-1),{"Январь","Февраль","Март","Апрель","Май","Июнь","Июль","Август","Сентябрь","Октябрь","Ноябрь","Декабрь"},0),1) -> 44986 | C121: =TEXT(B121,"yyyy-mm-01") -> 2023-03-01 | D121: 4.8
A122: Апрель 2023 г. | B122: =DATE(VALUE(MID(A122,FIND(" ",A122)+1,4)),MATCH(LEFT(A122,FIND(" ",A122)-1),{"Январь","Февраль","Март","Апрель","Май","Июнь","Июль","Август","Сентябрь","Октябрь","Ноябрь","Декабрь"},0),1) -> 45017 | C122: =TEXT(B122,"yyyy-mm-01") -> 2023-04-01 | D122: 4.7
A123: Май 2023 г. | B123: =DATE(VALUE(MID(A123,FIND(" ",A123)+1,4)),MATCH(LEFT(A123,FIND(" ",A123)-1),{"Январь","Февраль","Март","Апрель","Май","Июнь","Июль","Август","Сентябрь","Октябрь","Ноябрь","Декабрь"},0),1) -> 45047 | C123: =TEXT(B123,"yyyy-mm-01") -> 2023-05-01 | D123: 4.7
A124: Июнь 2023 г. | B124: =DATE(VALUE(MID(A124,FIND(" ",A124)+1,4)),MATCH(LEFT(A124,FIND(" ",A124)-1),{"Январь","Февраль","Март","Апрель","Май","Июнь","Июль","Август","Сентябрь","Октябрь","Ноябрь","Декабрь"},0),1) -> 45078 | C124: =TEXT(B124,"yyyy-mm-01") -> 2023-06-01 | D124: 4.7
A125: Июль 2023 г. | B125: =DATE(VALUE(MID(A125,FIND(" ",A125)+1,4)),MATCH(LEFT(A125,FIND(" ",A125)-1),{"Январь","Февраль","Март","Апрель","Май","Июнь","Июль","Август","Сентябрь","Октябрь","Ноябрь","Декабрь"},0),1) -> 45108 | C125: =TEXT(B125,"yyyy-mm-01") -> 2023-07-01 | D125: 4.7
...

Sheet Final Cleaned
A1: date | B1: kz_unemp_m
A2: ='Final Clean'!C2 -> 2013-04-01 | B2: ='Final Clean'!D2 -> 5.3
A3: ='Final Clean'!C3 -> 2013-05-01 | B3: ='Final Clean'!D3 -> 5.3
A4: ='Final Clean'!C4 -> 2013-06-01 | B4: ='Final Clean'!D4 -> 5.2
A5: ='Final Clean'!C5 -> 2013-07-01 | B5: ='Final Clean'!D5 -> 5.2
A6: ='Final Clean'!C6 -> 2013-08-01 | B6: ='Final Clean'!D6 -> 5.2
A7: ='Final Clean'!C7 -> 2013-09-01 | B7: ='Final Clean'!D7 -> 5.2
A8: ='Final Clean'!C8 -> 2013-10-01 | B8: ='Final Clean'!D8 -> 5.2
A9: ='Final Clean'!C9 -> 2013-11-01 | B9: ='Final Clean'!D9 -> 5.2
A10: ='Final Clean'!C10 -> 2013-12-01 | B10: ='Final Clean'!D10 -> 5.2
A11: ='Final Clean'!C11 -> 2014-01-01 | B11: ='Final Clean'!D11 -> 5.2
A12: ='Final Clean'!C12 -> 2014-02-01 | B12: ='Final Clean'!D12 -> 5.2
A13: ='Final Clean'!C13 -> 2014-03-01 | B13: ='Final Clean'!D13 -> 5.2
... A158: ='Final Clean'!C158 -> 2026-04-01 | B158: ='Final Clean'!D158 -> 4.5
