Workbook

Sheet RC
A1: DT | B1: ruo | C1: vol | D1: T | E1: C | F1: MinRate | G1: Percentile25 | H1: Percentile75 | I1: MaxRate | J1: StatusXML | K1: DateUpdate
A2: 46247 | B2: 13.98 | C2: 677.71 | D2: 63 | E2: 21 | F2: 12.8 | G2: 13.75 | H2: 14 | I2: 14.15 | J2: 0 | K2: 46248.596
A3: 46246 | B3: 13.87 | C3: 688 | D3: 63 | E3: 20 | F3: 12.8 | G3: 13.6 | H3: 13.95 | I3: 14 | J3: 0 | K3: 46247.597
A4: 46245 | B4: 13.59 | C4: 857.05 | D4: 77 | E4: 22 | F4: 12.8 | G4: 13.4 | H4: 13.65 | I4: 13.9 | J4: 0 | K4: 46246.595
A5: 46244 | B5: 13.57 | C5: 724.74 | D5: 67 | E5: 24 | F5: 12.8 | G5: 13.4 | H5: 13.6 | I5: 13.7 | J5: 0 | K5: 46245.597
A6: 46241 | B6: 13.71 | C6: 646.82 | D6: 62 | E6: 24 | F6: 12.8 | G6: 13.4 | H6: 13.75 | I6: 13.9 | J6: 0 | K6: 46244.597
A7: 46240 | B7: 13.57 | C7: 811.83 | D7: 72 | E7: 23 | F7: 12.8 | G7: 13.4 | H7: 13.6 | I7: 13.75 | J7: 0 | K7: 46241.596
A8: 46239 | B8: 13.68 | C8: 826.11 | D8: 75 | E8: 21 | F8: 13.4 | G8: 13.57 | H8: 13.75 | I8: 13.9 | J8: 0 | K8: 46240.595
A9: 46238 | B9: 13.84 | C9: 823.9 | D9: 72 | E9: 20 | F9: 13.4 | G9: 13.61 | H9: 13.85 | I9: 14 | J9: 0 | K9: 46239.6
A10: 46237 | B10: 13.86 | C10: 892.28 | D10: 72 | E10: 20 | F10: 13.5 | G10: 13.7 | H10: 13.9 | I10: 14.1 | J10: 0 | K10: 46238.598
A11: 46234 | B11: 13.95 | C11: 619.1 | D11: 65 | E11: 19 | F11: 13.69 | G11: 13.75 | H11: 14 | I11: 14.15 | J11: 0 | K11: 46237.601
A12: 46233 | B12: 13.99 | C12: 694.28 | D12: 63 | E12: 23 | F12: 13.25 | G12: 13.75 | H12: 14 | I12: 14.1 | J12: 0 | K12: 46234.596
A13: 46232 | B13: 13.9 | C13: 739.15 | D13: 71 | E13: 24 | F13: 13.25 | G13: 13.7 | H13: 13.98 | I13: 14.15 | J13: 0 | K13: 46233.597
... A579: 45392 | B579: 15.61 | C579: 400.84 | D579: 47 | E579: 21 | F579: 15.1 | G579: 15.43 | H579: 15.75 | I579: 16.35 | J579: 0 | K579: 45393.588
A580: 45391 | B580: 15.9 | J580: 1 | K580: 45392.589
A581: 45390 | B581: 15.86 | C581: 794.59 | D581: 64 | E581: 22 | F581: 15.05 | G581: 15.54 | H581: 15.85 | I581: 16.15 | J581: 0 | K581: 45391.588
A582: 45387 | B582: 15.72 | C582: 789.86 | D582: 68 | E582: 24 | F582: 15.1 | G582: 15.5 | H582: 15.75 | I582: 16.25 | J582: 0 | K582: 45390.589
A583: 45386 | B583: 15.67 | C583: 909.18 | D583: 75 | E583: 23 | F583: 15.05 | G583: 15.21 | H583: 15.74 | I583: 16.25 | J583: 0 | K583: 45387.589
A584: 45385 | B584: 15.7 | C584: 628.75 | D584: 86 | E584: 25 | F584: 15.05 | G584: 15.3 | H584: 15.85 | I584: 16.25 | J584: 0 | K584: 45386.589
A585: 45384 | B585: 15.49 | C585: 438.68 | D585: 60 | E585: 25 | F585: 15.05 | G585: 15.29 | H585: 15.8 | I585: 16.25 | J585: 0 | K585: 45385.589
A586: 45383 | B586: 15.63 | C586: 438.09 | D586: 62 | E586: 23 | F586: 15.1 | G586: 15.5 | H586: 15.75 | I586: 16.3 | J586: 0 | K586: 45384.589
A587: 45380 | B587: 15.99 | C587: 526.63 | D587: 75 | E587: 18 | F587: 15.1 | G587: 15.71 | H587: 16.25 | I587: 17.1 | J587: 0 | K587: 45383.587
A588: 45379 | B588: 15.42 | C588: 362.04 | D588: 48 | E588: 23 | F588: 15.07 | G588: 15.35 | H588: 15.75 | I588: 16.1 | J588: 0 | K588: 45380.588
A589: 45378 | B589: 15.25 | C589: 359.69 | D589: 37 | E589: 19 | F589: 15.05 | G589: 15.25 | H589: 15.4 | I589: 15.75 | J589: 0 | K589: 45379.59
A590: 45377 | B590: 15.5 | C590: 296 | D590: 29 | E590: 16 | F590: 15.15 | G590: 15.5 | H590: 15.5 | I590: 16.45 | J590: 0 | K590: 45378.589
A591: 45376 | B591: 15.29 | C591: 318.3 | D591: 39 | E591: 18 | F591: 15.1 | G591: 15.25 | H591: 15.35 | I591: 15.5 | J591: 0 | K591: 45377.589
A592: 45373 | B592: 15.35 | C592: 299.3 | D592: 38 | E592: 18 | F592: 15.1 | G592: 15.25 | H592: 15.5 | I592: 15.75 | J592: 0 | K592: 45376.589
A593: 45372 | B593: 15.54 | J593: 1 | K593: 45373.59
A594: 45371 | B594: 15.7 | C594: 406.5 | D594: 48 | E594: 18 | F594: 15.1 | G594: 15.48 | H594: 15.75 | I594: 15.9 | J594: 0 | K594: 45372.595
A595: 45370 | B595: 15.68 | C595: 500.96 | D595: 59 | E595: 20 | F595: 15.1 | G595: 15.36 | H595: 15.75 | I595: 16 | J595: 0 | K595: 45371.589
A596: 45369 | B596: 15.72 | C596: 582.16 | D596: 63 | E596: 23 | F596: 15.1 | G596: 15.4 | H596: 15.75 | I596: 16 | J596: 0 | K596: 45370.59
A597: 45366 | B597: 15.74 | C597: 546.82 | D597: 63 | E597: 23 | F597: 15.15 | G597: 15.5 | H597: 15.75 | I597: 15.9 | J597: 0 | K597: 45369.59
A598: 45365 | B598: 15.75 | C598: 478.58 | D598: 57 | E598: 20 | F598: 15.1 | G598: 15.7 | H598: 15.75 | I598: 16 | J598: 0 | K598: 45366.588
A599: 45364 | B599: 15.75 | C599: 397.9 | D599: 47 | E599: 20 | F599: 15.1 | G599: 15.54 | H599: 15.75 | I599: 15.8 | J599: 0 | K599: 45365.589
A600: 45363 | B600: 16 | C600: 509.82 | D600: 55 | E600: 17 | F600: 15.45 | G600: 15.75 | H600: 16 | I600: 16.25 | J600: 0 | K600: 45364.692
A601: 45362 | B601: 15.89 | C601: 469.48 | D601: 54 | E601: 22 | F601: 15.1 | G601: 15.75 | H601: 16 | I601: 16.45 | J601: 0 | K601: 45363.589
A602: 45358 | B602: 15.67 | C602: 438.39 | D602: 55 | E602: 23 | F602: 15.05 | G602: 15.5 | H602: 16 | I602: 16.3 | J602: 0 | K602: 45362.589
A603: 45357 | B603: 15.4 | C603: 296.31 | D603: 41 | E603: 17 | F603: 15.25 | G603: 15.33 | H603: 15.5 | I603: 16 | J603: 0 | K603: 45358.589
A604: 45356 | B604: 15.34 | C604: 503.14 | D604: 58 | E604: 21 | F604: 15 | G604: 15.15 | H604: 15.4 | I604: 15.55 | J604: 0 | K604: 45357.59
A605: 45355 | B605: 15.46 | C605: 609.11 | D605: 62 | E605: 19 | F605: 15.1 | G605: 15.25 | H605: 15.5 | I605: 15.55 | J605: 0 | K605: 45356.592
... A937: 44858 | B937: 7.69 | C937: 374.7 | D937: 60 | E937: 21 | F937: 6.65 | G937: 7.5 | H937: 7.75 | I937: 8 | J937: 0 | K937: 44859.611
A938: 44855 | B938: 7.72 | J938: 1 | K938: 44858.613
A939: 44854 | B939: 7.71 | C939: 301.15 | D939: 48 | E939: 20 | F939: 6.65 | G939: 7.5 | H939: 7.75 | I939: 7.75 | J939: 0 | K939: 44855.613
A940: 44853 | B940: 7.65 | C940: 244.2 | D940: 46 | E940: 19 | F940: 6.65 | G940: 7.5 | H940: 7.75 | I940: 7.9 | J940: 0 | K940: 44854.611
A941: 44852 | B941: 7.63 | C941: 115.2 | D941: 24 | E941: 18 | F941: 6.65 | G941: 7.54 | H941: 7.75 | I941: 7.75 | J941: 0 | K941: 44853.613
A942: 44851 | B942: 7.56 | C942: 56.2 | D942: 14 | E942: 14 | F942: 6.65 | G942: 7.5 | H942: 7.7 | I942: 7.75 | J942: 0 | K942: 44852.609
A943: 44848 | B943: 7.6 | C943: 115.2 | D943: 22 | E943: 17 | F943: 6.65 | G943: 7.5 | H943: 7.75 | I943: 7.85 | J943: 0 | K943: 44851.612
A944: 44847 | B944: 7.65 | C944: 191.2 | D944: 33 | E944: 16 | F944: 7.4 | G944: 7.5 | H944: 7.75 | I944: 7.85 | J944: 0 | K944: 44848.61
A945: 44846 | B945: 7.62 | C945: 121.1 | D945: 22 | E945: 14 | F945: 6.65 | G945: 7.5 | H945: 7.75 | I945: 7.85 | J945: 0 | K945: 44847.607
A946: 44845 | B946: 7.55 | C946: 204.05 | D946: 38 | E946: 16 | F946: 6.65 | G946: 7.5 | H946: 7.6 | I946: 8 | J946: 0 | K946: 44846.612
A947: 44844 | B947: 7.62 | C947: 175.1 | D947: 31 | E947: 17 | F947: 6.65 | G947: 7.5 | H947: 7.75 | I947: 8 | J947: 0 | K947: 44845.614
A948: 44841 | B948: 7.97 | C948: 318.55 | D948: 45 | E948: 17 | F948: 6.65 | G948: 7.75 | H948: 8 | I948: 8.15 | J948: 0 | K948: 44844.611
A949: 44840 | B949: 7.95 | C949: 240.54 | D949: 37 | E949: 17 | F949: 6.65 | G949: 7.75 | H949: 8 | I949: 8.1 | J949: 0 | K949: 44841.609
A950: 44839 | B950: 7.9 | C950: 178.5 | D950: 28 | E950: 18 | F950: 6.65 | G950: 7.75 | H950: 8 | I950: 8.2 | J950: 0 | K950: 44840.612
... A1036: 44718 | B1036: 10.38 | C1036: 91.51 | D1036: 18 | E1036: 15 | F1036: 9 | G1036: 10.35 | H1036: 10.4 | I1036: 10.5 | J1036: 0 | K1036: 44719.592
A1037: 44715 | B1037: 10.64 | J1037: 1 | K1037: 44718.625
A1038: 44714 | B1038: 10.64 | C1038: 179.08 | D1038: 29 | E1038: 19 | F1038: 9 | G1038: 10.55 | H1038: 10.65 | I1038: 10.7 | J1038: 0 | K1038: 44715.595
A1039: 44713 | B1039: 10.65 | C1039: 168.38 | D1039: 24 | E1039: 18 | F1039: 9 | G1039: 10.58 | H1039: 10.7 | I1039: 10.8 | J1039: 0 | K1039: 44714.609
A1040: 44712 | B1040: 10.75 | C1040: 129.58 | D1040: 21 | E1040: 16 | F1040: 9 | G1040: 10.7 | H1040: 10.75 | I1040: 10.9 | J1040: 0 | K1040: 44713.604
A1041: 44711 | B1041: 10.7 | C1041: 91.08 | D1041: 18 | E1041: 13 | F1041: 9 | G1041: 10.6 | H1041: 10.75 | I1041: 10.8 | J1041: 0 | K1041: 44712.596
A1042: 44708 | B1042: 10.65 | C1042: 106.88 | D1042: 22 | E1042: 14 | F1042: 9 | G1042: 10.55 | H1042: 10.75 | I1042: 10.75 | J1042: 0 | K1042: 44711.592
A1043: 44707 | B1043: 13.34 | C1043: 121.58 | D1043: 22 | E1043: 14 | F1043: 12 | G1043: 13.25 | H1043: 13.5 | I1043: 13.5 | J1043: 0 | K1043: 44708.605
A1044: 44706 | B1044: 13.54 | C1044: 164.88 | D1044: 29 | E1044: 16 | F1044: 12 | G1044: 13.4 | H1044: 13.6 | I1044: 14.25 | J1044: 0 | K1044: 44707.615
A1045: 44705 | B1045: 13.5 | C1045: 69.58 | D1045: 14 | E1045: 16 | F1045: 12 | G1045: 13.5 | H1045: 13.5 | I1045: 13.6 | J1045: 0 | K1045: 44706.598
A1046: 44704 | B1046: 13.66 | C1046: 205.98 | D1046: 24 | E1046: 16 | F1046: 12 | G1046: 13.5 | H1046: 13.8 | I1046: 13.8 | J1046: 0 | K1046: 44705.596
A1047: 44701 | B1047: 13.68 | C1047: 171.18 | D1047: 31 | E1047: 15 | F1047: 11 | G1047: 13.5 | H1047: 13.9 | I1047: 13.9 | J1047: 0 | K1047: 44704.595
A1048: 44700 | B1048: 13.89 | C1048: 165 | D1048: 27 | E1048: 12 | F1048: 13.25 | G1048: 13.75 | H1048: 13.9 | I1048: 13.9 | J1048: 0 | K1048: 44701.592
A1049: 44699 | B1049: 13.96 | C1049: 144.5 | D1049: 27 | E1049: 15 | F1049: 10.75 | G1049: 13.68 | H1049: 14.3 | I1049: 14.3 | J1049: 0 | K1049: 44700.604
... A1068: 44666 | B1068: 16.25 | C1068: 156 | D1068: 21 | E1068: 14 | F1068: 14.5 | G1068: 16.1 | H1068: 16.25 | I1068: 16.3 | J1068: 0 | K1068: 44669.592
A1069: 44665 | B1069: 16.25 | J1069: 1 | K1069: 44666.593
A1070: 44664 | B1070: 16.25 | C1070: 279 | D1070: 25 | E1070: 15 | F1070: 14.5 | G1070: 16.1 | H1070: 16.25 | I1070: 16.25 | J1070: 0 | K1070: 44665.591
A1071: 44663 | B1071: 16.31 | C1071: 63 | D1071: 10 | E1071: 11 | F1071: 16 | G1071: 16.2 | H1071: 16.4 | I1071: 17 | J1071: 0 | K1071: 44664.589
A1072: 44662 | B1072: 16.28 | C1072: 106 | D1072: 23 | E1072: 16 | F1072: 14 | G1072: 16.14 | H1072: 16.3 | I1072: 16.55 | J1072: 0 | K1072: 44663.588
A1073: 44659 | B1073: 19.24 | C1073: 78 | D1073: 15 | E1073: 13 | F1073: 18 | G1073: 19.11 | H1073: 19.29 | I1073: 19.6 | J1073: 0 | K1073: 44662.593
A1074: 44658 | B1074: 19.25 | C1074: 110.5 | D1074: 20 | E1074: 15 | F1074: 18.25 | G1074: 19.25 | H1074: 19.26 | I1074: 19.55 | J1074: 0 | K1074: 44659.601
A1075: 44657 | B1075: 19.24 | C1075: 91 | D1075: 16 | E1075: 11 | F1075: 17.5 | G1075: 19.1 | H1075: 19.25 | I1075: 19.25 | J1075: 0 | K1075: 44658.598
A1076: 44656 | B1076: 19.05 | J1076: 1 | K1076: 44657.601
A1077: 44655 | B1077: 19.08 | J1077: 1 | K1077: 44656.607
A1078: 44652 | B1078: 19.25 | J1078: 1 | K1078: 44655.603
A1079: 44651 | B1079: 19.25 | C1079: 207 | D1079: 19 | E1079: 10 | F1079: 19.1 | G1079: 19.25 | H1079: 19.25 | I1079: 19.25 | J1079: 0 | K1079: 44652.597
A1080: 44650 | B1080: 19.4 | C1080: 273.6 | D1080: 30 | E1080: 11 | F1080: 19.1 | G1080: 19.3 | H1080: 19.5 | I1080: 19.6 | J1080: 0 | K1080: 44651.607
A1081: 44649 | B1081: 19.3 | C1081: 124.6 | D1081: 14 | E1081: 8 | F1081: 18 | G1081: 19.25 | H1081: 19.3 | I1081: 19.5 | J1081: 0 | K1081: 44650.612
A1082: 44648 | B1082: 19.49 | C1082: 137.6 | D1082: 20 | E1082: 11 | F1082: 18.5 | G1082: 19.44 | H1082: 19.56 | I1082: 20.15 | J1082: 0 | K1082: 44649.609
A1083: 44645 | B1083: 19.53 | C1083: 230.6 | D1083: 24 | E1083: 11 | F1083: 18 | G1083: 19.5 | H1083: 19.6 | I1083: 20.2 | J1083: 0 | K1083: 44648.612
A1084: 44644 | B1084: 19.52 | C1084: 275.6 | D1084: 27 | E1084: 10 | F1084: 19.1 | G1084: 19.5 | H1084: 19.5 | I1084: 19.75 | J1084: 0 | K1084: 44645.61
A1085: 44643 | B1085: 19.5 | C1085: 185.6 | D1085: 24 | E1085: 11 | F1085: 18 | G1085: 19.5 | H1085: 19.5 | I1085: 20.5 | J1085: 0 | K1085: 44644.591
A1086: 44642 | B1086: 19.5 | C1086: 205.5 | D1086: 29 | E1086: 13 | F1086: 17 | G1086: 19.5 | H1086: 19.5 | I1086: 21 | J1086: 0 | K1086: 44643.598
A1087: 44641 | B1087: 19.67 | J1087: 1 | K1087: 44642.593
A1088: 44638 | B1088: 19.83 | C1088: 149.6 | D1088: 25 | E1088: 10 | F1088: 18 | G1088: 19.75 | H1088: 21 | I1088: 21 | J1088: 0 | K1088: 44641.594
A1089: 44637 | B1089: 20 | C1089: 104.1 | D1089: 18 | E1089: 11 | F1089: 18 | G1089: 20 | H1089: 21 | I1089: 21 | J1089: 0 | K1089: 44638.593
A1090: 44636 | B1090: 20.02 | C1090: 147.5 | D1090: 16 | E1090: 10 | F1090: 19.5 | G1090: 20 | H1090: 20.33 | I1090: 21 | J1090: 0 | K1090: 44637.594
A1091: 44635 | B1091: 20.34 | C1091: 105.5 | D1091: 10 | E1091: 7 | F1091: 20 | G1091: 20.4 | H1091: 21 | I1091: 21 | J1091: 0 | K1091: 44636.602
A1092: 44634 | B1092: 20.41 | C1092: 111.5 | D1092: 12 | E1092: 10 | F1092: 20 | G1092: 20.38 | H1092: 22 | I1092: 22 | J1092: 0 | K1092: 44635.597
A1093: 44631 | B1093: 20.52 | C1093: 105.5 | D1093: 15 | E1093: 8 | F1093: 20 | G1093: 20.5 | H1093: 22 | I1093: 23 | J1093: 0 | K1093: 44634.594
A1094: 44630 | B1094: 21.21 | C1094: 75.6 | D1094: 13 | E1094: 9 | F1094: 20.1 | G1094: 20.5 | H1094: 22 | I1094: 23 | J1094: 0 | K1094: 44631.593
A1095: 44629 | B1095: 20.39 | J1095: 1 | K1095: 44630.607
A1096: 44625 | B1096: 20.44 | J1096: 1 | K1096: 44629.625
A1097: 44624 | B1097: 20.59 | J1097: 1 | K1097: 44625.604
A1098: 44623 | B1098: 20.29 | C1098: 57 | D1098: 8 | E1098: 6 | F1098: 20 | G1098: 20 | H1098: 22 | I1098: 22 | J1098: 0 | K1098: 44624.602
A1099: 44622 | B1099: 21.01 | C1099: 67.5 | D1099: 14 | E1099: 10 | F1099: 20 | G1099: 20.5 | H1099: 22 | I1099: 23 | J1099: 0 | K1099: 44623.594
...

Sheet TRANSFORM
A1: DATE | B1: MONTHS | C1: RUONIA_AVERAGE | D1: RUONIA
A2: ='RC'!A2 -> 46247 | B2: =TEXT(A2,"yyyy-mm-01") -> 2026-08-01 | C2: =AVERAGEIF(B:B,B2,D:D) -> 13.741111 | D2: ='RC'!B2 -> 13.98
A3: ='RC'!A3 -> 46246 | B3: =TEXT(A3,"yyyy-mm-01") -> 2026-08-01 | C3: =AVERAGEIF(B:B,B3,D:D) -> 13.741111 | D3: ='RC'!B3 -> 13.87
A4: ='RC'!A4 -> 46245 | B4: =TEXT(A4,"yyyy-mm-01") -> 2026-08-01 | C4: =AVERAGEIF(B:B,B4,D:D) -> 13.741111 | D4: ='RC'!B4 -> 13.59
A5: ='RC'!A5 -> 46244 | B5: =TEXT(A5,"yyyy-mm-01") -> 2026-08-01 | C5: =AVERAGEIF(B:B,B5,D:D) -> 13.741111 | D5: ='RC'!B5 -> 13.57
A6: ='RC'!A6 -> 46241 | B6: =TEXT(A6,"yyyy-mm-01") -> 2026-08-01 | C6: =AVERAGEIF(B:B,B6,D:D) -> 13.741111 | D6: ='RC'!B6 -> 13.71
A7: ='RC'!A7 -> 46240 | B7: =TEXT(A7,"yyyy-mm-01") -> 2026-08-01 | C7: =AVERAGEIF(B:B,B7,D:D) -> 13.741111 | D7: ='RC'!B7 -> 13.57
A8: ='RC'!A8 -> 46239 | B8: =TEXT(A8,"yyyy-mm-01") -> 2026-08-01 | C8: =AVERAGEIF(B:B,B8,D:D) -> 13.741111 | D8: ='RC'!B8 -> 13.68
A9: ='RC'!A9 -> 46238 | B9: =TEXT(A9,"yyyy-mm-01") -> 2026-08-01 | C9: =AVERAGEIF(B:B,B9,D:D) -> 13.741111 | D9: ='RC'!B9 -> 13.84
A10: ='RC'!A10 -> 46237 | B10: =TEXT(A10,"yyyy-mm-01") -> 2026-08-01 | C10: =AVERAGEIF(B:B,B10,D:D) -> 13.741111 | D10: ='RC'!B10 -> 13.86
A11: ='RC'!A11 -> 46234 | B11: =TEXT(A11,"yyyy-mm-01") -> 2026-07-01 | C11: =AVERAGEIF(B:B,B11,D:D) -> 14.282609 | D11: ='RC'!B11 -> 13.95
A12: ='RC'!A12 -> 46233 | B12: =TEXT(A12,"yyyy-mm-01") -> 2026-07-01 | C12: =AVERAGEIF(B:B,B12,D:D) -> 14.282609 | D12: ='RC'!B12 -> 13.99
A13: ='RC'!A13 -> 46232 | B13: =TEXT(A13,"yyyy-mm-01") -> 2026-07-01 | C13: =AVERAGEIF(B:B,B13,D:D) -> 14.282609 | D13: ='RC'!B13 -> 13.9
... A3947: ='RC'!A3947 -> 40392 | B3947: =TEXT(A3947,"yyyy-mm-01") -> 2010-08-01 | C3947: =AVERAGEIF(B:B,B3947,D:D) -> 2.54 | D3947: ='RC'!B3947 -> 2.22

Sheet Final Cleaned
A1: date | B1: ru_ruonia_m
A2: {=_xlfn.UNIQUE(TRANSFORM!B2:C3947)} -> 2026-08-01 | B2: 13.741111
A3: 2026-07-01 | B3: 14.282609
A4: 2026-06-01 | B4: 14.031429
A5: 2026-05-01 | B5: 14.170526
A6: 2026-04-01 | B6: 14.638636
A7: 2026-03-01 | B7: 14.974762
A8: 2026-02-01 | B8: 15.325263
A9: 2026-01-01 | B9: 15.692667
A10: 2025-12-01 | B10: 16.04
A11: 2025-11-01 | B11: 16.323684
A12: 2025-10-01 | B12: 16.494783
A13: 2025-09-01 | B13: 17.198636
A14: 2025-08-01 | B14: 17.733333
... A194: 2010-08-01 | B194: 2.54
