Workbook

Sheet 2013-2018
A1: /data/@id | B1: /data/metadata/columns/column/@bytes | C1: /data/metadata/columns/column/@max_size | D1: /data/metadata/columns/column/@name | E1: /data/metadata/columns/column/@type | F1: /data/rows/row/@BOARDID | G1: /data/rows/row/@CAPITALIZATION | H1: /data/rows/row/@CLOSE | I1: /data/rows/row/@CURRENCYID | J1: /data/rows/row/@DECIMALS | K1: /data/rows/row/@DIVISOR | L1: /data/rows/row/@DURATION | M1: /data/rows/row/@HIGH | N1: /data/rows/row/@LOW | O1: /data/rows/row/@NAME | P1: /data/rows/row/@OPEN | Q1: /data/rows/row/@RECALC_DATE | R1: /data/rows/row/@SECID | S1: /data/rows/row/@SHORTNAME | T1: /data/rows/row/@TRADE_SESSION_DATE | U1: /data/rows/row/@TRADEDATE | V1: /data/rows/row/@TRADINGSESSION | W1: /data/rows/row/@VALUE | X1: /data/rows/row/@VOLUME | Y1: /data/rows/row/@YIELD
A2: history | B2: 12 | C2: 0 | D2: BOARDID | E2: string
A3: history | B3: 36 | C3: 0 | D3: SECID | E3: string
A4: history | B4: 10 | C4: 0 | D4: TRADEDATE | E4: date
A5: history | B5: 189 | C5: 0 | D5: SHORTNAME | E5: string
A6: history | B6: 765 | C6: 0 | D6: NAME | E6: string
A7: history | D7: CLOSE | E7: double
A8: history | D8: OPEN | E8: double
A9: history | D9: HIGH | E9: double
A10: history | D10: LOW | E10: double
A11: history | D11: VALUE | E11: double
A12: history | D12: DURATION | E12: int32
A13: history | D13: YIELD | E13: double
A14: history | D14: DECIMALS | E14: int32
A15: history | D15: CAPITALIZATION | E15: double
A16: history | B16: 9 | C16: 0 | D16: CURRENCYID | E16: string
A17: history | D17: DIVISOR | E17: double
A18: history | B18: 3 | C18: 0 | D18: TRADINGSESSION | E18: string
A19: history | D19: VOLUME | E19: double
A20: history | B20: 10 | C20: 0 | D20: TRADE_SESSION_DATE | E20: date
A21: history | B21: 10 | C21: 0 | D21: RECALC_DATE | E21: date
A22: history | F22: SNDX | G22: 715338000000 | H22: 224.55 | I22: RUB | J22: 2 | L22: 856 | M22: 224.6 | N22: 224.54 | O22: Индекс Мосбиржи корпоративных облигаций | P22: 224.6 | R22: RUCBITR | S22: Индекс Мосбиржи корп обл CBITR | T22: 41282 | U22: 41282 | V22: 3 | W22: 784691 | Y22: 8.63
A23: history | F23: SNDX | G23: 715389000000 | H23: 224.57 | I23: RUB | J23: 2 | L23: 855 | M23: 224.61 | N23: 224.55 | O23: Индекс Мосбиржи корпоративных облигаций | P23: 224.55 | R23: RUCBITR | S23: Индекс Мосбиржи корп обл CBITR | T23: 41283 | U23: 41283 | V23: 3 | W23: 7721771992 | Y23: 8.64
A24: history | F24: SNDX | G24: 715402000000 | H24: 224.71 | I24: RUB | J24: 2 | L24: 854 | M24: 224.77 | N24: 224.6 | O24: Индекс Мосбиржи корпоративных облигаций | P24: 224.63 | R24: RUCBITR | S24: Индекс Мосбиржи корп обл CBITR | T24: 41284 | U24: 41284 | V24: 3 | W24: 2202431535 | Y24: 8.63
A25: history | F25: SNDX | G25: 716326000000 | H25: 225 | I25: RUB | J25: 2 | L25: 854 | M25: 225 | N25: 224.74 | O25: Индекс Мосбиржи корпоративных облигаций | P25: 224.76 | R25: RUCBITR | S25: Индекс Мосбиржи корп обл CBITR | T25: 41285 | U25: 41285 | V25: 3 | W25: 1384848720 | Y25: 8.57
A26: history | F26: SNDX | G26: 717339000000 | H26: 225.32 | I26: RUB | J26: 2 | L26: 851 | M26: 225.33 | N26: 225.16 | O26: Индекс Мосбиржи корпоративных облигаций | P26: 225.16 | R26: RUCBITR | S26: Индекс Мосбиржи корп обл CBITR | T26: 41288 | U26: 41288 | V26: 3 | W26: 3523676317 | Y26: 8.54
A27: history | F27: SNDX | G27: 717484000000 | H27: 225.41 | I27: RUB | J27: 2 | L27: 850 | M27: 225.43 | N27: 225.32 | O27: Индекс Мосбиржи корпоративных облигаций | P27: 225.32 | R27: RUCBITR | S27: Индекс Мосбиржи корп обл CBITR | T27: 41289 | U27: 41289 | V27: 3 | W27: 14041423077 | Y27: 8.53
A28: history | F28: SNDX | G28: 718187000000 | H28: 225.63 | I28: RUB | J28: 2 | L28: 850 | M28: 225.64 | N28: 225.46 | O28: Индекс Мосбиржи корпоративных облигаций | P28: 225.46 | R28: RUCBITR | S28: Индекс Мосбиржи корп обл CBITR | T28: 41290 | U28: 41290 | V28: 3 | W28: 6301051476 | Y28: 8.49
A29: history | F29: SNDX | G29: 717538000000 | H29: 225.76 | I29: RUB | J29: 2 | L29: 851 | M29: 225.77 | N29: 225.63 | O29: Индекс Мосбиржи корпоративных облигаций | P29: 225.63 | R29: RUCBITR | S29: Индекс Мосбиржи корп обл CBITR | T29: 41291 | U29: 41291 | V29: 3 | W29: 7711976257 | Y29: 8.48
A30: history | F30: SNDX | G30: 717922000000 | H30: 225.88 | I30: RUB | J30: 2 | L30: 850 | M30: 225.89 | N30: 225.79 | O30: Индекс Мосбиржи корпоративных облигаций | P30: 225.81 | R30: RUCBITR | S30: Индекс Мосбиржи корп обл CBITR | T30: 41292 | U30: 41292 | V30: 3 | W30: 5228747117 | Y30: 8.47
A31: history | F31: SNDX | G31: 718335000000 | H31: 226.01 | I31: RUB | J31: 2 | L31: 847 | M31: 226.08 | N31: 225.88 | O31: Индекс Мосбиржи корпоративных облигаций | P31: 225.88 | R31: RUCBITR | S31: Индекс Мосбиржи корп обл CBITR | T31: 41295 | U31: 41295 | V31: 3 | W31: 5045771151 | Y31: 8.46
A32: history | F32: SNDX | G32: 718728000000 | H32: 226.13 | I32: RUB | J32: 2 | L32: 846 | M32: 226.14 | N32: 226.06 | O32: Индекс Мосбиржи корпоративных облигаций | P32: 226.06 | R32: RUCBITR | S32: Индекс Мосбиржи корп обл CBITR | T32: 41296 | U32: 41296 | V32: 3 | W32: 7805498182 | Y32: 8.45
A33: history | F33: SNDX | G33: 719320000000 | H33: 226.32 | I33: RUB | J33: 2 | L33: 845 | M33: 226.32 | N33: 226.13 | O33: Индекс Мосбиржи корпоративных облигаций | P33: 226.13 | R33: RUCBITR | S33: Индекс Мосбиржи корп обл CBITR | T33: 41297 | U33: 41297 | V33: 3 | W33: 2556914952 | Y33: 8.41
... A1250: history | F1250: SNDX | G1250: 455972000000 | H1250: 349.73 | I1250: RUB | J1250: 2 | L1250: 968 | M1250: 350.06 | N1250: 349.73 | O1250: Индекс Мосбиржи корпоративных облигаций | P1250: 349.84 | R1250: RUCBITR | S1250: Индекс Мосбиржи корп обл CBITR | T1250: 43063 | U1250: 43063 | V1250: 3 | W1250: 727502268 | Y1250: 8.49
A1251: history | F1251: SNDX | G1251: 455488000000 | H1251: 349.36 | I1251: RUB | J1251: 2 | K1251: 1 | L1251: 964 | M1251: 349.86 | N1251: 349.31 | O1251: Индекс Мосбиржи корпоративных облигаций | P1251: 349.86 | R1251: RUCBITR | S1251: Индекс Мосбиржи корп обл CBITR | T1251: 43066 | U1251: 43066 | V1251: 3 | W1251: 7.179891e+08 | Y1251: 8.46
A1252: history | F1252: SNDX | G1252: 455847000000 | H1252: 349.64 | I1252: RUB | J1252: 2 | K1252: 1 | L1252: 964 | M1252: 349.88 | N1252: 349.59 | O1252: Индекс Мосбиржи корпоративных облигаций | P1252: 349.63 | R1252: RUCBITR | S1252: Индекс Мосбиржи корп обл CBITR | T1252: 43067 | U1252: 43067 | V1252: 3 | W1252: 1729843757 | Y1252: 8.44
A1253: history | F1253: SNDX | G1253: 456029000000 | H1253: 349.78 | I1253: RUB | J1253: 2 | K1253: 1 | L1253: 964 | M1253: 351.36 | N1253: 349.73 | O1253: Индекс Мосбиржи корпоративных облигаций | P1253: 349.73 | R1253: RUCBITR | S1253: Индекс Мосбиржи корп обл CBITR | T1253: 43068 | U1253: 43068 | V1253: 3 | W1253: 1131227676 | Y1253: 8.43
A1254: history | F1254: SNDX | G1254: 456181000000 | H1254: 349.9 | I1254: RUB | J1254: 2 | K1254: 1 | L1254: 962 | M1254: 350.08 | N1254: 349.85 | O1254: Индекс Мосбиржи корпоративных облигаций | P1254: 349.88 | R1254: RUCBITR | S1254: Индекс Мосбиржи корп обл CBITR | T1254: 43069 | U1254: 43069 | V1254: 3 | W1254: 8.3443746e+08 | Y1254: 8.43
A1255: history | F1255: SNDX | G1255: 575378000000 | H1255: 350.13 | I1255: RUB | J1255: 2 | K1255: 1 | L1255: 1031 | M1255: 350.21 | N1255: 349.73 | O1255: Индекс Мосбиржи корпоративных облигаций | P1255: 349.98 | R1255: RUCBITR | S1255: Индекс Мосбиржи корп обл CBITR | T1255: 43070 | U1255: 43070 | V1255: 3 | W1255: 1872887263 | Y1255: 8.54
A1256: history | F1256: SNDX | G1256: 575443000000 | H1256: 350.17 | I1256: RUB | J1256: 2 | K1256: 1 | L1256: 1028 | M1256: 350.39 | N1256: 347.8 | O1256: Индекс Мосбиржи корпоративных облигаций | P1256: 350.39 | R1256: RUCBITR | S1256: Индекс Мосбиржи корп обл CBITR | T1256: 43073 | U1256: 43073 | V1256: 3 | W1256: 2421790780 | Y1256: 8.56
A1257: history | F1257: SNDX | G1257: 575889000000 | H1257: 350.44 | I1257: RUB | J1257: 2 | K1257: 1 | L1257: 1027 | M1257: 350.59 | N1257: 350.22 | O1257: Индекс Мосбиржи корпоративных облигаций | P1257: 350.23 | R1257: RUCBITR | S1257: Индекс Мосбиржи корп обл CBITR | T1257: 43074 | U1257: 43074 | V1257: 3 | W1257: 9.4628758e+08 | Y1257: 8.54
A1258: history | F1258: SNDX | G1258: 575974000000 | H1258: 350.49 | I1258: RUB | J1258: 2 | K1258: 1 | L1258: 1026 | M1258: 350.6 | N1258: 349.88 | O1258: Индекс Мосбиржи корпоративных облигаций | P1258: 350.52 | R1258: RUCBITR | S1258: Индекс Мосбиржи корп обл CBITR | T1258: 43075 | U1258: 43075 | V1258: 3 | W1258: 1467413150 | Y1258: 8.54
A1259: history | F1259: SNDX | G1259: 576441000000 | H1259: 350.77 | I1259: RUB | J1259: 2 | K1259: 1 | L1259: 1025 | M1259: 350.81 | N1259: 350 | O1259: Индекс Мосбиржи корпоративных облигаций | P1259: 350.58 | R1259: RUCBITR | S1259: Индекс Мосбиржи корп обл CBITR | T1259: 43076 | U1259: 43076 | V1259: 3 | W1259: 5.8064445e+08 | Y1259: 8.51
A1260: history | F1260: SNDX | G1260: 574350000000 | H1260: 349.5 | I1260: RUB | J1260: 2 | K1260: 1 | L1260: 1023 | M1260: 350.96 | N1260: 349.49 | O1260: Индекс Мосбиржи корпоративных облигаций | P1260: 350.81 | R1260: RUCBITR | S1260: Индекс Мосбиржи корп обл CBITR | T1260: 43077 | U1260: 43077 | V1260: 3 | W1260: 893018849 | Y1260: 8.66
A1261: history | F1261: SNDX | G1261: 574751000000 | H1261: 349.74 | I1261: RUB | J1261: 2 | K1261: 1 | L1261: 1021 | M1261: 350.37 | N1261: 349.45 | O1261: Индекс Мосбиржи корпоративных облигаций | P1261: 349.45 | R1261: RUCBITR | S1261: Индекс Мосбиржи корп обл CBITR | T1261: 43080 | U1261: 43080 | V1261: 3 | W1261: 7.4328292e+08 | Y1261: 8.66
A1262: history | F1262: SNDX | G1262: 575388000000 | H1262: 350.13 | I1262: RUB | J1262: 2 | K1262: 1 | L1262: 1020 | M1262: 350.27 | N1262: 349.92 | O1262: Индекс Мосбиржи корпоративных облигаций | P1262: 349.93 | R1262: RUCBITR | S1262: Индекс Мосбиржи корп обл CBITR | T1262: 43081 | U1262: 43081 | V1262: 3 | W1262: 4.3108176e+08 | Y1262: 8.62
... A1529: history | F1529: SNDX | G1529: 1585610000000 | H1529: 370.87 | I1529: RUB | J1529: 2 | K1529: 1 | L1529: 1069 | M1529: 370.92 | N1529: 370.07 | O1529: Индекс Мосбиржи корпоративных облигаций | P1529: 370.07 | R1529: RUCBITR | S1529: Индекс Мосбиржи корп обл CBITR | T1529: 43463 | U1529: 43463 | V1529: 3 | W1529: 1268291794 | Y1529: 8.96

Sheet 2018-2026
A1: /data/@id | B1: /data/metadata/columns/column/@bytes | C1: /data/metadata/columns/column/@max_size | D1: /data/metadata/columns/column/@name | E1: /data/metadata/columns/column/@type | F1: /data/rows/row/@BOARDID | G1: /data/rows/row/@CAPITALIZATION | H1: /data/rows/row/@CLOSE | I1: /data/rows/row/@CURRENCYID | J1: /data/rows/row/@DECIMALS | K1: /data/rows/row/@DIVISOR | L1: /data/rows/row/@DURATION | M1: /data/rows/row/@HIGH | N1: /data/rows/row/@LOW | O1: /data/rows/row/@NAME | P1: /data/rows/row/@OPEN | Q1: /data/rows/row/@RECALC_DATE | R1: /data/rows/row/@SECID | S1: /data/rows/row/@SHORTNAME | T1: /data/rows/row/@TRADE_SESSION_DATE | U1: /data/rows/row/@TRADEDATE | V1: /data/rows/row/@TRADINGSESSION | W1: /data/rows/row/@VALUE | X1: /data/rows/row/@VOLUME | Y1: /data/rows/row/@YIELD
A2: history | B2: 12 | C2: 0 | D2: BOARDID | E2: string
A3: history | B3: 36 | C3: 0 | D3: SECID | E3: string
A4: history | B4: 10 | C4: 0 | D4: TRADEDATE | E4: date
A5: history | B5: 189 | C5: 0 | D5: SHORTNAME | E5: string
A6: history | B6: 765 | C6: 0 | D6: NAME | E6: string
A7: history | D7: CLOSE | E7: double
A8: history | D8: OPEN | E8: double
A9: history | D9: HIGH | E9: double
A10: history | D10: LOW | E10: double
A11: history | D11: VALUE | E11: double
A12: history | D12: DURATION | E12: int32
A13: history | D13: YIELD | E13: double
A14: history | D14: DECIMALS | E14: int32
A15: history | D15: CAPITALIZATION | E15: double
A16: history | B16: 9 | C16: 0 | D16: CURRENCYID | E16: string
A17: history | D17: DIVISOR | E17: double
A18: history | B18: 3 | C18: 0 | D18: TRADINGSESSION | E18: string
A19: history | D19: VOLUME | E19: double
A20: history | B20: 10 | C20: 0 | D20: TRADE_SESSION_DATE | E20: date
A21: history | B21: 10 | C21: 0 | D21: RECALC_DATE | E21: date
A22: history | F22: RTSI | H22: 100 | I22: RUB | J22: 2 | M22: 100 | N22: 100 | O22: Индекс МосБиржи Корпоративных Облигаций RUCBTRNS | P22: 100 | R22: RUCBTRNS | S22: RUCBTRNS | T22: 43463 | U22: 43463 | V22: 3 | Y22: =VLOOKUP(U22,'2020 Gap'!$S$20:$W$3790,5,FALSE) -> 8.96
A23: history | F23: RTSI | H23: 100.32 | I23: RUB | J23: 2 | M23: 100.32 | N23: 100.32 | O23: Индекс МосБиржи Корпоративных Облигаций RUCBTRNS | P23: 100.32 | R23: RUCBTRNS | S23: RUCBTRNS | T23: 43468 | U23: 43468 | V23: 3 | Y23: =VLOOKUP(U23,'2020 Gap'!$S$20:$W$3790,5,FALSE) -> 8.86
A24: history | F24: RTSI | H24: 100.51 | I24: RUB | J24: 2 | M24: 100.51 | N24: 100.51 | O24: Индекс МосБиржи Корпоративных Облигаций RUCBTRNS | P24: 100.51 | R24: RUCBTRNS | S24: RUCBTRNS | T24: 43469 | U24: 43469 | V24: 3 | Y24: =VLOOKUP(U24,'2020 Gap'!$S$20:$W$3790,5,FALSE) -> 8.81
A25: history | F25: RTSI | H25: 100.46 | I25: RUB | J25: 2 | M25: 100.46 | N25: 100.46 | O25: Индекс МосБиржи Корпоративных Облигаций RUCBTRNS | P25: 100.46 | R25: RUCBTRNS | S25: RUCBTRNS | T25: 43473 | U25: 43473 | V25: 3 | Y25: =VLOOKUP(U25,'2020 Gap'!$S$20:$W$3790,5,FALSE) -> 8.86
A26: history | F26: RTSI | H26: 100.49 | I26: RUB | J26: 2 | M26: 100.49 | N26: 100.49 | O26: Индекс МосБиржи Корпоративных Облигаций RUCBTRNS | P26: 100.49 | R26: RUCBTRNS | S26: RUCBTRNS | T26: 43474 | U26: 43474 | V26: 3 | Y26: =VLOOKUP(U26,'2020 Gap'!$S$20:$W$3790,5,FALSE) -> 8.87
A27: history | F27: RTSI | H27: 100.63 | I27: RUB | J27: 2 | M27: 100.63 | N27: 100.63 | O27: Индекс МосБиржи Корпоративных Облигаций RUCBTRNS | P27: 100.63 | R27: RUCBTRNS | S27: RUCBTRNS | T27: 43475 | U27: 43475 | V27: 3 | Y27: =VLOOKUP(U27,'2020 Gap'!$S$20:$W$3790,5,FALSE) -> 8.83
A28: history | F28: RTSI | H28: 100.82 | I28: RUB | J28: 2 | M28: 100.82 | N28: 100.82 | O28: Индекс МосБиржи Корпоративных Облигаций RUCBTRNS | P28: 100.82 | R28: RUCBTRNS | S28: RUCBTRNS | T28: 43476 | U28: 43476 | V28: 3 | Y28: =VLOOKUP(U28,'2020 Gap'!$S$20:$W$3790,5,FALSE) -> 8.78
A29: history | F29: RTSI | H29: 100.87 | I29: RUB | J29: 2 | M29: 100.87 | N29: 100.87 | O29: Индекс МосБиржи Корпоративных Облигаций RUCBTRNS | P29: 100.87 | R29: RUCBTRNS | S29: RUCBTRNS | T29: 43479 | U29: 43479 | V29: 3 | Y29: =VLOOKUP(U29,'2020 Gap'!$S$20:$W$3790,5,FALSE) -> 8.79
A30: history | F30: RTSI | H30: 100.88 | I30: RUB | J30: 2 | M30: 100.88 | N30: 100.88 | O30: Индекс МосБиржи Корпоративных Облигаций RUCBTRNS | P30: 100.88 | R30: RUCBTRNS | S30: RUCBTRNS | T30: 43480 | U30: 43480 | V30: 3 | Y30: =VLOOKUP(U30,'2020 Gap'!$S$20:$W$3790,5,FALSE) -> 8.8
A31: history | F31: RTSI | H31: 100.98 | I31: RUB | J31: 2 | M31: 100.98 | N31: 100.98 | O31: Индекс МосБиржи Корпоративных Облигаций RUCBTRNS | P31: 100.98 | R31: RUCBTRNS | S31: RUCBTRNS | T31: 43481 | U31: 43481 | V31: 3 | Y31: =VLOOKUP(U31,'2020 Gap'!$S$20:$W$3790,5,FALSE) -> 8.78
A32: history | F32: RTSI | H32: 100.99 | I32: RUB | J32: 2 | M32: 100.99 | N32: 100.99 | O32: Индекс МосБиржи Корпоративных Облигаций RUCBTRNS | P32: 100.99 | R32: RUCBTRNS | S32: RUCBTRNS | T32: 43482 | U32: 43482 | V32: 3 | Y32: =VLOOKUP(U32,'2020 Gap'!$S$20:$W$3790,5,FALSE) -> 8.78
A33: history | F33: RTSI | H33: 100.98 | I33: RUB | J33: 2 | M33: 100.98 | N33: 100.98 | O33: Индекс МосБиржи Корпоративных Облигаций RUCBTRNS | P33: 100.98 | R33: RUCBTRNS | S33: RUCBTRNS | T33: 43483 | U33: 43483 | V33: 3 | Y33: =VLOOKUP(U33,'2020 Gap'!$S$20:$W$3790,5,FALSE) -> 8.8
... A502: history | F502: RTSI | H502: 127.62 | I502: RUB | J502: 2 | M502: 127.62 | N502: 127.62 | O502: Индекс МосБиржи Корпоративных Облигаций RUCBTRNS | P502: 127.62 | R502: RUCBTRNS | S502: RUCBTRNS | T502: 44165 | U502: 44165 | V502: 3 | Y502: =VLOOKUP(U502,'2020 Gap'!$S$20:$W$3790,5,FALSE) -> 6.06
A503: history | F503: RTSI | G503: 1.3745127e+12 | H503: 127.6 | I503: RUB | J503: 2 | L503: 0 | M503: 127.6 | N503: 127.6 | O503: Индекс МосБиржи Корпоративных Облигаций RUCBTRNS | P503: 127.6 | R503: RUCBTRNS | S503: RUCBTRNS | T503: 44167 | U503: 44167 | V503: 3 | W503: 0 | Y503: =VLOOKUP(U503,'2020 Gap'!$S$20:$W$3790,5,FALSE) -> 6.05
A504: history | F504: RTSI | G504: 1.3727007e+12 | H504: 127.47 | I504: RUB | J504: 2 | L504: 0 | M504: 127.47 | N504: 127.47 | O504: Индекс МосБиржи Корпоративных Облигаций RUCBTRNS | P504: 127.47 | R504: RUCBTRNS | S504: RUCBTRNS | T504: 44168 | U504: 44168 | V504: 3 | W504: 0 | Y504: =VLOOKUP(U504,'2020 Gap'!$S$20:$W$3790,5,FALSE) -> 6.05
A505: history | F505: RTSI | G505: 1.3755318e+12 | H505: 127.74 | I505: RUB | J505: 2 | L505: 0 | M505: 127.74 | N505: 127.74 | O505: Индекс МосБиржи Корпоративных Облигаций RUCBTRNS | P505: 127.74 | R505: RUCBTRNS | S505: RUCBTRNS | T505: 44169 | U505: 44169 | V505: 3 | W505: 0 | Y505: =VLOOKUP(U505,'2020 Gap'!$S$20:$W$3790,5,FALSE) -> 6.05
A506: history | F506: RTSI | G506: 1.3750583e+12 | H506: 127.7 | I506: RUB | J506: 2 | L506: 0 | M506: 127.7 | N506: 127.7 | O506: Индекс МосБиржи Корпоративных Облигаций RUCBTRNS | P506: 127.7 | R506: RUCBTRNS | S506: RUCBTRNS | T506: 44172 | U506: 44172 | V506: 3 | W506: 0 | Y506: =VLOOKUP(U506,'2020 Gap'!$S$20:$W$3790,5,FALSE) -> 6.11
A507: history | F507: RTSI | G507: 1.3732768e+12 | H507: 127.53 | I507: RUB | J507: 2 | L507: 0 | M507: 127.53 | N507: 127.53 | O507: Индекс МосБиржи Корпоративных Облигаций RUCBTRNS | P507: 127.53 | R507: RUCBTRNS | S507: RUCBTRNS | T507: 44173 | U507: 44173 | V507: 3 | W507: 0 | Y507: =VLOOKUP(U507,'2020 Gap'!$S$20:$W$3790,5,FALSE) -> 6.13
A508: history | F508: RTSI | G508: 1.3739337e+12 | H508: 127.59 | I508: RUB | J508: 2 | L508: 0 | M508: 127.59 | N508: 127.59 | O508: Индекс МосБиржи Корпоративных Облигаций RUCBTRNS | P508: 127.59 | R508: RUCBTRNS | S508: RUCBTRNS | T508: 44174 | U508: 44174 | V508: 3 | W508: 0 | Y508: =VLOOKUP(U508,'2020 Gap'!$S$20:$W$3790,5,FALSE) -> 6.11
A509: history | F509: RTSI | G509: 1.374562e+12 | H509: 127.67 | I509: RUB | J509: 2 | L509: 0 | M509: 127.67 | N509: 127.67 | O509: Индекс МосБиржи Корпоративных Облигаций RUCBTRNS | P509: 127.67 | R509: RUCBTRNS | S509: RUCBTRNS | T509: 44175 | U509: 44175 | V509: 3 | W509: 0 | Y509: =VLOOKUP(U509,'2020 Gap'!$S$20:$W$3790,5,FALSE) -> 6.1
A510: history | F510: RTSI | G510: 1.3738511e+12 | H510: 127.66 | I510: RUB | J510: 2 | L510: 0 | M510: 127.66 | N510: 127.66 | O510: Индекс МосБиржи Корпоративных Облигаций RUCBTRNS | P510: 127.66 | R510: RUCBTRNS | S510: RUCBTRNS | T510: 44176 | U510: 44176 | V510: 3 | W510: 0 | Y510: =VLOOKUP(U510,'2020 Gap'!$S$20:$W$3790,5,FALSE) -> 6.1
A511: history | F511: RTSI | G511: 1.3743219e+12 | H511: 127.72 | I511: RUB | J511: 2 | L511: 0 | M511: 127.72 | N511: 127.72 | O511: Индекс МосБиржи Корпоративных Облигаций RUCBTRNS | P511: 127.72 | R511: RUCBTRNS | S511: RUCBTRNS | T511: 44179 | U511: 44179 | V511: 3 | W511: 0 | Y511: =VLOOKUP(U511,'2020 Gap'!$S$20:$W$3790,5,FALSE) -> 6.09
A512: history | F512: RTSI | G512: 1.3747178e+12 | H512: 127.76 | I512: RUB | J512: 2 | L512: 0 | M512: 127.76 | N512: 127.76 | O512: Индекс МосБиржи Корпоративных Облигаций RUCBTRNS | P512: 127.76 | R512: RUCBTRNS | S512: RUCBTRNS | T512: 44180 | U512: 44180 | V512: 3 | W512: 0 | Y512: =VLOOKUP(U512,'2020 Gap'!$S$20:$W$3790,5,FALSE) -> 6.09
A513: history | F513: RTSI | G513: 1.3743926e+12 | H513: 127.74 | I513: RUB | J513: 2 | L513: 0 | M513: 127.74 | N513: 127.74 | O513: Индекс МосБиржи Корпоративных Облигаций RUCBTRNS | P513: 127.74 | R513: RUCBTRNS | S513: RUCBTRNS | T513: 44181 | U513: 44181 | V513: 3 | W513: 0 | Y513: =VLOOKUP(U513,'2020 Gap'!$S$20:$W$3790,5,FALSE) -> 6.1
A514: history | F514: RTSI | G514: 1.3722919e+12 | H514: 127.66 | I514: RUB | J514: 2 | L514: 0 | M514: 127.66 | N514: 127.66 | O514: Индекс МосБиржи Корпоративных Облигаций RUCBTRNS | P514: 127.66 | R514: RUCBTRNS | S514: RUCBTRNS | T514: 44182 | U514: 44182 | V514: 3 | W514: 0 | Y514: =VLOOKUP(U514,'2020 Gap'!$S$20:$W$3790,5,FALSE) -> 6.13
A515: history | F515: RTSI | G515: 1.373562e+12 | H515: 127.82 | I515: RUB | J515: 2 | L515: 0 | M515: 127.82 | N515: 127.82 | O515: Индекс МосБиржи Корпоративных Облигаций RUCBTRNS | P515: 127.82 | R515: RUCBTRNS | S515: RUCBTRNS | T515: 44183 | U515: 44183 | V515: 3 | W515: 0 | Y515: =VLOOKUP(U515,'2020 Gap'!$S$20:$W$3790,5,FALSE) -> 6.09
A516: history | F516: RTSI | G516: 1.3732474e+12 | H516: 127.83 | I516: RUB | J516: 2 | L516: 1028 | M516: 127.83 | N516: 127.83 | O516: Индекс МосБиржи Корпоративных Облигаций RUCBTRNS | P516: 127.83 | R516: RUCBTRNS | S516: RUCBTRNS | T516: 44186 | U516: 44186 | V516: 3 | W516: 2216378488 | Y516: 5.9686
A517: history | F517: RTSI | G517: 1.3727986e+12 | H517: 127.83 | I517: RUB | J517: 2 | L517: 1027 | M517: 127.83 | N517: 127.83 | O517: Индекс МосБиржи Корпоративных Облигаций RUCBTRNS | P517: 127.83 | R517: RUCBTRNS | S517: RUCBTRNS | T517: 44187 | U517: 44187 | V517: 3 | W517: 3963012541 | Y517: 5.9681
A518: history | F518: RTSI | G518: 1.3715773e+12 | H518: 127.81 | I518: RUB | J518: 2 | L518: 1028 | M518: 127.81 | N518: 127.81 | O518: Индекс МосБиржи Корпоративных Облигаций RUCBTRNS | P518: 127.81 | R518: RUCBTRNS | S518: RUCBTRNS | T518: 44188 | U518: 44188 | V518: 3 | W518: 4235920108 | Y518: 5.9949
A519: history | F519: RTSI | G519: 1.3688999e+12 | H519: 127.81 | I519: RUB | J519: 2 | L519: 1028 | M519: 127.81 | N519: 127.81 | O519: Индекс МосБиржи Корпоративных Облигаций RUCBTRNS | P519: 127.81 | R519: RUCBTRNS | S519: RUCBTRNS | T519: 44189 | U519: 44189 | V519: 3 | W519: 3380954328 | Y519: 5.9901
A520: history | F520: RTSI | G520: 1.369917e+12 | H520: 127.9 | I520: RUB | J520: 2 | L520: 1027 | M520: 127.9 | N520: 127.9 | O520: Индекс МосБиржи Корпоративных Облигаций RUCBTRNS | P520: 127.9 | R520: RUCBTRNS | S520: RUCBTRNS | T520: 44190 | U520: 44190 | V520: 3 | W520: 2146299413 | Y520: 5.9488
A521: history | F521: RTSI | G521: 1.3721388e+12 | H521: 128.11 | I521: RUB | J521: 2 | L521: 1023 | M521: 128.11 | N521: 128.11 | O521: Индекс МосБиржи Корпоративных Облигаций RUCBTRNS | P521: 128.11 | R521: RUCBTRNS | S521: RUCBTRNS | T521: 44193 | U521: 44193 | V521: 3 | W521: 2020672310 | Y521: 5.8886
A522: history | F522: RTSI | G522: 1.3725409e+12 | H522: 128.16 | I522: RUB | J522: 2 | L522: 1023 | M522: 128.16 | N522: 128.16 | O522: Индекс МосБиржи Корпоративных Облигаций RUCBTRNS | P522: 128.16 | R522: RUCBTRNS | S522: RUCBTRNS | T522: 44194 | U522: 44194 | V522: 3 | W522: 2972720600 | Y522: 5.8774
A523: history | F523: RTSI | G523: 1.3740375e+12 | H523: 128.3 | I523: RUB | J523: 2 | L523: 1022 | M523: 128.3 | N523: 128.3 | O523: Индекс МосБиржи Корпоративных Облигаций RUCBTRNS | P523: 128.3 | R523: RUCBTRNS | S523: RUCBTRNS | T523: 44195 | U523: 44195 | V523: 3 | W523: 3189820980 | Y523: 5.8315
A524: history | F524: RTSI | G524: 1.3797573e+12 | H524: 128.85 | I524: RUB | J524: 2 | L524: 1017 | M524: 128.85 | N524: 128.85 | O524: Индекс МосБиржи Корпоративных Облигаций RUCBTRNS | P524: 128.85 | R524: RUCBTRNS | S524: RUCBTRNS | T524: 44200 | U524: 44200 | V524: 3 | W524: 62013661 | Y524: 5.7334
A525: history | F525: RTSI | G525: 1.3807388e+12 | H525: 128.94 | I525: RUB | J525: 2 | L525: 1017 | M525: 128.94 | N525: 128.94 | O525: Индекс МосБиржи Корпоративных Облигаций RUCBTRNS | P525: 128.94 | R525: RUCBTRNS | S525: RUCBTRNS | T525: 44201 | U525: 44201 | V525: 3 | W525: 36532714 | Y525: 5.7163
A526: history | F526: RTSI | G526: 1.3769978e+12 | H526: 128.59 | I526: RUB | J526: 2 | L526: 1017 | M526: 128.59 | N526: 128.59 | O526: Индекс МосБиржи Корпоративных Облигаций RUCBTRNS | P526: 128.59 | R526: RUCBTRNS | S526: RUCBTRNS | T526: 44202 | U526: 44202 | V526: 3 | W526: 48196813 | Y526: 5.735
A527: history | F527: RTSI | G527: 1.3782028e+12 | H527: 128.72 | I527: RUB | J527: 2 | L527: 1015 | M527: 128.72 | N527: 128.72 | O527: Индекс МосБиржи Корпоративных Облигаций RUCBTRNS | P527: 128.72 | R527: RUCBTRNS | S527: RUCBTRNS | T527: 44204 | U527: 44204 | V527: 3 | W527: 58690812 | Y527: 5.6999
... A729: history | F729: RTSI | G729: 2.2547947e+12 | H729: 128.31 | I729: RUB | J729: 2 | L729: 834 | M729: 128.31 | N729: 128.31 | O729: Индекс МосБиржи Корпоративных Облигаций RUCBTRNS | P729: 128.31 | R729: RUCBTRNS | S729: RUCBTRNS | T729: 44490 | U729: 44490 | V729: 3 | W729: 2982723763 | Y729: 8.34
A730: history | F730: RTSI | G730: 2.2521075e+12 | H730: 128.23 | I730: RUB | J730: 2 | L730: 833 | M730: 128.23 | N730: 128.23 | O730: Индекс МосБиржи Корпоративных Облигаций RUCBTRNS | P730: 128.23 | R730: RUCBTRNS | S730: RUCBTRNS | T730: 44491 | U730: 44491 | V730: 3 | W730: 1857596950 | X730: 1878436 | Y730: 8.39
A731: history | F731: RTSI | G731: 2.2473012e+12 | H731: 127.95 | I731: RUB | J731: 2 | L731: 828 | M731: 127.95 | N731: 127.95 | O731: Индекс МосБиржи Корпоративных Облигаций RUCBTRNS | P731: 127.95 | R731: RUCBTRNS | S731: RUCBTRNS | T731: 44494 | U731: 44494 | V731: 3 | W731: 2694338780 | X731: 2703407 | Y731: 8.52
A732: history | F732: RTSI | G732: 2.2366159e+12 | H732: 127.68 | I732: RUB | J732: 2 | L732: 830 | M732: 127.68 | N732: 127.68 | O732: Индекс МосБиржи Корпоративных Облигаций RUCBTRNS | P732: 127.68 | R732: RUCBTRNS | S732: RUCBTRNS | T732: 44495 | U732: 44495 | V732: 3 | W732: 2842303791 | X732: 2929166 | Y732: 8.64
A733: history | F733: RTSI | G733: 2.2320576e+12 | H733: 127.45 | I733: RUB | J733: 2 | L733: 828 | M733: 127.45 | N733: 127.45 | O733: Индекс МосБиржи Корпоративных Облигаций RUCBTRNS | P733: 127.45 | R733: RUCBTRNS | S733: RUCBTRNS | T733: 44496 | U733: 44496 | V733: 3 | W733: 4522234409 | X733: 4683179 | Y733: 8.73
A734: history | F734: RTSI | G734: 2.2271655e+12 | H734: 127.31 | I734: RUB | J734: 2 | L734: 829 | M734: 127.31 | N734: 127.31 | O734: Индекс МосБиржи Корпоративных Облигаций RUCBTRNS | P734: 127.31 | R734: RUCBTRNS | S734: RUCBTRNS | T734: 44497 | U734: 44497 | V734: 3 | W734: 3128621571 | X734: 3275814 | Y734: 8.81
A735: history | F735: RTSI | G735: 2.227035e+12 | H735: 127.31 | I735: RUB | J735: 2 | L735: 828 | M735: 127.31 | N735: 127.31 | O735: Индекс МосБиржи Корпоративных Облигаций RUCBTRNS | P735: 127.31 | R735: RUCBTRNS | S735: RUCBTRNS | T735: 44498 | U735: 44498 | V735: 3 | W735: 5139574486 | X735: 5316807 | Y735: 8.85
A736: history | F736: RTSI | G736: 2.2250132e+12 | H736: 127.26 | I736: RUB | J736: 2 | L736: 824 | M736: 127.26 | N736: 127.26 | O736: Индекс МосБиржи Корпоративных Облигаций RUCBTRNS | P736: 127.26 | R736: RUCBTRNS | S736: RUCBTRNS | T736: 44501 | U736: 44501 | V736: 3 | W736: 3553917427 | X736: 3693219 | Y736: 8.87
A737: history | F737: RTSI | G737: 2.2224269e+12 | H737: 127.13 | I737: RUB | J737: 2 | L737: 823 | M737: 127.13 | N737: 127.13 | O737: Индекс МосБиржи Корпоративных Облигаций RUCBTRNS | P737: 127.13 | R737: RUCBTRNS | S737: RUCBTRNS | T737: 44502 | U737: 44502 | V737: 3 | W737: 1423986493 | X737: 1499718 | Y737: 8.94
A738: history | F738: RTSI | G738: 2.223827e+12 | H738: 127.21 | I738: RUB | J738: 2 | L738: 822 | M738: 127.21 | N738: 127.21 | O738: Индекс МосБиржи Корпоративных Облигаций RUCBTRNS | P738: 127.21 | R738: RUCBTRNS | S738: RUCBTRNS | T738: 44503 | U738: 44503 | V738: 3 | W738: 1368796389 | X738: 1442827 | Y738: 8.89
A739: history | F739: RTSI | G739: 2.227125e+12 | H739: 127.46 | I739: RUB | J739: 2 | L739: 821 | M739: 127.46 | N739: 127.46 | O739: Индекс МосБиржи Корпоративных Облигаций RUCBTRNS | P739: 127.46 | R739: RUCBTRNS | S739: RUCBTRNS | T739: 44505 | U739: 44505 | V739: 3 | W739: 158997000 | X739: 164148 | Y739: 8.82
A740: history | F740: RTSI | G740: 2.2222135e+12 | H740: 127.21 | I740: RUB | J740: 2 | L740: 818 | M740: 127.21 | N740: 127.21 | O740: Индекс МосБиржи Корпоративных Облигаций RUCBTRNS | P740: 127.21 | R740: RUCBTRNS | S740: RUCBTRNS | T740: 44508 | U740: 44508 | V740: 3 | W740: 1761205908 | X740: 1831285 | Y740: 8.97
A741: history | F741: RTSI | G741: 2.2213682e+12 | H741: 127.16 | I741: RUB | J741: 2 | L741: 816 | M741: 127.16 | N741: 127.16 | O741: Индекс МосБиржи Корпоративных Облигаций RUCBTRNS | P741: 127.16 | R741: RUCBTRNS | S741: RUCBTRNS | T741: 44509 | U741: 44509 | V741: 3 | W741: 3083835725 | X741: 3167314 | Y741: 9.01
... A1482: history | F1482: RTSI | G1482: 1.7647802e+12 | H1482: 142.74 | I1482: RUB | J1482: 2 | L1482: 603 | M1482: 143.03 | N1482: 142.7 | O1482: Индекс МосБиржи Корпоративных Облигаций RUCBTRNS | P1482: 142.7 | R1482: RUCBTRNS | S1482: RUCBTRNS | T1482: 45603 | U1482: 45603 | V1482: 3 | W1482: 952032312 | X1482: 1134664 | Y1482: 24.22
A1483: history | F1483: RTSI | G1483: 1.7665531e+12 | H1483: 142.92 | I1483: RUB | J1483: 2 | K1483: 1.7647802e+12 | L1483: 602 | M1483: 143.06 | N1483: 142.85 | O1483: Индекс МосБиржи Корпоративных Облигаций RUCBTRNS | P1483: 142.85 | R1483: RUCBTRNS | S1483: RUCBTRNS | T1483: 45604 | U1483: 45604 | V1483: 3 | W1483: 927863672 | X1483: 1175250 | Y1483: 24.18
A1484: history | F1484: RTSI | G1484: 1.773853e+12 | H1484: 143.54 | I1484: RUB | J1484: 2 | K1484: 1.7665531e+12 | L1484: 600 | M1484: 143.73 | N1484: 143.11 | O1484: Индекс МосБиржи Корпоративных Облигаций RUCBTRNS | P1484: 143.11 | R1484: RUCBTRNS | S1484: RUCBTRNS | T1484: 45607 | U1484: 45607 | V1484: 3 | W1484: 1632683221 | X1484: 2125278 | Y1484: 24.02
A1485: history | F1485: RTSI | G1485: 1.7744466e+12 | H1485: 143.66 | I1485: RUB | J1485: 2 | K1485: 1.773853e+12 | L1485: 600 | M1485: 143.81 | N1485: 143.64 | O1485: Индекс МосБиржи Корпоративных Облигаций RUCBTRNS | P1485: 143.71 | R1485: RUCBTRNS | S1485: RUCBTRNS | T1485: 45608 | U1485: 45608 | V1485: 3 | W1485: 778129490 | X1485: 977078 | Y1485: 24.02
A1486: history | F1486: RTSI | G1486: 1.7737178e+12 | H1486: 143.7 | I1486: RUB | J1486: 2 | K1486: 1.7744466e+12 | L1486: 599 | M1486: 144.18 | N1486: 143.7 | O1486: Индекс МосБиржи Корпоративных Облигаций RUCBTRNS | P1486: 143.71 | R1486: RUCBTRNS | S1486: RUCBTRNS | T1486: 45609 | U1486: 45609 | V1486: 3 | W1486: 1317222648 | X1486: 1579951 | Y1486: 24.02
A1487: history | F1487: RTSI | G1487: 1.7752505e+12 | H1487: 143.96 | I1487: RUB | J1487: 2 | K1487: 1.7737178e+12 | L1487: 599 | M1487: 144.29 | N1487: 143.96 | O1487: Индекс МосБиржи Корпоративных Облигаций RUCBTRNS | P1487: 144.17 | R1487: RUCBTRNS | S1487: RUCBTRNS | T1487: 45610 | U1487: 45610 | V1487: 3 | W1487: 2382891712 | X1487: 2863786 | Y1487: 23.95
A1488: history | F1488: RTSI | G1488: 1.7771466e+12 | H1488: 144.11 | I1488: RUB | J1488: 2 | K1488: 1.7752505e+12 | L1488: 598 | M1488: 144.24 | N1488: 144 | O1488: Индекс МосБиржи Корпоративных Облигаций RUCBTRNS | P1488: 144 | R1488: RUCBTRNS | S1488: RUCBTRNS | T1488: 45611 | U1488: 45611 | V1488: 3 | W1488: 799699199 | X1488: 977792 | Y1488: 23.9
A1489: history | F1489: RTSI | G1489: 1.7852929e+12 | H1489: 144.84 | I1489: RUB | J1489: 2 | K1489: 1.7771466e+12 | L1489: 595 | M1489: 144.85 | N1489: 144.39 | O1489: Индекс МосБиржи Корпоративных Облигаций RUCBTRNS | P1489: 144.39 | R1489: RUCBTRNS | S1489: RUCBTRNS | T1489: 45614 | U1489: 45614 | V1489: 3 | W1489: 1660484468 | X1489: 2100525 | Y1489: 23.63
A1490: history | F1490: RTSI | G1490: 1.7832037e+12 | H1490: 144.78 | I1490: RUB | J1490: 2 | K1490: 1.7852929e+12 | L1490: 594 | M1490: 145.3 | N1490: 144.78 | O1490: Индекс МосБиржи Корпоративных Облигаций RUCBTRNS | P1490: 144.98 | R1490: RUCBTRNS | S1490: RUCBTRNS | T1490: 45615 | U1490: 45615 | V1490: 3 | W1490: 1189000050 | X1490: 1475941 | Y1490: 23.69
A1491: history | F1491: RTSI | G1491: 1.780449e+12 | H1491: 144.74 | I1491: RUB | J1491: 2 | K1491: 1.7832037e+12 | L1491: 595 | M1491: 145.27 | N1491: 144.74 | O1491: Индекс МосБиржи Корпоративных Облигаций RUCBTRNS | P1491: 145.05 | R1491: RUCBTRNS | S1491: RUCBTRNS | T1491: 45616 | U1491: 45616 | V1491: 3 | W1491: 1150973360 | X1491: 1344993 | Y1491: 23.8
A1492: history | F1492: RTSI | G1492: 1.7759406e+12 | H1492: 144.38 | I1492: RUB | J1492: 2 | K1492: 1.780449e+12 | L1492: 594 | M1492: 144.95 | N1492: 144.38 | O1492: Индекс МосБиржи Корпоративных Облигаций RUCBTRNS | P1492: 144.91 | R1492: RUCBTRNS | S1492: RUCBTRNS | T1492: 45617 | U1492: 45617 | V1492: 3 | W1492: 936608529 | X1492: 1192155 | Y1492: 24.07
A1493: history | F1493: RTSI | G1493: 1.7718343e+12 | H1493: 144.16 | I1493: RUB | J1493: 2 | K1493: 1.7759406e+12 | L1493: 593 | M1493: 144.69 | N1493: 144.16 | O1493: Индекс МосБиржи Корпоративных Облигаций RUCBTRNS | P1493: 144.47 | R1493: RUCBTRNS | S1493: RUCBTRNS | T1493: 45618 | U1493: 45618 | V1493: 3 | W1493: 392912513 | X1493: 470544 | Y1493: 24.25
A1494: history | F1494: RTSI | G1494: 1.7696414e+12 | H1494: 144.03 | I1494: RUB | J1494: 2 | K1494: 1.7718343e+12 | L1494: 590 | M1494: 144.66 | N1494: 144.03 | O1494: Индекс МосБиржи Корпоративных Облигаций RUCBTRNS | P1494: 144.51 | R1494: RUCBTRNS | S1494: RUCBTRNS | T1494: 45621 | U1494: 45621 | V1494: 3 | W1494: 487786774 | X1494: 615201 | Y1494: 24.48
... A1925: history | F1925: RTSI | G1925: 2.6506554e+12 | H1925: 209.1 | I1925: RUB | J1925: 2 | K1925: 2.6497094e+12 | L1925: 686 | M1925: 209.24 | N1925: 209.04 | O1925: Индекс МосБиржи Корпоративных Облигаций RUCBTRNS | P1925: 209.15 | R1925: RUCBTRNS | S1925: RUCBTRNS | T1925: 46241 | U1925: 46241 | V1925: 3 | W1925: 20848681202 | X1925: 21456169 | Y1925: 15.7

Sheet 2020 Gap
A1: /data/@id | B1: /data/metadata/columns/column/@bytes | C1: /data/metadata/columns/column/@max_size | D1: /data/metadata/columns/column/@name | E1: /data/metadata/columns/column/@type | F1: /data/rows/row/@BOARDID | G1: /data/rows/row/@CAPITALIZATION | H1: /data/rows/row/@CLOSE | I1: /data/rows/row/@CURRENCYID | J1: /data/rows/row/@DECIMALS | K1: /data/rows/row/@DIVISOR | L1: /data/rows/row/@DURATION | M1: /data/rows/row/@HIGH | N1: /data/rows/row/@LOW | O1: /data/rows/row/@NAME | P1: /data/rows/row/@OPEN | Q1: /data/rows/row/@SECID | R1: /data/rows/row/@SHORTNAME | S1: /data/rows/row/@TRADEDATE | T1: /data/rows/row/@TRADINGSESSION | U1: /data/rows/row/@VALUE | V1: /data/rows/row/@VOLUME | W1: /data/rows/row/@YIELD
A2: history | B2: 12 | C2: 0 | D2: BOARDID | E2: string
A3: history | B3: 36 | C3: 0 | D3: SECID | E3: string
A4: history | B4: 10 | C4: 0 | D4: TRADEDATE | E4: date
A5: history | B5: 189 | C5: 0 | D5: SHORTNAME | E5: string
A6: history | B6: 765 | C6: 0 | D6: NAME | E6: string
A7: history | D7: CLOSE | E7: double
A8: history | D8: OPEN | E8: double
A9: history | D9: HIGH | E9: double
A10: history | D10: LOW | E10: double
A11: history | D11: VALUE | E11: double
A12: history | D12: DURATION | E12: int32
A13: history | D13: YIELD | E13: double
A14: history | D14: DECIMALS | E14: int32
A15: history | D15: CAPITALIZATION | E15: double
A16: history | B16: 9 | C16: 0 | D16: CURRENCYID | E16: string
A17: history | D17: DIVISOR | E17: double
A18: history | B18: 3 | C18: 0 | D18: TRADINGSESSION | E18: string
A19: history | D19: VOLUME | E19: double
A20: history | F20: SNDX | H20: 159.96 | I20: RUB | J20: 2 | L20: 951 | M20: 160.16 | N20: 159.94 | O20: Индекс Мосбиржи корпоративных облигаций | P20: 160.04 | Q20: RUCBITR | R20: Индекс Мосбиржи корп обл CBITR | S20: 39572 | T20: 3 | U20: 2.5535837e+08 | W20: 8.36
A21: history | F21: SNDX | H21: 160 | I21: RUB | J21: 2 | L21: 950 | M21: 160 | N21: 159.89 | O21: Индекс Мосбиржи корпоративных облигаций | P21: 159.99 | Q21: RUCBITR | R21: Индекс Мосбиржи корп обл CBITR | S21: 39573 | T21: 3 | U21: 8.676638e+08 | W21: 8.46
A22: history | F22: SNDX | H22: 160.37 | I22: RUB | J22: 2 | L22: 949 | M22: 160.37 | N22: 160 | O22: Индекс Мосбиржи корпоративных облигаций | P22: 160.04 | Q22: RUCBITR | R22: Индекс Мосбиржи корп обл CBITR | S22: 39574 | T22: 3 | U22: 1795505107 | W22: 8.32
A23: history | F23: SNDX | H23: 160.41 | I23: RUB | J23: 2 | L23: 948 | M23: 160.43 | N23: 160.36 | O23: Индекс Мосбиржи корпоративных облигаций | P23: 160.41 | Q23: RUCBITR | R23: Индекс Мосбиржи корп обл CBITR | S23: 39575 | T23: 3 | U23: 1221129503 | W23: 8.31
A24: history | F24: SNDX | H24: 160.42 | I24: RUB | J24: 2 | L24: 947 | M24: 160.5 | N24: 160.32 | O24: Индекс Мосбиржи корпоративных облигаций | P24: 160.45 | Q24: RUCBITR | R24: Индекс Мосбиржи корп обл CBITR | S24: 39576 | T24: 3 | U24: 1357969518 | W24: 8.26
A25: history | F25: SNDX | H25: 160.54 | I25: RUB | J25: 2 | L25: 943 | M25: 160.59 | N25: 160.42 | O25: Индекс Мосбиржи корпоративных облигаций | P25: 160.56 | Q25: RUCBITR | R25: Индекс Мосбиржи корп обл CBITR | S25: 39580 | T25: 3 | U25: 8.2109585e+08 | W25: 8.27
A26: history | F26: SNDX | H26: 160.65 | I26: RUB | J26: 2 | L26: 942 | M26: 160.68 | N26: 160.54 | O26: Индекс Мосбиржи корпоративных облигаций | P26: 160.54 | Q26: RUCBITR | R26: Индекс Мосбиржи корп обл CBITR | S26: 39581 | T26: 3 | U26: 2373466520 | W26: 8.3
A27: history | F27: SNDX | H27: 160.68 | I27: RUB | J27: 2 | L27: 944 | M27: 160.71 | N27: 160.65 | O27: Индекс Мосбиржи корпоративных облигаций | P27: 160.65 | Q27: RUCBITR | R27: Индекс Мосбиржи корп обл CBITR | S27: 39582 | T27: 3 | U27: 1388316645 | W27: 8.3
A28: history | F28: SNDX | H28: 160.72 | I28: RUB | J28: 2 | L28: 946 | M28: 160.75 | N28: 160.68 | O28: Индекс Мосбиржи корпоративных облигаций | P28: 160.68 | Q28: RUCBITR | R28: Индекс Мосбиржи корп обл CBITR | S28: 39583 | T28: 3 | U28: 2230241850 | W28: 8.3
A29: history | F29: SNDX | H29: 160.68 | I29: RUB | J29: 2 | L29: 945 | M29: 160.76 | N29: 160.67 | O29: Индекс Мосбиржи корпоративных облигаций | P29: 160.76 | Q29: RUCBITR | R29: Индекс Мосбиржи корп обл CBITR | S29: 39584 | T29: 3 | U29: 8.5392302e+08 | W29: 8.33
A30: history | F30: SNDX | H30: 160.83 | I30: RUB | J30: 2 | L30: 942 | M30: 160.83 | N30: 160.68 | O30: Индекс Мосбиржи корпоративных облигаций | P30: 160.68 | Q30: RUCBITR | R30: Индекс Мосбиржи корп обл CBITR | S30: 39587 | T30: 3 | U30: 1197040717 | W30: 8.34
A31: history | F31: SNDX | H31: 160.82 | I31: RUB | J31: 2 | L31: 942 | M31: 160.91 | N31: 160.81 | O31: Индекс Мосбиржи корпоративных облигаций | P31: 160.83 | Q31: RUCBITR | R31: Индекс Мосбиржи корп обл CBITR | S31: 39588 | T31: 3 | U31: 2457531123 | W31: 8.32
... A923: history | F923: SNDX | H923: 206.3 | I923: RUB | J923: 2 | L923: 954 | M923: 206.33 | N923: 205.95 | O923: Индекс Мосбиржи корпоративных облигаций | P923: 206.12 | Q923: RUCBITR | R923: Индекс Мосбиржи корп обл CBITR | S923: 40891 | T923: 3 | U923: 2107144474 | W923: 8.47
A924: history | F924: SNDX | G924: 721684000000 | H924: 205.81 | I924: RUB | J924: 2 | L924: 953 | M924: 206.35 | N924: 205.81 | O924: Индекс Мосбиржи корпоративных облигаций | P924: 206.35 | Q924: RUCBITR | R924: Индекс Мосбиржи корп обл CBITR | S924: 40892 | T924: 3 | U924: 4467205637 | W924: 8.61
A925: history | F925: SNDX | G925: 723456000000 | H925: 206.37 | I925: RUB | J925: 2 | L925: 960 | M925: 206.37 | N925: 205.73 | O925: Индекс Мосбиржи корпоративных облигаций | P925: 205.86 | Q925: RUCBITR | R925: Индекс Мосбиржи корп обл CBITR | S925: 40893 | T925: 3 | U925: 4094993547 | W925: 8.61
A926: history | F926: SNDX | G926: 723680000000 | H926: 206.43 | I926: RUB | J926: 2 | L926: 952 | M926: 206.67 | N926: 206.43 | O926: Индекс Мосбиржи корпоративных облигаций | P926: 206.51 | Q926: RUCBITR | R926: Индекс Мосбиржи корп обл CBITR | S926: 40896 | T926: 3 | U926: 3208145140 | W926: 8.57
A927: history | F927: SNDX | G927: 722892000000 | H927: 206.32 | I927: RUB | J927: 2 | L927: 951 | M927: 206.49 | N927: 206.29 | O927: Индекс Мосбиржи корпоративных облигаций | P927: 206.48 | Q927: RUCBITR | R927: Индекс Мосбиржи корп обл CBITR | S927: 40897 | T927: 3 | U927: 2441561158 | W927: 8.61
A928: history | F928: SNDX | G928: 721604000000 | H928: 205.95 | I928: RUB | J928: 2 | L928: 949 | M928: 206.4 | N928: 205.94 | O928: Индекс Мосбиржи корпоративных облигаций | P928: 206.37 | Q928: RUCBITR | R928: Индекс Мосбиржи корп обл CBITR | S928: 40898 | T928: 3 | U928: 3109555826 | W928: 8.73
A929: history | F929: SNDX | G929: 721437000000 | H929: 205.99 | I929: RUB | J929: 2 | L929: 949 | M929: 206 | N929: 205.75 | O929: Индекс Мосбиржи корпоративных облигаций | P929: 205.95 | Q929: RUCBITR | R929: Индекс Мосбиржи корп обл CBITR | S929: 40899 | T929: 3 | U929: 3033441038 | W929: 8.7
A930: history | F930: SNDX | G930: 720238000000 | H930: 205.77 | I930: RUB | J930: 2 | L930: 947 | M930: 206.07 | N930: 205.69 | O930: Индекс Мосбиржи корпоративных облигаций | P930: 206.04 | Q930: RUCBITR | R930: Индекс Мосбиржи корп обл CBITR | S930: 40900 | T930: 3 | U930: 1366452375 | W930: 8.74
A931: history | F931: SNDX | G931: 719872000000 | H931: 205.67 | I931: RUB | J931: 2 | L931: 944 | M931: 206.11 | N931: 205.67 | O931: Индекс Мосбиржи корпоративных облигаций | P931: 205.91 | Q931: RUCBITR | R931: Индекс Мосбиржи корп обл CBITR | S931: 40903 | T931: 3 | U931: 2948292155 | W931: 8.77
A932: history | F932: SNDX | G932: 719625000000 | H932: 205.75 | I932: RUB | J932: 2 | L932: 944 | M932: 205.82 | N932: 205.66 | O932: Индекс Мосбиржи корпоративных облигаций | P932: 205.72 | Q932: RUCBITR | R932: Индекс Мосбиржи корп обл CBITR | S932: 40904 | T932: 3 | U932: 4180471276 | W932: 8.81
A933: history | F933: SNDX | G933: 718106000000 | H933: 205.57 | I933: RUB | J933: 2 | L933: 944 | M933: 206.12 | N933: 205.57 | O933: Индекс Мосбиржи корпоративных облигаций | P933: 205.8 | Q933: RUCBITR | R933: Индекс Мосбиржи корп обл CBITR | S933: 40905 | T933: 3 | U933: 6625061208 | W933: 8.88
A934: history | F934: SNDX | G934: 719028000000 | H934: 205.83 | I934: RUB | J934: 2 | L934: 943 | M934: 206.02 | N934: 205.59 | O934: Индекс Мосбиржи корпоративных облигаций | P934: 205.62 | Q934: RUCBITR | R934: Индекс Мосбиржи корп обл CBITR | S934: 40906 | T934: 3 | U934: 8536976980 | W934: 8.76
A935: history | F935: SNDX | G935: 721259000000 | H935: 206.47 | I935: RUB | J935: 2 | L935: 948 | M935: 206.47 | N935: 205.86 | O935: Индекс Мосбиржи корпоративных облигаций | P935: 205.88 | Q935: RUCBITR | R935: Индекс Мосбиржи корп обл CBITR | S935: 40907 | T935: 3 | U935: 2735903584 | W935: 8.67
... A2045: history | F2045: SNDX | G2045: 332362000000 | H2045: 302.22 | I2045: RUB | J2045: 2 | L2045: 678 | M2045: 302.24 | N2045: 301.83 | O2045: Индекс Мосбиржи корпоративных облигаций | P2045: 301.93 | Q2045: RUCBITR | R2045: Индекс Мосбиржи корп обл CBITR | S2045: 42527 | T2045: 3 | U2045: 2344288886 | W2045: 10.54
A2046: history | F2046: SNDX | G2046: 332438000000 | H2046: 302.55 | I2046: RUB | J2046: 2 | K2046: 0 | L2046: 678 | M2046: 302.6 | N2046: 302.14 | O2046: Индекс Мосбиржи корпоративных облигаций | P2046: 302.31 | Q2046: RUCBITR | R2046: Индекс Мосбиржи корп обл CBITR | S2046: 42528 | T2046: 3 | U2046: 668534243 | W2046: 10.5
A2047: history | F2047: SNDX | G2047: 332272000000 | H2047: 302.4 | I2047: RUB | J2047: 2 | K2047: 0 | L2047: 677 | M2047: 302.53 | N2047: 302.29 | O2047: Индекс Мосбиржи корпоративных облигаций | P2047: 302.51 | Q2047: RUCBITR | R2047: Индекс Мосбиржи корп обл CBITR | S2047: 42529 | T2047: 3 | U2047: 747630558 | W2047: 10.47
A2048: history | F2048: SNDX | G2048: 331620000000 | H2048: 301.81 | I2048: RUB | J2048: 2 | K2048: 0 | L2048: 676 | M2048: 302.67 | N2048: 301.61 | O2048: Индекс Мосбиржи корпоративных облигаций | P2048: 302.46 | Q2048: RUCBITR | R2048: Индекс Мосбиржи корп обл CBITR | S2048: 42530 | T2048: 3 | U2048: 728182689 | W2048: 10.71
A2049: history | F2049: SNDX | G2049: 331291000000 | H2049: 301.51 | I2049: RUB | J2049: 2 | K2049: 0 | L2049: 675 | M2049: 302.18 | N2049: 301.5 | O2049: Индекс Мосбиржи корпоративных облигаций | P2049: 301.91 | Q2049: RUCBITR | R2049: Индекс Мосбиржи корп обл CBITR | S2049: 42531 | T2049: 3 | U2049: 3931193252 | W2049: 10.8
A2050: history | F2050: SNDX | G2050: 333070000000 | H2050: 303.13 | I2050: RUB | J2050: 2 | K2050: 0 | L2050: 671 | M2050: 303.13 | N2050: 301.97 | O2050: Индекс Мосбиржи корпоративных облигаций | P2050: 301.97 | Q2050: RUCBITR | R2050: Индекс Мосбиржи корп обл CBITR | S2050: 42535 | T2050: 3 | U2050: 521369031 | W2050: 10.46
A2051: history | F2051: SNDX | G2051: 332952000000 | H2051: 303.02 | I2051: RUB | J2051: 2 | K2051: 0 | L2051: 670 | M2051: 303.25 | N2051: 302.99 | O2051: Индекс Мосбиржи корпоративных облигаций | P2051: 303.21 | Q2051: RUCBITR | R2051: Индекс Мосбиржи корп обл CBITR | S2051: 42536 | T2051: 3 | U2051: 1690387013 | W2051: 10.5
A2052: history | F2052: SNDX | G2052: 333453000000 | H2052: 303.48 | I2052: RUB | J2052: 2 | K2052: 0 | L2052: 669 | M2052: 303.83 | N2052: 303.34 | O2052: Индекс Мосбиржи корпоративных облигаций | P2052: 303.36 | Q2052: RUCBITR | R2052: Индекс Мосбиржи корп обл CBITR | S2052: 42537 | T2052: 3 | U2052: 655522000 | W2052: 10.49
A2053: history | F2053: SNDX | G2053: 333564000000 | H2053: 303.58 | I2053: RUB | J2053: 2 | K2053: 0 | L2053: 668 | M2053: 303.72 | N2053: 303.5 | O2053: Индекс Мосбиржи корпоративных облигаций | P2053: 303.56 | Q2053: RUCBITR | R2053: Индекс Мосбиржи корп обл CBITR | S2053: 42538 | T2053: 3 | U2053: 224473157 | W2053: 10.46
A2054: history | F2054: SNDX | G2054: 333688000000 | H2054: 303.69 | I2054: RUB | J2054: 2 | K2054: 0 | L2054: 665 | M2054: 303.86 | N2054: 303.53 | O2054: Индекс Мосбиржи корпоративных облигаций | P2054: 303.85 | Q2054: RUCBITR | R2054: Индекс Мосбиржи корп обл CBITR | S2054: 42541 | T2054: 3 | U2054: 163222926 | W2054: 10.49
A2055: history | F2055: SNDX | G2055: 333182000000 | H2055: 303.5 | I2055: RUB | J2055: 2 | K2055: 0 | L2055: 664 | M2055: 303.81 | N2055: 303.41 | O2055: Индекс Мосбиржи корпоративных облигаций | P2055: 303.77 | Q2055: RUCBITR | R2055: Индекс Мосбиржи корп обл CBITR | S2055: 42542 | T2055: 3 | U2055: 2234155948 | W2055: 10.48
A2056: history | F2056: SNDX | G2056: 333527000000 | H2056: 303.81 | I2056: RUB | J2056: 2 | K2056: 0 | L2056: 663 | M2056: 303.85 | N2056: 303.55 | O2056: Индекс Мосбиржи корпоративных облигаций | P2056: 303.6 | Q2056: RUCBITR | R2056: Индекс Мосбиржи корп обл CBITR | S2056: 42543 | T2056: 3 | U2056: 2222919880 | W2056: 10.39
A2057: history | F2057: SNDX | G2057: 333565000000 | H2057: 303.91 | I2057: RUB | J2057: 2 | K2057: 0 | L2057: 662 | M2057: 303.91 | N2057: 303.67 | O2057: Индекс Мосбиржи корпоративных облигаций | P2057: 303.89 | Q2057: RUCBITR | R2057: Индекс Мосбиржи корп обл CBITR | S2057: 42544 | T2057: 3 | U2057: 470877952 | W2057: 10.41
... A3790: history | F3790: SNDX | G3790: 2335440000000 | H3790: 512.74 | I3790: RUB | J3790: 2 | K3790: 1 | L3790: 736 | M3790: 513.43 | N3790: 512.71 | O3790: Индекс Мосбиржи корпоративных облигаций | P3790: 512.95 | Q3790: RUCBITR | R3790: Индекс Мосбиржи корп обл CBITR | S3790: 45077 | T3790: 3 | U3790: 1540910351 | W3790: 9.47

Sheet Combined
A1: date | B1: Yield | C1: Date Modified | D1: Corporate Yield Russian
A2: ='2013-2018'!U22 -> 41282 | B2: ='2013-2018'!Y22 -> 8.63 | C2: =TEXT(A2,"yyyy-mm-01") -> 2013-01-01 | D2: =AVERAGEIF($C$2:$C$3413,C2,$B$2:$B$3413) -> 8.4594444
A3: ='2013-2018'!U23 -> 41283 | B3: ='2013-2018'!Y23 -> 8.64 | C3: =TEXT(A3,"yyyy-mm-01") -> 2013-01-01 | D3: =AVERAGEIF($C$2:$C$3413,C3,$B$2:$B$3413) -> 8.4594444
A4: ='2013-2018'!U24 -> 41284 | B4: ='2013-2018'!Y24 -> 8.63 | C4: =TEXT(A4,"yyyy-mm-01") -> 2013-01-01 | D4: =AVERAGEIF($C$2:$C$3413,C4,$B$2:$B$3413) -> 8.4594444
A5: ='2013-2018'!U25 -> 41285 | B5: ='2013-2018'!Y25 -> 8.57 | C5: =TEXT(A5,"yyyy-mm-01") -> 2013-01-01 | D5: =AVERAGEIF($C$2:$C$3413,C5,$B$2:$B$3413) -> 8.4594444
A6: ='2013-2018'!U26 -> 41288 | B6: ='2013-2018'!Y26 -> 8.54 | C6: =TEXT(A6,"yyyy-mm-01") -> 2013-01-01 | D6: =AVERAGEIF($C$2:$C$3413,C6,$B$2:$B$3413) -> 8.4594444
A7: ='2013-2018'!U27 -> 41289 | B7: ='2013-2018'!Y27 -> 8.53 | C7: =TEXT(A7,"yyyy-mm-01") -> 2013-01-01 | D7: =AVERAGEIF($C$2:$C$3413,C7,$B$2:$B$3413) -> 8.4594444
A8: ='2013-2018'!U28 -> 41290 | B8: ='2013-2018'!Y28 -> 8.49 | C8: =TEXT(A8,"yyyy-mm-01") -> 2013-01-01 | D8: =AVERAGEIF($C$2:$C$3413,C8,$B$2:$B$3413) -> 8.4594444
A9: ='2013-2018'!U29 -> 41291 | B9: ='2013-2018'!Y29 -> 8.48 | C9: =TEXT(A9,"yyyy-mm-01") -> 2013-01-01 | D9: =AVERAGEIF($C$2:$C$3413,C9,$B$2:$B$3413) -> 8.4594444
A10: ='2013-2018'!U30 -> 41292 | B10: ='2013-2018'!Y30 -> 8.47 | C10: =TEXT(A10,"yyyy-mm-01") -> 2013-01-01 | D10: =AVERAGEIF($C$2:$C$3413,C10,$B$2:$B$3413) -> 8.4594444
A11: ='2013-2018'!U31 -> 41295 | B11: ='2013-2018'!Y31 -> 8.46 | C11: =TEXT(A11,"yyyy-mm-01") -> 2013-01-01 | D11: =AVERAGEIF($C$2:$C$3413,C11,$B$2:$B$3413) -> 8.4594444
A12: ='2013-2018'!U32 -> 41296 | B12: ='2013-2018'!Y32 -> 8.45 | C12: =TEXT(A12,"yyyy-mm-01") -> 2013-01-01 | D12: =AVERAGEIF($C$2:$C$3413,C12,$B$2:$B$3413) -> 8.4594444
A13: ='2013-2018'!U33 -> 41297 | B13: ='2013-2018'!Y33 -> 8.41 | C13: =TEXT(A13,"yyyy-mm-01") -> 2013-01-01 | D13: =AVERAGEIF($C$2:$C$3413,C13,$B$2:$B$3413) -> 8.4594444
... A1509: ='2013-2018'!U1529 -> 43463 | B1509: ='2013-2018'!Y1529 -> 8.96 | C1509: =TEXT(A1509,"yyyy-mm-01") -> 2018-12-01 | D1509: =AVERAGEIF($C$2:$C$3413,C1509,$B$2:$B$3413) -> 9.0063636
A1510: ='2018-2026'!U22 -> 43463 | B1510: ='2018-2026'!Y22 -> 8.96 | C1510: =TEXT(A1510,"yyyy-mm-01") -> 2018-12-01 | D1510: =AVERAGEIF($C$2:$C$3413,C1510,$B$2:$B$3413) -> 9.0063636
A1511: ='2018-2026'!U23 -> 43468 | B1511: ='2018-2026'!Y23 -> 8.86 | C1511: =TEXT(A1511,"yyyy-mm-01") -> 2019-01-01 | D1511: =AVERAGEIF($C$2:$C$3413,C1511,$B$2:$B$3413) -> 8.805
A1512: ='2018-2026'!U24 -> 43469 | B1512: ='2018-2026'!Y24 -> 8.81 | C1512: =TEXT(A1512,"yyyy-mm-01") -> 2019-01-01 | D1512: =AVERAGEIF($C$2:$C$3413,C1512,$B$2:$B$3413) -> 8.805
A1513: ='2018-2026'!U25 -> 43473 | B1513: ='2018-2026'!Y25 -> 8.86 | C1513: =TEXT(A1513,"yyyy-mm-01") -> 2019-01-01 | D1513: =AVERAGEIF($C$2:$C$3413,C1513,$B$2:$B$3413) -> 8.805
A1514: ='2018-2026'!U26 -> 43474 | B1514: ='2018-2026'!Y26 -> 8.87 | C1514: =TEXT(A1514,"yyyy-mm-01") -> 2019-01-01 | D1514: =AVERAGEIF($C$2:$C$3413,C1514,$B$2:$B$3413) -> 8.805
A1515: ='2018-2026'!U27 -> 43475 | B1515: ='2018-2026'!Y27 -> 8.83 | C1515: =TEXT(A1515,"yyyy-mm-01") -> 2019-01-01 | D1515: =AVERAGEIF($C$2:$C$3413,C1515,$B$2:$B$3413) -> 8.805
A1516: ='2018-2026'!U28 -> 43476 | B1516: ='2018-2026'!Y28 -> 8.78 | C1516: =TEXT(A1516,"yyyy-mm-01") -> 2019-01-01 | D1516: =AVERAGEIF($C$2:$C$3413,C1516,$B$2:$B$3413) -> 8.805
A1517: ='2018-2026'!U29 -> 43479 | B1517: ='2018-2026'!Y29 -> 8.79 | C1517: =TEXT(A1517,"yyyy-mm-01") -> 2019-01-01 | D1517: =AVERAGEIF($C$2:$C$3413,C1517,$B$2:$B$3413) -> 8.805
A1518: ='2018-2026'!U30 -> 43480 | B1518: ='2018-2026'!Y30 -> 8.8 | C1518: =TEXT(A1518,"yyyy-mm-01") -> 2019-01-01 | D1518: =AVERAGEIF($C$2:$C$3413,C1518,$B$2:$B$3413) -> 8.805
A1519: ='2018-2026'!U31 -> 43481 | B1519: ='2018-2026'!Y31 -> 8.78 | C1519: =TEXT(A1519,"yyyy-mm-01") -> 2019-01-01 | D1519: =AVERAGEIF($C$2:$C$3413,C1519,$B$2:$B$3413) -> 8.805
A1520: ='2018-2026'!U32 -> 43482 | B1520: ='2018-2026'!Y32 -> 8.78 | C1520: =TEXT(A1520,"yyyy-mm-01") -> 2019-01-01 | D1520: =AVERAGEIF($C$2:$C$3413,C1520,$B$2:$B$3413) -> 8.805
A1521: ='2018-2026'!U33 -> 43483 | B1521: ='2018-2026'!Y33 -> 8.8 | C1521: =TEXT(A1521,"yyyy-mm-01") -> 2019-01-01 | D1521: =AVERAGEIF($C$2:$C$3413,C1521,$B$2:$B$3413) -> 8.805
... A3413: ='2018-2026'!U1925 -> 46241 | B3413: ='2018-2026'!Y1925 -> 15.7 | C3413: =TEXT(A3413,"yyyy-mm-01") -> 2026-08-01 | D3413: =AVERAGEIF($C$2:$C$3413,C3413,$B$2:$B$3413) -> 15.748

Sheet Final Cleaned
A1: date | B1: ru_corp_yield_m
A2: {=_xlfn.UNIQUE(Combined!$C$2:$D$3413)} -> 2013-01-01 | B2: 8.4594444
A3: 2013-02-01 | B3: 8.067
A4: 2013-03-01 | B4: 8.076
A5: 2013-04-01 | B5: 7.9963636
A6: 2013-05-01 | B6: 7.8771429
A7: 2013-06-01 | B7: 8.1036842
A8: 2013-07-01 | B8: 8.0504348
A9: 2013-08-01 | B9: 7.8368182
A10: 2013-09-01 | B10: 7.7947619
A11: 2013-10-01 | B11: 7.6926087
A12: 2013-11-01 | B12: 7.504
A13: 2013-12-01 | B13: 7.7566667
A14: 2014-01-01 | B14: 8.3752632
... A165: 2026-08-01 | B165: 15.748
